time,ax,ay,az
0,-8.137470012244897,-0.0,-0.0
10,-8.137942877205907,-0.08775276451391531,-0.0
20,-8.137469132262252,-0.1755259252414683,-0.0
30,-8.136048172425514,-0.26330926523549336,-0.0
40,-8.133679503022785,-0.35109255211830404,-0.0
50,-8.130362740061933,-0.43886553927071814,-0.0
60,-8.126097610584257,-0.5266179670293964,-0.0
70,-8.120883953004213,-0.6143395638923633,-0.0
80,-8.114721717436208,-0.7020200477325832,-0.0
90,-8.107610966008117,-0.789649127019452,-0.0
100,-8.099551873161417,-0.877216502048065,-0.0
110,-8.090544725937777,-0.9647118661761227,-0.0
120,-8.080589924251864,-1.052124907068317,-0.0
130,-8.06968798115022,-1.1394453079480522,-0.0
140,-8.057839523056055,-1.22666274885635,-0.0
150,-8.045045289999724,-1.3137669079177592,-0.0
160,-8.031306135834795,-1.400747462613133,-0.0
170,-8.01662302843943,-1.4875940910590817,-0.0
180,-8.000997049903019,-1.5742964732939386,-0.0
190,-7.984429396697838,-1.6608442925700695,-0.0
200,-7.9669213798355845,-1.7472272366523334,-0.0
210,-7.948474425008586,-1.833434999122513,-0.0
220,-7.92909007271561,-1.919457280689536,-0.0
230,-7.908769978372028,-2.00528379050528,-0.0
240,-7.8875159124042264,-2.090904247485782,-0.0
250,-7.8653297603280965,-2.176308381637639,-0.0
260,-7.842213522811442,-2.261485935389397,-0.0
270,-7.818169315720206,-2.3464266649277374,-0.0
280,-7.793199370148278,-2.4311203415382217,-0.0
290,-7.767306032430855,-2.515556752950409,-0.0
300,-7.740491764141108,-2.5997257046871005,-0.0
310,-7.712759142070091,-2.683617021417509,-0.0
320,-7.684110858189754,-2.767220548314123,-0.0
330,-7.65454971959886,-2.8505261524130194,-0.0
340,-7.624078648451799,-2.933523723977425,-0.0
350,-7.592700681870062,-3.016203177864257,-0.0
360,-7.560418971836315,-3.0985544548934145,-0.0
370,-7.527236785070955,-3.180567523219594,-0.0
380,-7.493157502891015,-3.262232379706347,-0.0
390,-7.45818462105133,-3.343539051302173,-0.0
400,-7.422321749567866,-3.424477596418366,-0.0
410,-7.385572612523053,-3.5050381063083496,-0.0
420,-7.347941047853122,-3.5852107064482825,-0.0
430,-7.309431007117276,-3.664985557918635,-0.0
440,-7.270046555248628,-3.744352858786483,-0.0
450,-7.229791870286847,-3.8233028454882576,-0.0
460,-7.188671243092404,-3.901825794212674,-0.0
470,-7.146689077042361,-3.979912022283573,-0.0
480,-7.103849887707611,-4.057551889542386,-0.0
490,-7.060158302511531,-4.134735799729957,-0.0
500,-7.015619060369966,-4.211454201867443,-0.0
510,-6.970237011312524,-4.287697591636011,-0.0
520,-6.92401711608504,-4.363456512755003,-0.0
530,-6.876964445733304,-4.438721558358383,-0.0
540,-6.8290841811678735,-4.5134833723690555,-0.0
550,-6.780381612710021,-4.587732650870846,-0.0
560,-6.730862139618751,-4.6614601434778296,-0.0
570,-6.680531269598879,-4.734656654700701,-0.0
580,-6.629394618290109,-4.807313045309896,-0.0
590,-6.577457908737167,-4.879420233695177,-0.0
600,-6.524726970840895,-4.950969197221357,-0.0
610,-6.471207740790377,-5.021950973579897,-0.0
620,-6.416906260476042,-5.092356662136039,-0.0
630,-6.361828676883789,-5.1621774252712065,-0.0
640,-6.305981241470091,-5.231404489720308,-0.0
650,-6.249370309518184,-5.300029147903735,-0.0
660,-6.192002339475259,-5.368042759253642,-0.0
670,-6.13388389227077,-5.435436751534282,-0.0
680,-6.075021630615836,-5.502202622156035,-0.0
690,-6.01542231828382,-5.568331939482873,-0.0
700,-5.955092819372075,-5.633816344132902,-0.0
710,-5.894040097544969,-5.698647550271696,-0.0
720,-5.832271215258209,-5.762817346898132,-0.0
730,-5.769793332964522,-5.826317599122379,-0.0
740,-5.706613708300785,-5.889140249435762,-0.0
750,-5.642739695256656,-5.951277318972179,-0.0
760,-5.578178743324808,-6.012720908760755,-0.0
770,-5.512938396632828,-6.073463200969468,-0.0
780,-5.4470262930568705,-6.133496460139356,-0.0
790,-5.380450163317218,-6.192813034409113,-0.0
800,-5.313217830055746,-6.251405356729632,-0.0
810,-5.245337206895521,-6.309265946068331,-0.0
820,-5.176816297482553,-6.366387408602857,-0.0
830,-5.107663194509874,-6.422762438903885,-0.0
840,-5.037886078724053,-6.478383821106772,-0.0
850,-4.967493217914279,-6.53324443007167,-0.0
860,-4.896492965884144,-6.587337232531872,-0.0
870,-4.824893761406292,-6.640655288230079,-0.0
880,-4.752704127160067,-6.693191751042266,-0.0
890,-4.679932668652301,-6.744939870088888,-0.0
900,-4.606588073121444,-6.79589299083312,-0.0
910,-4.5326791084251665,-6.84604455616584,-0.0
920,-4.458214621911619,-6.895388107477084,-0.0
930,-4.3832035392745246,-6.943917285713649,-0.0
940,-4.307654863392306,-6.991625832422644,-0.0
950,-4.231577673151412,-7.038507590780616,-0.0
960,-4.154981122254038,-7.084556506608028,-0.0
970,-4.077874438010463,-7.129766629368817,-0.0
980,-4.000266920116206,-7.174132113154761,-0.0
990,-3.9221679394141744,-7.217647217654346,-0.0
1000,-3.843586936642084,-7.260306309105955,-0.0
1010,-3.764533421165313,-7.302103861235018,-0.0
1020,-3.6850169696954573,-7.343034456174962,-0.0
1030,-3.6050472249947916,-7.3830927853716295,-0.0
1040,-3.5246338945669016,-7.422273650470982,-0.0
1050,-3.443786749333702,-7.460571964189794,-0.0
1060,-3.362515622299104,-7.49798275116912,-0.0
1070,-3.2808304071995824,-7.534501148810319,-0.0
1080,-3.19874105714189,-7.570122408093342,-0.0
1090,-3.116257583228187,-7.604841894377109,-0.0
1100,-3.0333900531688647,-7.638655088181758,-0.0
1110,-2.9501485898832973,-7.671557585952479,-0.0
1120,-2.8665433700888427,-7.703545100804811,-0.0
1130,-2.78258462287834,-7.734613463251119,-0.0
1140,-2.698282628286386,-7.764758621908058,-0.0
1150,-2.613647715844714,-7.79397664418489,-0.0
1160,-2.528690263126911,-7.822263716952346,-0.0
1170,-2.4434206942828247,-7.849616147191949,-0.0
1180,-2.357849478562922,-7.876030362625552,-0.0
1190,-2.2719871288329183,-7.901502912324926,-0.0
1200,-2.1858442000789795,-7.926030467301236,-0.0
1210,-2.099431287903814,-7.949609821074219,-0.0
1220,-2.0127590270139586,-7.972237890220921,-0.0
1230,-1.925838089698585,-7.9939117149038035,-0.0
1240,-1.8386791843001373,-8.01462845937811,-0.0
1250,-1.7512930536771414,-8.034385412478308,-0.0
1260,-1.6636904736594889,-8.0531799880835,-0.0
1270,-1.5758822514965478,-8.071009725561641,-0.0
1280,-1.487879224298414,-8.087872290192442,-0.0
1290,-1.3996922574706534,-8.103765473568847,-0.0
1300,-1.3113322431428611,-8.118687193976982,-0.0
1310,-1.2228100985913812,-8.132635496754402,-0.0
1320,-1.1341367646565301,-8.145608554626614,-0.0
1330,-1.0453232041546634,-8.157604668021708,-0.0
1340,-0.9563804002854418,-8.168622265363094,-0.0
1350,-0.8673193550346279,-8.178659903340126,-0.0
1360,-0.7781510875727781,-8.187716267156675,-0.0
1370,-0.6888866326501722,-8.195790170757471,-0.0
1380,-0.5995370389883389,-8.202880557032234,-0.0
1390,-0.510113367668524,-8.208986497997463,-0.0
1400,-0.420626690517463,-8.214107194955881,-0.0
1410,-0.3310880884908084,-8.218241978633436,-0.0
1420,-0.24150865005457456,-8.221390309293918,-0.0
1430,-0.15189946956495146,-8.223551776831007,-0.0
1440,-0.062271645646850116,-8.2247261008379,-0.0
1450,0.027363720428463734,-8.224913130654338,-0.0
1460,0.11699552636628822,-8.224112845391138,-0.0
1470,0.20661267047159682,-8.222325353932144,-0.0
1480,0.296204053271983,-8.219550894913656,-0.0
1490,0.3857585791400804,-8.215789836681303,-0.0
1500,0.47526515791509755,-8.211042677224398,-0.0
1510,0.5647127065231091,-8.205310044087755,-0.0
1520,0.6540901505957467,-8.198592694261075,-0.0
1530,0.7433864260869305,-8.190891514045827,-0.0
1540,0.8325904808872843,-8.182207518899775,-0.0
1550,0.9216912764358792,-8.172541853259093,-0.0
1560,1.0106777893289531,-8.161895790338194,-0.0
1570,1.0995390129252456,-8.15027073190732,-0.0
1580,1.188263958947606,-8.137668208047915,-0.0
1590,1.2768416590805134,-8.124089876885913,-0.0
1600,1.365261166563168,-8.109537524302981,-0.0
1610,1.453511557777798,-8.094013063625805,-0.0
1620,1.541581933832844,-8.07751853529353,-0.0
1630,1.6294614221406745,-8.060056106503435,-0.0
1640,1.71713917798949,-8.041628070834971,-0.0
1650,1.8046043861090693,-8.022236847852191,-0.0
1660,1.8918462622300374,-8.00188498268483,-0.0
1670,1.978854054636311,-7.980575145588023,-0.0
1680,2.0656170457103804,-7.958310131480858,-0.0
1690,2.1521245534711184,-7.935092859463889,-0.0
1700,2.2383659331037746,-7.9109263723157355,-0.0
1710,2.324330578481837,-7.885813835968924,-0.0
1720,2.4100079236804395,-7.859758538965117,-0.0
1730,2.4953874444810045,-7.832763891889914,-0.0
1740,2.580458659866794,-7.80483342678733,-0.0
1750,2.66521113350907,-7.775970796554175,-0.0
1760,2.7496344752435533,-7.746179774314485,-0.0
1770,2.833718342536883,-7.715464252774199,-0.0
1780,2.9174524419427623,-7.683828243556221,-0.0
1790,3.0008265305475117,-7.651275876516122,-0.0
1800,3.0838304174047377,-7.617811399038641,-0.0
1810,3.1664539649588095,-7.583439175315168,-0.0
1820,3.248687090456886,-7.5481636856024465,-0.0
1830,3.330519767349201,-7.511989525462719,-0.0
1840,3.411942026677331,-7.474921404985453,-0.0
1850,3.4929439584501765,-7.4369641479909525,-0.0
1860,3.573515713007401,-7.3981226912160425,-0.0
1870,3.6536475023700534,-7.358402083482045,-0.0
1880,3.733329601578115,-7.317807484845284,-0.0
1890,3.812552350014742,-7.2763441657303725,-0.0
1900,3.8913061527169353,-7.2340175060465155,-0.0
1910,3.9695814816723987,-7.190832994287045,-0.0
1920,4.04736887710235,-7.146796226612478,-0.0
1930,4.124658948730075,-7.101912905917329,-0.0
1940,4.201442377034951,-7.056188840880913,-0.0
1950,4.277709914491773,-7.009629945002463,-0.0
1960,4.3534523867951105,-6.96224223562072,-0.0
1970,4.428660694068539,-6.9140318329183765,-0.0
1980,4.503325812058506,-6.865004958911555,-0.0
1990,4.577438793312632,-6.815167936424652,-0.0
2000,4.650990768342272,-6.764527188050766,-0.0
2010,4.723972946769124,-6.713089235098045,-0.0
2020,4.796376618455734,-6.6608606965221995,-0.0
2030,4.8681931546196715,-6.607848287845468,-0.0
2040,4.939414008931258,-6.554058820062335,-0.0
2050,5.010030718594632,-6.4994991985322645,-0.0
2060,5.080034905412039,-6.444176421859777,-0.0
2070,5.149418276831131,-6.388097580762113,-0.0
2080,5.218172626975195,-6.331269856924829,-0.0
2090,5.2862898376561,-6.273700521845561,-0.0
2100,5.353761879369884,-6.215396935666342,-0.0
2110,5.420580812274811,-6.1563665459946675,-0.0
2120,5.486738787151759,-6.096616886713678,-0.0
2130,5.552228046346906,-6.036155576781779,-0.0
2140,5.617040924696446,-5.97499031902189,-0.0
2150,5.6811698504334025,-5.913128898900795,-0.0
2160,5.74460734607629,-5.850579183298727,-0.0
2170,5.8073460292996115,-5.787349119269623,-0.0
2180,5.869378613786085,-5.723446732792295,-0.0
2190,5.930697910060476,-5.6588801275128215,-0.0
2200,5.991296826305021,-5.593657483478504,-0.0
2210,6.05116836915629,-5.527787055863645,-0.0
2220,6.110305644483513,-5.4612771736875265,-0.0
2230,6.168701858148226,-5.394136238524814,-0.0
2240,6.226350316745205,-5.32637272320875,-0.0
2250,6.2832444283246796,-5.257995170527445,-0.0
2260,6.339377703095719,-5.189012191913546,-0.0
2270,6.39474375411079,-5.119432466127598,-0.0
2280,6.4493362979314455,-5.04926473793543,-0.0
2290,6.503149155275098,-4.978517816779832,-0.0
2300,6.556176251642906,-4.907200575446876,-0.0
2310,6.608411617928676,-4.8353219487271275,-0.0
2320,6.659849391008845,-4.7628909320721045,-0.0
2330,6.710483814313503,-4.689916580246265,-0.0
2340,6.760309238378456,-4.616408005974813,-0.0
2350,6.809320121378345,-4.542374378587659,-0.0
2360,6.857511029640808,-4.467824922659772,-0.0
2370,6.904876638141742,-4.392768916648302,-0.0
2380,6.951411730981642,-4.317215691526694,-0.0
2390,6.997111201843074,-4.241174629416134,-0.0
2400,7.041970054429303,-4.164655162214608,-0.0
2410,7.085983402884097,-4.087666770223843,-0.0
2420,7.129146472192788,-4.010218980774469,-0.0
2430,7.171454598564574,-3.9323213668496093,-0.0
2440,7.212903229796207,-3.853983545707294,-0.0
2450,7.253487925616996,-3.7752151775018485,-0.0
2460,7.293204358015315,-3.6960259639046535,-0.0
2470,7.332048311546592,-3.616425646724481,-0.0
2480,7.370015683622885,-3.536424006527713,-0.0
2490,7.407102484784106,-3.456030861258695,-0.0
2500,7.443304838951011,-3.375256064860526,-0.0
2510,7.478618983659951,-3.2941095058965044,-0.0
2520,7.513041270279586,-3.2126011061725466,-0.0
2530,7.5465681642095515,-3.1307408193607955,-0.0
2540,7.57919624506125,-3.0485386296247063,-0.0
2550,7.6109222068208116,-2.9660045502458456,-0.0
2560,7.641742857994348,-2.8831486222526634,-0.0
2570,7.671655121735652,-2.7999809130515048,-0.0
2580,7.700656035956337,-2.716511515060058,-0.0
2590,7.728742753418689,-2.632750544343548,-0.0
2600,7.755912541811201,-2.5487081392538506,-0.0
2610,7.782162783807025,-2.464394459071812,-0.0
2620,7.807490977105389,-2.3798196826529736,-0.0
2630,7.831894734456155,-2.294994007076945,-0.0
2640,7.855371783667647,-2.209927646300659,-0.0
2650,7.8779199675978475,-2.1246308298157057,-0.0
2660,7.899537244129139,-2.0391138013099814,-0.0
2670,7.920221686126729,-1.95338681733387,-0.0
2680,7.9399714813808755,-1.8674601459711495,-0.0
2690,7.958784932533107,-1.7813440655148536,-0.0
2700,7.976660456986518,-1.6950488631482636,-0.0
2710,7.99359658680038,-1.6085848336312618,-0.0
2720,8.009591968569136,-1.5219622779922086,-0.0
2730,8.024645363286012,-1.4351915022255666,-0.0
2740,8.038755646191351,-1.3482828159954325,-0.0
2750,8.051921806605845,-1.261246531345176,-0.0
2760,8.064142947748861,-1.1740929614133626,-0.0
2770,8.075418286541995,-1.0868324191561316,-0.0
2780,8.085747153398005,-0.9994752160762045,-0.0
2790,8.095128991995358,-0.9120316609586901,-0.0
2800,8.1035633590385,-0.8245120586138535,-0.0
2810,8.111049924004053,-0.7369267086269997,-0.0
2820,8.11758846887311,-0.6492859041156392,-0.0
2830,8.123178887849804,-0.5615999304940761,-0.0
2840,8.12782118706633,-0.4738790642455739,-0.0
2850,8.131515484274596,-0.38613357170223817,-0.0
2860,8.134262008524688,-0.2983737078327549,-0.0
2870,8.136061099830345,-0.21060971503812476,-0.0
2880,8.136913208821586,-0.12285182195551754,-0.0
2890,8.13681889638473,-0.035110242270378685,-0.0
2900,8.135778833289928,0.05260482646309116,-0.0
2910,8.133793799806483,0.14028320399296387,-0.0
2920,8.13086468530603,0.22791472853200434,-0.0
2930,8.12699248785388,0.315489257911373,-0.0
2940,8.122178313788627,0.4029966707255033,-0.0
2950,8.116423377290229,0.49042686746804987,-0.0
2960,8.109728999936829,0.5777697716588132,-0.0
2970,8.10209661025035,0.6650153309615388,-0.0
2980,8.093527743231204,0.7521535182925053,-0.0
2990,8.084024039882221,0.8391743329198139,-0.0
3000,8.073587246722019,0.9260678015532934,-0.0
3010,8.06221921528797,1.0128239794249423,-0.0
3020,8.049921901629016,1.0994329513598367,-0.0
3030,8.036697365788436,1.1858848328374232,-0.0
3040,8.022547771276855,1.2721697710431419,-0.0
3050,8.007475384535576,1.3582779459103012,-0.0
3060,7.991482574390504,1.4441995711521547,-0.0
3070,7.974571811496845,1.529924895284122,-0.0
3080,7.956745667774678,1.6154442026360902,-0.0
3090,7.938006815835724,1.7007478143547643,-0.0
3100,7.918358028401384,1.785826089396004,-0.0
3110,7.897802177712291,1.8706694255071155,-0.0
3120,7.87634223492953,1.9552682601990534,-0.0
3130,7.853981269527729,2.039613071708501,-0.0
3140,7.830722448680221,2.1236943799497965,-0.0
3150,7.8065690366363745,2.207502747456673,-0.0
3160,7.781524394091391,2.2910287803137894,-0.0
3170,7.755591977548677,2.3742631290780403,-0.0
3180,7.728775338674942,2.457196489689598,-0.0
3190,7.701078123648297,2.5398196043727124,-0.0
3200,7.672504072499427,2.6221232625262108,-0.0
3210,7.64305701844608,2.7040983016037314,-0.0
3220,7.612740887221013,2.7857356079836504,-0.0
3230,7.5815596963935645,2.867026117828722,-0.0
3240,7.549517554685047,2.947960817935414,-0.0
3250,7.516618661278106,3.028530746572955,-0.0
3260,7.482867305120223,3.1087269943120948,-0.0
3270,7.448267864221511,3.1885407048435797,-0.0
3280,7.412824804947006,3.267963075786365,-0.0
3290,7.376542681303543,3.3469853594855614,-0.0
3300,7.33942613422148,3.425598863800157,-0.0
3310,7.301479890831307,3.5037949528805035,-0.0
3320,7.262708763735418,3.58156504793562,-0.0
3330,7.223117650275079,3.658900627990296,-0.0
3340,7.182711531792861,3.735793230632074,-0.0
3350,7.141495472890609,3.812234452748099,-0.0
3360,7.09947462068309,3.8882159512518575,-0.0
3370,7.056654204047553,3.9637294437999,-0.0
3380,7.013039532869236,4.038766709498502,-0.0
3390,6.968635997283049,4.113319589600368,-0.0
3400,6.923449066911495,4.187379988191367,-0.0
3410,6.877484290099064,4.260939872867384,-0.0
3420,6.830747293143123,4.333991275401295,-0.0
3430,6.7832437795215235,4.406526292400127,-0.0
3440,6.7349795291170285,4.478537085952458,-0.0
3450,6.685960397438661,4.550015884266083,-0.0
3460,6.636192314840156,4.620954982296014,-0.0
3470,6.585681285735573,4.69134674236286,-0.0
3480,6.534433387812271,4.761183594761649,-0.0
3490,6.482454771241273,4.830458038361115,-0.0
3500,6.429751657885226,4.899162641193562,-0.0
3510,6.3763303405040155,4.9672900410353025,-0.0
3520,6.322197181958158,5.034832945977778,-0.0
3530,6.267358614410088,5.1017841349893756,-0.0
3540,6.2118211385234705,5.168136458468072,-0.0
3550,6.1555913226605865,5.233882838784872,-0.0
3560,6.098675802077939,5.299016270818187,-0.0
3570,6.0410812781201875,5.363529822479184,-0.0
3580,5.9828145174124785,5.427416635228173,-0.0
3590,5.923882351051278,5.490669924582098,-0.0
3600,5.8642916737937965,5.5532829806131865,-0.0
3610,5.804049443246138,5.615249168438888,-0.0
3620,5.743162679050193,5.676561928703071,-0.0
3630,5.681638462069405,5.737214778048629,-0.0
3640,5.619483933573503,5.797201309581525,-0.0
3650,5.556706294422243,5.856515193326375,-0.0
3660,5.493312804248278,5.915150176673601,-0.0
3670,5.429310780639209,5.973100084818265,-0.0
3680,5.3647075983188905,6.030358821190635,-0.0
3690,5.299510688328089,6.086920367878569,-0.0
3700,5.233727537204515,6.142778786041742,-0.0
3710,5.167365686162375,6.197928216317899,-0.0
3720,5.1004327302714065,6.252362879221066,-0.0
3730,5.032936317635549,6.306077075531904,-0.0
3740,4.964884148571262,6.35906518668022,-0.0
3750,4.89628397478557,6.411321675119745,-0.0
3760,4.827143598553866,6.4628410846951985,-0.0
3770,4.757470871897571,6.513618041001795,-0.0
3780,4.687273695761636,6.563647251737175,-0.0
3790,4.616560019192014,6.612923507045909,-0.0
3800,4.545337838513079,6.661441679856595,-0.0
3810,4.473615196505085,6.70919672621166,-0.0
3820,4.401400181581675,6.7561836855899005,-0.0
3830,4.3287009269675085,6.8023976812218745,-0.0
3840,4.255525609876025,6.847833920398178,-0.0
3850,4.181882450687392,6.892487694770701,-0.0
3860,4.10777971212666,6.93635438064693,-0.0
3870,4.033225698442181,6.979429439277368,-0.0
3880,3.958228754584296,7.021708417136129,-0.0
3890,3.882797265384317,7.063186946194773,-0.0
3900,3.806939654733859,7.103860744189486,-0.0
3910,3.730664384764527,7.1437256148816335,-0.0
3920,3.65397995502798,7.182777448311766,-0.0
3930,3.576894901676388,7.221012221047146,-0.0
3940,3.4994177966433258,7.258425996422852,-0.0
3950,3.42155724682509,7.295014924776548,-0.0
3960,3.343321893262476,7.330775243676956,-0.0
3970,3.2647204103230147,7.365703278146083,-0.0
3980,3.1857615048836956,7.399795440875308,-0.0
3990,3.106453915514176,7.433048232435368,-0.0
4000,3.0268064116604756,7.465458241480258,-0.0
4010,2.9468277928292004,7.497022144945203,-0.0
4020,2.8665268877722445,7.527736708238634,-0.0
4030,2.7859125536720324,7.557598785428337,-0.0
4040,2.704993675327266,7.58660531942178,-0.0
4050,2.6237791643391835,7.614753342140627,-0.0
4060,2.542277958298344,7.64203997468959,-0.0
4070,2.460499019971925,7.6684624275196,-0.0
4080,2.378451336491524,7.694018000585341,-0.0
4090,2.2961439185414747,7.718704083497252,-0.0
4100,2.2135857995476615,7.74251815566798,-0.0
4110,2.1307860348668286,7.765457786453394,-0.0
4120,2.0477537009763696,7.787520635288124,-0.0
4130,1.9644978946646083,7.808704451815771,-0.0
4140,1.8810277322215214,7.829007076013702,-0.0
4150,1.7973523486299405,7.848426438312609,-0.0
4160,1.7134808967571773,7.866960559710753,-0.0
4170,1.6294225465470846,7.884607551882986,-0.0
4180,1.5451864842125316,7.9013656172846085,-0.0
4190,1.4607819114282758,7.917233049250029,-0.0
4200,1.3762180445242123,7.932208232086308,-0.0
4210,1.291504113678993,7.9462896411616,-0.0
4220,1.2066493621139895,7.959475842988543,-0.0
4230,1.1216630452875869,7.97176549530259,-0.0
4240,1.0365544300897798,7.983157347135318,-0.0
4250,0.9513327940370603,7.9936502388827595,-0.0
4260,0.8660074244675764,8.003243102368764,-0.0
4270,0.780587617736532,8.011934960903417,-0.0
4280,0.6950826784118112,8.019724929336485,-0.0
4290,0.6095019184698094,8.026612214106024,-0.0
4300,0.5238546564914394,8.03259611328201,-0.0
4310,0.4381502168582983,8.037676016605175,-0.0
4320,0.3523979289489633,8.041851405520893,-0.0
4330,0.26660712633539896,8.045121853208235,-0.0
4340,0.18078714597945028,8.047487024604198,-0.0
4350,0.0949473274293969,8.048946676423082,-0.0
4360,0.009097012016542554,8.049500657170988,-0.0
4370,-0.07675445794818134,8.049148907155537,-0.0
4380,-0.16259773997762525,8.047891458490735,-0.0
4390,-0.24842349221186766,8.04572843509699,-0.0
4400,-0.33422237422172274,8.04266005269633,-0.0
4410,-0.4199850478123342,8.038686618802759,-0.0
4420,-0.5057021778268793,8.033808532707786,-0.0
4430,-0.5913644329504075,8.028026285461094,-0.0
4440,-0.6769624865138392,8.021340459846364,-0.0
4450,-0.7624870172981447,8.013751730352233,-0.0
4460,-0.8479287103387334,8.005260863138373,-0.0
4470,-0.9332782577300682,7.995868715996654,-0.0
4480,-1.0185263594305367,7.985576238307456,-0.0
4490,-1.103663724067594,7.974384470991003,-0.0
4500,-1.188681069743206,7.96229454645378,-0.0
4510,-1.2735691248396086,7.949307688529984,-0.0
4520,-1.3583186288254079,7.935425212417995,-0.0
4530,-1.4429203330620406,7.92064852461182,-0.0
4540,-1.5273650016106142,7.904979122827532,-0.0
4550,-1.6116434120391494,7.8884185959246444,-0.0
4560,-1.6957463562302302,7.870968623822348,-0.0
4570,-1.779664641189104,7.8526309774107075,-0.0
4580,-1.8633890898522205,7.833407518456649,-0.0
4590,-1.9469105418962476,7.8133001995047815,-0.0
4600,-2.030219854547564,7.792311063773004,-0.0
4610,-2.1133079033922524,7.77044224504285,-0.0
4620,-2.1961655831866094,7.747695967544554,-0.0
4630,-2.27878380866816,7.7240745458367455,-0.0
4640,-2.3611535153672265,7.699580384680815,-0.0
4650,-2.4432656604190357,7.6742159789098645,-0.0
4660,-2.5251112233763684,7.647983913292138,-0.0
4670,-2.6066812070227807,7.620886862389019,-0.0
4680,-2.6879666381863894,7.592927590407428,-0.0
4690,-2.768958568554233,7.5641089510466495,-0.0
4700,-2.8496480754872002,7.53443388733949,-0.0
4710,-2.930026262835551,7.503905431487752,-0.0
4720,-3.0100842617550008,7.472526704691933,-0.0
4730,-3.0898132315234097,7.440300916975154,-0.0
4740,-3.1692043603580204,7.407231367001193,-0.0
4750,-3.248248866233301,7.373321441886636,-0.0
4760,-3.326937997699335,7.338574617007024,-0.0
4770,-3.405263034700792,7.302994455796984,-0.0
4780,-3.483215289396455,7.266584609544302,-0.0
4790,-3.560786106979281,7.229348817177785,-0.0
4800,-3.637966866497019,7.191290905048958,-0.0
4810,-3.7147489816733383,7.152414786707483,-0.0
4820,-3.7911239017294736,7.112724462670235,-0.0
4830,-3.867083112206358,7.0722240201839615,-0.0
4840,-3.942618135787242,7.030917632981525,-0.0
4850,-4.017720533120754,6.988809561031558,-0.0
4860,-4.092381903644416,6.945904150281573,-0.0
4870,-4.166593886408548,6.9022058323943645,-0.0
4880,-4.240348160900564,6.8577191244777005,-0.0
4890,-4.313636447869645,6.8124486288072195,-0.0
4900,-4.386450510151716,6.766399032542433,-0.0
4910,-4.458782153494736,6.719575107435813,-0.0
4920,-4.530623227384243,6.671981709534842,-0.0
4930,-4.601965625869136,6.623623778876998,-0.0
4940,-4.6728012883876415,6.574506339177579,-0.0
4950,-4.7431222005934375,6.524634497510291,-0.0
4960,-4.812920395181889,6.474013443980559,-0.0
4970,-4.882187952716335,6.422648451391437,-0.0
4980,-4.950917002454417,6.370544874902084,-0.0
4990,-5.019099723174366,6.317708151678738,-0.0
5000,-5.086728344001222,6.264143800538066,-0.0
5010,-5.153795145232908,6.2098574215828695,-0.0
5020,-5.22029245916612,6.1548546958300205,-0.0
5030,-5.286212670922002,6.0991413848306335,-0.0
5040,-5.3515482192714785,6.042723330282291,-0.0
5050,-5.416291597460248,5.985606453633336,-0.0
5060,-5.48043535403335,5.927796755679139,-0.0
5070,-5.543972093659217,5.869300316150201,-0.0
5080,-5.606894477953191,5.8101232932921505,-0.0
5090,-5.669195226300394,5.750271923437412,-0.0
5100,-5.7308671166778655,5.689752520568566,-0.0
5110,-5.791902986475977,5.628571475873339,-0.0
5120,-5.85229573331893,5.566735257291058,-0.0
5130,-5.91203831588434,5.504250409050613,-0.0
5140,-5.97112375472178,5.441123551199749,-0.0
5150,-6.029545133070244,5.3773613791257215,-0.0
5160,-6.087295597674373,5.312970663067148,-0.0
5170,-6.144368359599426,5.247958247617051,-0.0
5180,-6.200756695044856,5.182331051217001,-0.0
5190,-6.256453946156423,5.116096065642302,-0.0
5200,-6.311453521836708,5.049260355478114,-0.0
5210,-6.365748898553999,4.981831057586523,-0.0
5220,-6.4193336211493675,4.913815380564409,-0.0
5230,-6.472201303641881,4.845220604192109,-0.0
5240,-6.524345630031823,4.776054078872776,-0.0
5250,-6.575760355101845,4.706323225062399,-0.0
5260,-6.626439305215863,4.636035532690399,-0.0
5270,-6.676376379115691,4.565198560570764,-0.0
5280,-6.725565548715202,4.493819935803646,-0.0
5290,-6.774000859891938,4.421907353167381,-0.0
5300,-6.821676433276067,4.34946857450086,-0.0
5310,-6.868586465036511,4.276511428076214,-0.0
5320,-6.914725227664173,4.203043807961746,-0.0
5330,-6.960087070752089,4.129073673375067,-0.0
5340,-7.004666421772436,4.054609048026399,-0.0
5350,-7.048457786850176,3.979658019451976,-0.0
5360,-7.091455751533284,3.904228738337504,-0.0
5370,-7.133654981559391,3.8283294178316596,-0.0
5380,-7.175050223618676,3.75196833284955,-0.0
5390,-7.2156363061129145,3.6751538193661246,-0.0
5400,-0.32393146949056906,17.55734673852433,0.0
5410,-0.5111100780187261,17.55027728371229,0.0
5420,-0.6958903192917321,17.5381390446946,0.0
5430,-0.8781899491539544,17.521022282158206,0.0
5440,-1.0579173276027944,17.4990126933994,0.0
5450,-1.2349714381595414,17.47219269012983,0.0
5460,-1.4092419766213338,17.440642648901882,0.0
5470,-7.5239086233343055,2.9964971872825568,-0.0
5480,-7.558482283183672,2.903208379553106,-0.0
5490,-7.591352714738519,2.8093471771050353,-0.0
5500,-7.62250789488729,2.7149551317045684,-0.0
5510,-7.6519371242961505,2.6200741147370317,-0.0
5520,-7.679631036614253,2.5247462665740863,-0.0
5530,-7.705581605369876,2.4290139456579665,-0.0
5540,-7.729782148551509,2.332919677422494,-0.0
5550,-7.752227330874745,2.2365061031704636,-0.0
5560,-7.772913163743106,2.1398159290263834,-0.0
5570,-7.791837002917694,2.042891875082531,-0.0
5580,-7.808997543917427,1.9457766248547326,-0.0
5590,-7.824394815178275,1.8485127751624035,-0.0
5600,-7.838030169006419,1.751142786544979,-0.0
5610,-7.849906270366577,1.6537089343241667,-0.0
5620,-7.860027083552663,1.55625326041826,-0.0
5630,-7.868397856794008,1.4588175260113148,-0.0
5640,-7.875025104855555,1.3614431651760703,-0.0
5650,-7.879916589696049,1.2641712395454239,-0.0
5660,-7.8830812992527735,1.1670423941227128,-0.0
5670,-7.884529424426252,1.070096814316417,-0.0
5680,-7.884272334342361,0.9733741842798607,-0.0
5690,-7.88232254997323,0.8769136466313509,-0.0
5700,-7.8786937162017585,0.7807537636247907,-0.0
5710,-7.873400572417697,0.6849324798353004,-0.0
5720,-7.866458921735836,0.5894870864187035,-0.0
5730,-7.857885598929331,0.4944541869979918,-0.0
5740,-7.847698437172918,0.3998696652240495,-0.0
5750,-7.83591623369239,0.3057686540520473,-0.0
5760,-7.8225587144178395,0.2121855067690348,-0.0
5770,-7.807646497738889,0.11915376980238493,-0.0
5780,-7.7912010574604205,0.026706157332906332,-0.0
5790,-7.773244685057488,-0.0651254722693221,-0.0
5800,-7.753800451327536,-0.1563101381740321,-0.0
5810,-7.732892167537469,-0.24681775697796648,-0.0
5820,-7.710544346162038,-0.33661916074884585,-0.0
5830,-7.686782161308546,-0.4256861132300315,-0.0
5840,-7.661631408921463,-0.51399132421494,-0.0
5850,-7.635118466858279,-0.601508462105181,-0.0
5860,-7.607270254925965,-0.6882121646711284,-0.0
5870,-7.578114194964805,-0.7740780480381352,-0.0
5880,-7.547678171063736,-0.8590827139258829,-0.0
5890,-7.5159904899884635,-0.943203755172407,-0.0
5900,-7.483079841900454,-1.0264197595781173,-0.0
5910,-7.448975261441717,-1.108710312108682,-0.0
5920,-7.413706089256914,-1.1900559954989172,-0.0
5930,-7.377301934020769,-1.2704383893028413,-0.0
5940,-7.3397926350351135,-1.3498400674377922,-0.0
5950,-7.301208225456263,-1.428244594272995,-0.0
5960,-7.261578896209564,-1.5056365193151768,-0.0
5970,-7.220934960644158,-1.5820013705457718,-0.0
5980,-7.179306819977138,-1.6573256464659514,-0.0
5990,-7.136724929572441,-1.731596806907141,-0.0
6000,-7.093219766095873,-1.8048032626658654,-0.0
6010,-7.048821795583879,-1.876934364022686,-0.0
6020,-7.003561442459884,-1.9479803882057196,-0.0
6030,-6.957469059528141,-2.017932525859643,-0.0
6040,-6.910574898971458,-2.0867828665813786,-0.0
6050,-6.862909084375485,-2.154524383583668,-0.0
6060,-6.814501583798667,-2.221150917547555,-0.0
6070,-6.765382183903613,-2.2866571597244865,-0.0
6080,-6.715580465162123,-2.351038634348131,-0.0
6090,-6.665125778143129,-2.4142916804153804,-0.0
6100,-6.614047220889401,-2.476413432895065,-0.0
6110,-6.562373617386139,-2.5374018034219485,-0.0
6120,-6.510133497121514,-2.597255460532388,-0.0
6130,-6.457355075736663,-2.6559738094967895,-0.0
6140,-6.404066236759903,-2.713556971802606,-0.0
6150,-6.35029451441766,-2.770005764340137,-0.0
6160,-6.29606707751208,-2.8253216783417905,-0.0
6170,-6.2414107143534,-2.8795068581238756,-0.0
6180,-6.186351818732915,-2.9325640796782073,-0.0
6190,-6.130916376920638,-2.9844967291590714,-0.0
6200,-6.075129955669971,-3.0353087813092383,-0.0
6210,-6.01901769121016,-3.0850047778668865,-0.0
6220,-5.962604279205819,-3.1335898059933647,-0.0
6230,-5.9059139656615045,-3.181069476759821,-0.0
6240,-5.84897053874821,-3.22744990372882,-0.0
6250,-5.7917973215274925,-3.272737681665088,-0.0
6260,-5.734417165548119,-3.3169398654076385,-0.0
6270,-5.6768524452893105,-3.3600639489336093,-0.0
6280,-5.619125053423906,-3.402117844642178,-0.0
6290,-5.561256396874308,-3.44310986288513,-0.0
6300,-5.503267393633558,-3.4830486917687233,-0.0
6310,-5.445178470323501,-3.521943377249675,-0.0
6320,-5.387009560461861,-3.5598033035463685,-0.0
6330,-5.328780103409718,-3.5966381738845272,-0.0
6340,-5.270509043971003,-3.6324579915950044,-0.0
6350,-5.212214832615424,-3.6672730415795805,-0.0
6360,-5.153915426296501,-3.701093872159123,-0.0
6370,-5.095628289836465,-3.7339312773168736,-0.0
6380,-5.037370397849982,-3.765796279348114,-0.0
6390,-4.979158237179035,-3.7967001119260497,-0.0
6400,-4.9210078098115435,-3.82665420359232,-0.0
6410,-4.862934636256798,-3.8556701616792233,-0.0
6420,-4.804953759351186,-3.883759756669513,-0.0
6430,-4.747079748468139,-3.9109349069983024,-0.0
6440,-4.689326704106882,-3.9372076643005838,-0.0
6450,-4.631708262834985,-3.962590199106665,-0.0
6460,-4.574237602560455,-3.9870947869868605,-0.0
6470,-4.516927448109621,-4.010733795145739,-0.0
6480,-4.459790077087765,-4.033519669465342,-0.0
6490,-4.402837326000137,-4.055464921995906,-0.0
6500,-4.346080596611641,-4.076582118891821,-0.0
6510,-4.28953086252416,-4.096883868789754,-0.0
6520,-4.2331986759512965,-4.116382811625261,-0.0
6530,-4.177094174670856,-4.1350916078834254,-0.0
6540,-4.121227089136298,-4.153022928278588,-0.0
6550,-4.065606749728978,-4.170189443857594,-0.0
6560,-4.010242094133757,-4.1866038165205,-0.0
6570,-3.9551416748213124,-4.20227868995224,-0.0
6580,-3.9003136666211544,-4.217226680958309,-0.0
6590,-3.845765874370094,-4.231460371197178,-0.0
6600,-3.7915057406215618,-4.2449922993017495,-0.0
6610,-3.7375403534019607,-4.25783495338199,-0.0
6620,-3.6838764540008038,-4.270000763900462,-0.0
6630,-3.630520444782164,-4.2815020969124,-0.0
6640,-3.5774783970055477,-4.292351247661678,-0.0
6650,-3.5247560586449733,-4.3025604345238975,-0.0
6660,-3.472358862195685,-4.312141793287711,-0.0
6670,-3.420291932458518,-4.321107371765364,-0.0
6680,-3.3685600942925333,-4.329469124723371,-0.0
6690,-3.3171678803271285,-4.337238909124189,-0.0
6700,-3.266119538625406,-4.344428479669761,-0.0
6710,-3.215419040291107,-4.351049484637715,-0.0
6720,-3.1650700870119475,-4.357113462001106,-0.0
6730,-3.1150761185327305,-4.36263183582257,-0.0
6740,-3.0654403200520766,-4.367615912913827,-0.0
6750,-3.0161656295371007,-4.372076879751525,-0.0
6760,-2.967254744950822,-4.376025799640526,-0.0
6770,-2.9187101313875194,-4.379473610115783,-0.0
6780,-2.870534028111701,-4.382431120574131,-0.0
6790,-2.8227284554967076,-4.384909010127349,-0.0
6800,-2.775295221859428,-4.386917825668093,-0.0
6810,-2.7282359301878687,-4.388467980140268,-0.0
6820,-2.6815519847588223,-4.389569751005789,-0.0
6830,-2.6352445976430507,-4.390233278899581,-0.0
6840,-2.589314795095842,-4.390468566465021,-0.0
6850,-2.5437634238310523,-4.390285477362087,-0.0
6860,-2.4985911571770365,-4.389693735440715,-0.0
6870,-2.4537985011131407,-4.388702924071936,-0.0
6880,-2.409385800185707,-4.387322485629685,-0.0
6890,-2.3653532433027746,-4.3855617211162405,-0.0
6900,-2.3217008694068744,-4.383429789924473,-0.0
6910,-2.2784285730255642,-4.380935709730278,-0.0
6920,-2.235536109699517,-4.3780883565087185,-0.0
6930,-2.193023101288217,-4.374896464667649,-0.0
6940,-2.1508890411534254,-4.371368627292674,-0.0
6950,-2.109133299220826,-4.3675132964976155,-0.0
6960,-2.0677551269203422,-4.363338783874695,-0.0
6970,-2.0267536620058184,-4.358853261038953,-0.0
6980,-1.986127933254863,-4.35406476026154,-0.0
6990,-1.945876865049771,-4.348981175186666,-0.0
7000,-1.9059992818405966,-4.343610261627266,-0.0
7010,-1.866493912491491,-4.337959638434496,-0.0
7020,-1.8273593945115911,-4.332036788436487,-0.0
7030,-1.788594278171758,-4.325849059441769,-0.0
7040,-1.7501970305086068,-4.31940366530314,-0.0
7050,-1.7121660392173077,-4.312707687037777,-0.0
7060,-1.6744996164347175,-4.305768073999603,-0.0
7070,-1.6371960024144496,-4.298591645100069,-0.0
7080,-1.6002533690955607,-4.291185090073687,-0.0
7090,-1.5636698235665607,-4.283554970784739,-0.0
7100,-1.5274434114265019,-4.275707722571815,-0.0
7110,-1.4915721200449445,-4.267649655626905,-0.0
7120,-1.456053881722608,-4.259386956405946,-0.0
7130,-1.420886576754561,-4.250925689067841,-0.0
7140,-1.3860680363978226,-4.24227179693915,-0.0
7150,-1.3515960457452398,-4.233431104001671,-0.0
7160,-1.3174683465075556,-4.22440931640038,-0.0
7170,-1.2836826397055598,-4.215212023969241,-0.0
7180,-1.250236588274235,-4.205844701772522,-0.0
7190,-1.2171278195808073,-4.1963127116594,-0.0
7200,-1.1843539278586135,-4.186621303829714,-0.0
7210,-1.1519124765586857,-4.1767756184088425,-0.0
7220,-1.1198010006209533,-4.1667806870297825,-0.0
7230,-1.08801700866695,-4.156641434420627,-0.0
7240,-1.0565579851159024,-4.1463626799956765,-0.0
7250,-1.0254213922260675,-4.135949139448604,-0.0
7260,-0.9946046720631568,-4.125405426346071,-0.0
7270,-0.9641052483976892,-4.114736053720391,-0.0
7280,-0.9339205285330708,-4.103945435659814,-0.0
7290,-0.9040479050662018,-4.093037888895162,-0.0
7300,-0.8744847575823744,-4.082017634381604,-0.0
7310,-0.8452284542862067,-4.070888798874393,-0.0
7320,-0.8162763535703366,-4.059655416497524,-0.0
7330,-0.787625805523562,-4.048321430304246,-0.0
7340,-0.759274153380117,-4.036890693828579,-0.0
7350,-0.7312187349117002,-4.025366972626838,-0.0
7360,-0.7034568837638986,-4.013753945808449,-0.0
7370,-0.6759859307385726,-4.002055207555223,-0.0
7380,-0.6488032050237726,-3.99027426862839,-0.0
7390,-0.6219060353727178,-3.978414557862768,-0.0
7400,-0.5952917512333342,-3.9664794236474252,-0.0
7410,-0.5689576838298243,-3.9544721353922725,-0.0
7420,-0.5429011671977154,-3.9423958849801095,-0.0
7430,-0.5171195391737929,-3.93025378820361,-0.0
7440,-0.49161014234230566,-3.9180488861868463,-0.0
7450,-0.46637032493879443,-3.905784146790947,-0.0
7460,-0.4413974417128686,-3.8934624660035526,-0.0
7470,-0.41668885475122003,-3.88108666931172,-0.0
7480,-0.3922419342621459,-3.8686595130580472,-0.0
7490,-0.3680540593228061,-3.8561836857797065,-0.0
7500,-0.344122618590428,-3.8436618095302153,-0.0
7510,-0.32044501097863093,-3.8310964411837434,-0.0
7520,-0.297018646300018,-3.818490073721755,-0.0
7530,-0.2738409458761573,-3.805845137501925,-0.0
7540,-0.2509093431160412,-3.793164001509148,-0.0
7550,-0.228221284064087,-3.7804489745885848,-0.0
7560,-0.2057742279187176,-3.767702306660687,-0.0
7570,-0.18356564752252696,-3.7549261899181365,-0.0
7580,-0.16159302982501556,-3.7421227600046656,-0.0
7590,-0.1398538763188521,-3.729294097175815,-0.0
7600,-0.1183457034505882,-3.7164422274415316,-0.0
7610,-0.09706604300673481,-3.703569123690756,-0.0
7620,-0.07601244247607716,-3.6906767067979356,-0.0
7630,-0.055182465389084834,-3.6777668467116045,-0.0
7640,-0.03457369163524708,-3.6648413635250296,-0.0
7650,-0.014183717759141708,-3.6519020285290726,-0.0
7660,0.005989842763979006,-3.63895056524731,-0.0
7670,0.025949359272323582,-3.625988650453556,-0.0
7680,0.045697183680678585,-3.6130179151718766,-0.0
7690,0.06523565026179032,-3.6000399456592334,-0.0
7700,0.0845670754453152,-3.5870562843709046,-0.0
7710,0.10369375763366273,-3.574068430908791,-0.0
7720,0.12261797703407769,-3.5610778429528125,-0.0
7730,0.14134199550632479,-3.548085937175488,-0.0
7740,0.15986805642536203,-3.535094090139917,-0.0
7750,0.17819838455840453,-3.52210363918129,-0.0
7760,0.19633518595580368,-3.5091158832721625,-0.0
7770,0.21428064785517803,-3.4961320838715806,-0.0
7780,0.23203693859825866,-3.4831534657583485,-0.0
7790,0.2496062075599183,-3.470181217848523,-0.0
7800,0.2669905850888825,-3.4572164939974206,-0.0
7810,0.28419218245962624,-3.444260413786258,-0.0
7820,0.30121309183498257,-3.431314063293665,-0.0
7830,0.3180553862390027,-3.4183784958522523,-0.0
7840,0.3347211195396232,-3.4054547327904503,-0.0
7850,0.35121232644070677,-3.3925437641597918,-0.0
7860,0.36753102248304687,-3.379646549447891,-0.0
7870,0.38367920405392686,-3.3667640182772733,-0.0
7880,0.3996588484048495,-3.353897071090294,-0.0
7890,0.415471913677062,-3.341046579820353,-0.0
7900,0.43112033893451096,-3.3282133885495933,-0.0
7910,0.4466060442038798,-3.3153983141533114,-0.0
7920,0.46193093052136824,-3.302602146931264,-0.0
7930,0.4770968799858907,-3.2898256512261086,-0.0
7940,0.49210575581837634,-3.277069566029157,-0.0
7950,0.5069594024268675,-3.2643346055736586,-0.0
7960,0.5216596454771243,-3.2516214599158193,-0.0
7970,0.5362082919684514,-3.238930795503762,-0.0
7980,0.5506071303144772,-3.2262632557346214,-0.0
7990,0.5648579304286169,-3.2136194614999822,-0.0
8000,0.5789624438139769,-3.2010000117198727,-0.0
8010,0.5929224036574441,-3.188405483865481,-0.0
8020,0.6067395249277318,-3.175836434470816,-0.0
8030,0.6204155044771617,-3.163293399633525,-0.0
8040,0.6339520211469484,-3.150776895504996,-0.0
8050,0.6473507358757931,-3.1382874187700245,-0.0
8060,0.6606132918115741,-3.125825447116161,-0.0
8070,0.6737413144259458,-3.113391439692969,-0.0
8080,0.6867364116316551,-3.1009858375613715,-0.0
8090,0.6996001739023987,-3.0886090641332484,-0.0
8100,0.7123341743950469,-3.0762615256015056,-0.0
8110,0.7249399690740694,-3.063943611360755,-0.0
8120,0.7374190968380023,-3.051655694418816,-0.0
8130,0.7497730796478029,-3.039398131799185,-0.0
8140,0.7620034226569485,-3.0271712649346787,-0.0
8150,0.7741116143431311,-3.014975420052377,-0.0
8160,0.7860991266414216,-3.0028109085500865,-0.0
8170,0.7979674150787649,-2.9906780273644396,-0.0
8180,0.8097179189096869,-2.9785770593308345,-0.0
8190,0.821352061253092,-2.9665082735353483,-0.0
8200,0.832871249230034,-2.954471925658793,-0.0
8210,0.8442768741023552,-2.9424682583130735,-0.0
8220,0.8555703114120858,-2.930497501369998,-0.0
8230,0.8667529211215032,-2.9185598722826884,-0.0
8240,0.8778260477537516,-2.906655576399742,-0.0
8250,0.8887910205339417,-2.894784807272309,-0.0
8260,0.8996491535306201,-2.882947746954184,-0.0
8270,0.9104017457975514,-2.871144566295112,-0.0
8280,0.921050081515709,-2.8593754252274035,-0.0
8290,0.9315954301354096,-2.847640473046013,-0.0
8300,0.9420390465185186,-2.835939848682226,-0.0
8310,0.9523821710806483,-2.824273680971056,-0.0
8320,0.9626260299332918,-2.8126420889125234,-0.0
8330,0.9727718350258187,-2.801045181926901,-0.0
8340,0.9828207842872818,-2.7894830601040908,-0.0
8350,0.9927740617679726,-2.777955814447231,-0.0
8360,1.0026328377806653,-2.766463527110654,-0.0
8370,1.0123982690415068,-2.7550062716323303,-0.0
8380,1.0220714988105,-2.7435841131609098,-0.0
8390,1.0316536570315247,-2.7321971086774535,-0.0
8400,1.0411458604718657,-2.7208453072120102,-0.0
8410,1.0505492128611948,-2.709528750055106,-0.0
8420,1.0598648050299695,-2.6982474709642825,-0.0
8430,1.0690937150472124,-2.687001496365777,-0.0
8440,1.0782370083576347,-2.675790845551459,-0.0
8450,1.0872957379180659,-2.66461553087111,-0.0
8460,1.0962709443331617,-2.653475557920163,-0.0
8470,1.1051636559903637,-2.6423709257229917,-0.0
8480,1.1139748891940708,-2.6313016269118497,-0.0
8490,1.1227056482990048,-2.6202676479015374,-0.0
8500,1.1313569258427454,-2.6092689690599276,-0.0
8510,1.1399297026774085,-2.598305564874399,-0.0
8520,1.148424948100438,-2.587377404114283,-0.0
8530,1.1568436199845127,-2.5764844499894237,-0.0
8540,1.1651866649065181,-2.565626660304916,-0.0
8550,1.1734550182755978,-2.5548039876121185,-0.0
8560,1.181649604460241,-2.544016379356014,-0.0
8570,1.1897713369144056,-2.5332637780190077,-0.0
8580,1.1978211183026661,-2.5225461212612426,-0.0
8590,1.2057998406243509,-2.511863342057483,-0.0
8600,1.2137083853366886,-2.501215368830687,-0.0
8610,1.2215476234769287,-2.490602125582304,-0.0
8620,1.2293184157834345,-2.4800235320193806,-0.0
8630,1.2370216128157443,-2.4694795036785604,-0.0
8640,1.244658055073579,-2.4589699520470134,-0.0
8650,1.2522285731148126,-2.4484947846804106,-0.0
8660,1.2597339876723697,-2.4380539053179624,-0.0
8670,1.2671751097700699,-2.427647213994618,-0.0
8680,1.2745527408374004,-2.4172746071504743,-0.0
8690,1.281867672823219,-2.4069359777374664,-0.0
8700,1.2891206883083766,-2.3966312153233864,-0.0
8710,1.2963125606172698,-2.386360206193312,-0.0
8720,1.3034440539283099,-2.376122833448481,-0.0
8730,1.3105159233833095,-2.365918977102682,-0.0
8740,1.3175289151957865,-2.35574851417621,-0.0
8750,1.3244837667581966,-2.345611318787457,-0.0
8760,1.3313812067480688,-2.3355072622421695,-0.0
8770,1.3382219552330694,-2.3254362131204327,-0.0
8780,1.3450067237749879,-2.3153980373614487,-0.0
8790,1.351736215532638,-2.305392598346136,-0.0
8800,1.3584111253636917,-2.295419756977613,-0.0
8810,1.3650321399254297,-2.2854793717596027,-0.0
8820,1.3715999377744341,-2.2755712988728276,-0.0
8830,1.378115189465207,-2.2656953922494103,-0.0
8840,1.3845785576477254,-2.2558515036453457,-0.0
8850,1.3909906971639425,-2.246039482711087,-0.0
8860,1.3973522551432285,-2.236259177060279,-0.0
8870,1.4036638710967715,-2.2265104323366915,-0.0
8880,1.4099261770109168,-2.2167930922793806,-0.0
8890,1.4161397974394854,-2.2071069987861374,-0.0
8900,1.4223053495950428,-2.197451991975239,-0.0
8910,1.4284234434391512,-2.1878279102455673,-0.0
8920,1.4344946817715873,-2.1782345903351064,-0.0
8930,1.4405196603185557,-2.1686718673778786,-0.0
8940,1.446498967819879,-2.1591395749593336,-0.0
8950,1.452433186115198,-2.1496375451702496,-0.0
8960,1.4583228902291618,-2.1401656086591556,-0.0
8970,1.4641686484556347,-2.130723594683326,-0.0
8980,1.4699710224409184,-2.121311331158375,-0.0
8990,1.475730567265998,-2.111928644706485,-0.0
9000,1.4814478315278141,-2.102575360703289,-0.0
9010,1.4871233574195817,-2.093251303323456,-0.0
9020,1.4927576808101464,-2.0839562955849975,-0.0
9030,1.4983513313223975,-2.0746901593923215,-0.0
9040,1.5039048324107391,-2.065452715578071,-0.0
9050,1.509418701437637,-2.056243783943779,-0.0
9060,1.5148934497492288,-2.0470631832993447,-0.0
9070,1.5203295827500305,-2.037910731501386,-0.0
9080,1.525727599976724,-2.028786245490471,-0.0
9090,1.531087995171056,-2.019689541327278,-0.0
9100,1.536411256351831,-2.0106204342276763,-0.0
9110,1.5416978658860307,-2.0015787385967845,-0.0
9120,1.5469483005590539,-1.9925642680620141,-0.0
9130,1.552163031644083,-1.9835768355051162,-0.0
9140,1.5573425249706003,-1.9746162530932718,-0.0
9150,1.5624872409920432,-1.9656823323092327,-0.0
9160,1.5675976348526184,-1.956774883980535,-0.0
9170,1.5726741564532813,-1.9478937183078187,-0.0
9180,1.5777172505168886,-1.9390386448922639,-0.0
9190,1.5827273566525266,-1.9302094727621595,-0.0
9200,1.5877049094190334,-1.9214060103986428,-0.0
9210,1.592650338387713,-1.9126280657606036,-0.0
9220,1.5975640682042576,-1.9038754463087946,-0.0
9230,1.6024465186498806,-1.895147959029154,-0.0
9240,1.6072981047016717,-1.8864454104553607,-0.0
9250,1.6121192365921775,-1.8777676066906381,-0.0
9260,1.6169103198682242,-1.8691143534288293,-0.0
9270,1.6216717554489801,-1.8604854559747548,-0.0
9280,1.6264039396832721,-1.8518807192638695,-0.0
9290,1.6311072644061657,-1.8432999478812397,-0.0
9300,1.6357821169948066,-1.8347429460798472,-0.0
9310,1.640428880423546,-1.8262095177982456,-0.0
9320,1.6450479333183434,-1.8176994666775743,-0.0
9330,1.6496396500104658,-1.8092125960779537,-0.0
9340,1.654204400589484,-1.8007487090942684,-0.0
9350,1.6587425509555749,-1.7923076085713534,-0.0
9360,1.6632544628711348,-1.7838890971185974,-0.0
9370,1.6677404940117289,-1.7754929771239891,-0.0
9380,1.6722009980163501,-1.7671190507675874,-0.0
9390,1.676636324537029,-1.758767120034465,-0.0
9400,1.6810468192877828,-1.7504369867271128,-0.0
9410,1.6854328240929157,-1.7421284524773275,-0.0
9420,1.6897946769346752,-1.7338413187575858,-0.0
9430,1.6941327120002854,-1.7255753868919372,-0.0
9440,1.6984472597283329,-1.7173304580663886,-0.0
9450,1.7027386468545556,-1.7091063333388392,-0.0
9460,1.7070071964569977,-1.700902813648531,-0.0
9470,1.711253228000575,-1.692719699825059,-0.0
9480,1.715477057381029,-1.6845567925969342,-0.0
9490,1.7196789969682917,-1.6764138925997065,-0.0
9500,1.7238593556492683,-1.6682908003836754,-0.0
9510,1.7280184388700395,-1.660187316421181,-0.0
9520,1.7321565486774795,-1.652103241113478,-0.0
9530,1.736273983760328,-1.6440383747972371,-0.0
9540,1.7403710394896839,-1.6359925177506345,-0.0
9550,1.744448007958956,-1.6279654701990767,-0.0
9560,1.748505178023261,-1.6199570323205466,-0.0
9570,1.7525428353382881,-1.6119670042505954,-0.0
9580,1.7565612623986158,-1.6039951860869641,-0.0
9590,1.7605607385755107,-1.5960413778938713,-0.0
9600,1.7645415401542024,-1.5881053797059566,-0.0
9610,1.7685039403706364,-1.5801869915318878,-0.0
9620,1.7724482094477167,-1.5722860133576424,-0.0
9630,1.7763746146310515,-1.564402245149477,-0.0
9640,1.780283420224187,-1.556535486856577,-0.0
9650,1.7841748876233556,-1.5486855384134026,-0.0
9660,1.7880492753517332,-1.5408521997417381,-0.0
9670,1.7919068390932167,-1.5330352707524475,-0.0
9680,1.7957478317257158,-1.5252345513469368,-0.0
9690,1.799572503353983,-1.5174498414183466,-0.0
9700,1.8033811013419723,-1.5096809408524619,-0.0
9710,1.807173870344734,-1.501927649528352,-0.0
9720,1.8109510523398595,-1.4941897673187516,-0.0
9730,1.8147128866584636,-1.486467094090175,-0.0
9740,1.8184596100157384,-1.478759429702787,-0.0
9750,1.822191456541048,-1.4710665740100184,-0.0
9760,1.8259086578075974,-1.4633883268579368,-0.0
9770,1.829611442861664,-1.455724488084383,-0.0
9780,1.8333000382514104,-1.448074857517873,-0.0
9790,1.8369746680552639,-1.4404392349762671,-0.0
9800,1.8406355539098858,-1.4328174202652146,-0.0
9810,1.8442829150377291,-1.4252092131763834,-0.0
9820,1.8479169682741794,-1.4176144134854614,-0.0
9830,1.8515379280943007,-1.4100328209499595,-0.0
9840,1.855146006639176,-1.402464235306794,-0.0
9850,1.8587414137418494,-1.3949084562696674,-0.0
9860,1.8623243569528891,-1.3873652835262564,-0.0
9870,1.8658950415655475,-1.379834516735189,-0.0
9880,1.8694536706405493,-1.372315955522838,-0.0
9890,1.8730004450304922,-1.3648093994799164,-0.0
9900,1.8765355634038814,-1.3573146481578953,-0.0
9910,1.8800592222687853,-1.3498315010652286,-0.0
9920,1.8835716159961258,-1.3423597576634023,-0.0
9930,1.8870729368426,-1.3348992173628,-0.0
9940,1.8905633749732569,-1.3274496795184059,-0.0
9950,1.894043118483696,-1.3200109434253213,-0.0
9960,1.8975123534219294,-1.3125828083141222,-0.0
9970,1.9009712638098855,-1.3051650733460465,-0.0
9980,1.9044200316645692,-1.2977575376080166,-0.0
9990,1.9078588370188796,-1.2903600001075046,-0.0
10000,1.911287857942089,-1.2829722597672355,-0.0
10010,-6.508099637157712,-11.959033633115428,0.0
10020,-6.4528423204310785,-11.992042572077343,0.0
10030,-6.398761837286127,-12.023463562582528,0.0
10040,-6.345803621138401,-12.053372747799031,0.0
10050,-6.293917644541229,-12.081839890497118,0.0
10060,-6.243058031018549,-12.108929027108635,0.0
10070,1.936894536971518,-1.2268394877257973,-0.0
10080,1.9407263616716046,-1.2181644438782104,-0.0
10090,1.9445201506763221,-1.2094855796372728,-0.0
10100,1.9482759899683855,-1.2008030419469795,-0.0
10110,1.951993965779044,-1.1921169766255997,-0.0
10120,1.9556741645789844,-1.1834275283703537,-0.0
10130,1.9593166730693086,-1.1747348407621219,-0.0
10140,1.9629215781726117,-1.1660390562701997,-0.0
10150,1.966488967024141,-1.1573403162570872,-0.0
10160,1.9700189269630473,-1.148638760983319,-0.0
10170,1.97351154552372,-1.139934529612328,-0.0
10180,1.976966910427212,-1.1312277602153458,-0.0
10190,1.980385109572755,-1.1225185897763423,-0.0
10200,1.9837662310293507,-1.1138071541969896,-0.0
10210,1.9871103630274585,-1.1050935883016655,-0.0
10220,1.9904175939507673,-1.0963780258424907,-0.0
10230,1.9936880123280474,-1.0876605995043889,-0.0
10240,1.9969217068250937,-1.078941440910184,-0.0
10250,2.000118766236749,-1.0702206806257233,-0.0
10260,2.0032792794790155,-1.0614984481650305,-0.0
10270,2.006403335581249,-1.0527748719954835,-0.0
10280,2.0094910236784345,-1.0440500795430219,-0.0
10290,2.0125424330035453,-1.0353241971973761,-0.0
10300,2.0155576528799912,-1.0265973503173276,-0.0
10310,2.018536772714138,-1.0178696632359852,-0.0
10320,2.021479881987922,-1.0091412592660918,-0.0
10330,2.024387070251532,-1.0004122607053478,-0.0
10340,2.0272584271161826,-0.9916827888417588,-0.0
10350,2.0300940422469678,-0.9829529639590054,-0.0
10360,2.032894005355784,-0.974222905341828,-0.0
10370,2.0356584061943543,-0.9654927312814389,-0.0
10380,2.038387334547305,-0.9567625590809433,-0.0
10390,2.0410808802253406,-0.948032505060784,-0.0
10400,2.043739133058495,-0.9393026845642041,-0.0
10410,2.0463621828894514,-0.9305732119627208,-0.0
10420,2.048950119566951,-0.9218442006616193,-0.0
10430,2.051503032939268,-0.9131157631054583,-0.0
10440,2.0540210128477723,-0.904388010783593,-0.0
10450,2.0565041491205616,-0.895661054235709,-0.0
10460,2.058952531566167,-0.8869350030573684,-0.0
10470,2.0613662499673437,-0.8782099659055714,-0.0
10480,2.0637453940749264,-0.8694860505043259,-0.0
10490,2.066090053601766,-0.8607633636502301,-0.0
10500,2.068400318216735,-0.8520420112180636,-0.0
10510,2.0706762775388112,-0.8433220981663896,-0.0
10520,2.0729180211312315,-0.8346037285431661,-0.0
10530,2.07512563849572,-0.8258870054913642,-0.0
10540,2.077299219066787,-0.8171720312545939,-0.0
10550,2.079438852206093,-0.8084589071827379,-0.0
10560,2.0815446271969025,-0.7997477337375944,-0.0
10570,2.08361663323859,-0.7910386104985215,-0.0
10580,2.085654959441224,-0.7823316361680892,-0.0
10590,2.087659694820213,-0.7736269085777356,-0.0
10600,2.0896309282910392,-0.7649245246934301,-0.0
10610,2.0915687486640415,-0.7562245806213375,-0.0
10620,2.093473244639274,-0.7475271716134849,-0.0
10630,2.0953445048014356,-0.7388323920734359,-0.0
10640,2.0971826176148616,-0.730140335561961,-0.0
10650,2.0989876714185853,-0.721451094802715,-0.0
10660,2.1007597544214627,-0.7127647616879115,-0.0
10670,2.1024989546973707,-0.7040814272840035,-0.0
10680,2.10420536018046,-0.695401181837358,-0.0
10690,2.1058790586604803,-0.6867241147799362,-0.0
10700,2.1075201377781685,-0.6780503147349691,-0.0
10710,2.1091286850207007,-0.6693798695226344,-0.0
10720,2.1107047877172054,-0.6607128661657314,-0.0
10730,2.1122485330343435,-0.6520493908953537,-0.0
10740,2.113760007971945,-0.6433895291565593,-0.0
10750,2.1152392993587186,-0.6347333656140396,-0.0
10760,2.116686493848011,-0.6260809841577842,-0.0
10770,2.1181016779136312,-0.6174324679087414,-0.0
10780,2.1194849378457428,-0.6087878992244768,-0.0
10790,2.120836359746799,-0.600147359704825,-0.0
10800,2.1221560295275608,-0.5915109301975393,-0.0
10810,2.1234440329031545,-0.5828786908039363,-0.0
10820,2.1247004553891955,-0.5742507208845308,-0.0
10830,2.125925382297974,-0.5656270990646726,-0.0
10840,2.1271188987346896,-0.5570079032401687,-0.0
10850,2.1282810895937545,-0.5483932105829065,-0.0
10860,2.129412039555144,-0.5397830975464657,-0.0
10870,2.130511833080802,-0.5311776398717236,-0.0
10880,2.1315805544111166,-0.5225769125924561,-0.0
10890,2.132618287561436,-0.513980990040927,-0.0
10900,2.133625116318645,-0.5053899458534714,-0.0
10910,2.1346011242377987,-0.4968038529760712,-0.0
10920,2.1355463946388045,-0.48822278366992045,-0.0
10930,2.1364610106031625,-0.47964680951698335,-0.0
10940,2.1373450549707624,-0.47107600142554223,-0.0
10950,2.1381986103367168,-0.4625104296357358,-0.0
10960,2.139021759048269,-0.45395016372508873,-0.0
10970,2.139814583201737,-0.4453952726140307,-0.0
10980,2.1405771646395126,-0.4368458245714052,-0.0
10990,2.141309584947116,-0.4283018872199676,-0.0
11000,2.1420119254502947,-0.4197635275418736,-0.0
11010,2.1426842672121746,-0.4112308118841554,-0.0
11020,2.143326691030463,-0.40270380596418753,-0.0
11030,2.1439392774346997,-0.39418257487514147,-0.0
11040,2.14452210668355,-0.38566718309142733,-0.0
11050,2.14507525876216,-0.37715769447412606,-0.0
11060,2.1455988133795483,-0.3686541722764073,-0.0
11070,2.146092849966043,-0.36015667914893557,-0.0
11080,2.1465574476707836,-0.35166527714526613,-0.0
11090,2.146992685359243,-0.3431800277272244,-0.0
11100,2.1473986416108213,-0.33470099177027657,-0.0
11110,2.1477753947164677,-0.32622822956888436,-0.0
11120,2.1481230226763515,-0.31776180084184735,-0.0
11130,2.148441603197589,-0.30930176473763377,-0.0
11140,2.148731213691996,-0.3008481798396945,-0.0
11150,2.148991931273901,-0.2924011041717664,-0.0
11160,2.1492238327579947,-0.2839605952031606,-0.0
11170,2.149426994657219,-0.27552670985403643,-0.0
11180,2.1496014931807106,-0.2670995045006621,-0.0
11190,2.1497474042317735,-0.25867903498066086,-0.0
11200,2.149864803405903,-0.25026535659824234,-0.0
11210,2.1499537659888466,-0.24185852412942,-0.0
11220,2.150014366954708,-0.2334585918272137,-0.0
11230,2.150046680964095,-0.22506561342683765,-0.0
11240,2.150050782362299,-0.21667964215087307,-0.0
11250,2.150026745177525,-0.20830073071442634,-0.0
11260,2.1499746431191533,-0.19992893133027181,-0.0
11270,2.149894549576042,-0.19156429571397937,-0.0
11280,2.149786537614878,-0.183206875089027,-0.0
11290,2.1496506799785506,-0.17485672019189769,-0.0
11300,2.1494870490845757,-0.1665138812771608,-0.0
11310,2.149295717023549,-0.1581784081225379,-0.0
11320,2.149076755557646,-0.14985035003395314,-0.0
11330,2.148830236119154,-0.14152975585056768,-0.0
11340,2.1485562298090395,-0.13321667394979847,-0.0
11350,2.148254807395549,-0.12491115225232038,-0.0
11360,2.1479260393128627,-0.11661323822705391,-0.0
11370,2.1475699956597563,-0.108322978896135,-0.0
11380,2.1471867461983223,-0.10004042083987015,-0.0
11390,2.1467763603527215,-0.09176561020167508,-0.0
11400,2.1463389072079533,-0.0834985926929964,-0.0
11410,2.14587445550868,-0.07523941359821802,-0.0
11420,2.1453830736580755,-0.06698811777955058,-0.0
11430,2.144864829716707,-0.05874474968190497,-0.0
11440,2.1443197914014527,-0.05050935333774894,-0.0
11450,2.1437480260844564,-0.04228197237194785,-0.0
11460,2.143149600792103,-0.034062650006588306,-0.0
11470,2.142524582204036,-0.02585142906578581,-0.0
11480,2.1418730366522083,-0.017648351980475565,-0.0
11490,2.141195030119953,-0.009453460793186775,-0.0
11500,2.140490628241101,-0.0012667971628004004,-0.0
11510,2.139759896299118,0.0069115976307098205,-0.0
11520,2.139002899226272,0.01508168268155288,-0.0
11530,2.1382197016028464,0.023243417453412754,-0.0
11540,2.1374103676563565,0.03139676177475722,-0.0
11550,2.1365749612608287,0.03954167583416355,-0.0
11560,2.135713545936079,0.04767812017566066,-0.0
11570,2.134826184847036,0.05580605569408807,-0.0
11580,2.1339129408030932,0.06392544363047166,-0.0
11590,2.132973876257489,0.07203624556741596,-0.0
11600,2.132009053306703,0.08013842342451315,-0.0
11610,2.1310185336899017,0.08823193945376887,-0.0
11620,2.1300023787883946,0.09631675623504465,-0.0
11630,2.1289606496251237,0.104392836671517,-0.0
11640,2.127893406864184,0.11246014398515322,-0.0
11650,2.1268007108103624,0.12051864171220376,-0.0
11660,2.1256826214087123,0.12856829369871137,-0.0
11670,2.1245391982441486,0.1366090640960368,-0.0
11680,2.123370500541068,0.14464091735640092,-0.0
11690,2.122176587163003,0.15266381822844372,-0.0
11700,2.1209575166122927,0.16067773175279979,-0.0
11710,2.119713347029783,0.16868262325769026,-0.0
11720,2.1184441361945496,0.17667845835453075,-0.0
11730,2.117149941523654,0.1846652029335572,-0.0
11740,2.1158308200719103,0.19264282315946651,-0.0
11750,2.1144868285316867,0.20061128546707446,-0.0
11760,2.11311802323273,0.20857055655699003,-0.0
11770,2.111724460142007,0.21652060339130547,-0.0
11780,2.1103061948635817,0.22446139318930364,-0.0
11790,2.1088632826385045,0.23239289342318065,-0.0
11800,2.107395778344729,0.24031507181378495,-0.0
11810,2.1059037364970496,0.2482278963263729,-0.0
11820,2.1043872112470705,0.25613133516638037,-0.0
11830,2.1028462563831867,0.2640253567752107,-0.0
11840,2.1012809253305877,0.2719099298260371,-0.0
11850,2.0996912711512903,0.2797850232196233,-0.0
11860,2.0980773465441933,0.2876506060801592,-0.0
11870,2.096439203845141,0.2955066477511113,-0.0
11880,2.0947768950270267,0.3033531177910912,-0.0
11890,2.0930904716999,0.31118998596973724,-0.0
11900,2.09137998511111,0.3190172222636144,-0.0
11910,2.0896454861454563,0.32683479685212824,-0.0
11920,2.08788702532537,0.33464268011345405,-0.0
11930,2.0861046528111133,0.3424408426204842,-0.0
11940,2.084298418400995,0.35022925513678743,-0.0
11950,2.0824683715316064,0.3580078886125853,-0.0
11960,2.0806145612780886,0.36577671418074575,-0.0
11970,2.0787370363543975,0.37353570315278767,-0.0
11980,2.0768358451136146,0.3812848270149051,-0.0
11990,2.074911035548251,0.38902405742400303,-0.0
12000,2.072962655290597,0.39675336620375196,-0.0
12010,2.0709907516130612,0.40447272534065287,-0.0
12020,2.0689953714285565,0.41218210698012203,-0.0
12030,2.0669765612908844,0.4198814834225864,-0.0
12040,2.0649343673951517,0.42757082711959765,-0.0
12050,2.062868835578195,0.43525011066995734,-0.0
12060,2.060780011319027,0.44291930681585967,-0.0
12070,2.0586679397393044,0.4505783884390468,-0.0
12080,2.05653266560381,0.4582273285569805,-0.0
12090,2.0543742333209507,0.46586610031902614,-0.0
12100,2.052192686943279,0.4734946770026537,-0.0
12110,2.049988070168022,0.48111303200964917,-0.0
12120,2.0477604263376414,0.4887211388623454,-0.0
12130,2.045509798440398,0.49631897119986207,-0.0
12140,2.043236229110938,0.5039065027743632,-0.0
12150,2.040939760630897,0.511483707447326,-0.0
12160,2.0386204349295225,0.519050559185827,-0.0
12170,2.0362782935843065,0.5266070320588382,-0.0
12180,2.033913377821637,0.5341531002335397,-0.0
12190,2.031525728517472,0.5416887379716441,-0.0
12200,2.0291153861980185,0.5492139196257368,-0.0
12210,2.0266823910404392,0.5567286196356279,-0.0
12220,2.024226782873565,0.5642328125247175,-0.0
12230,2.021748601178629,0.571726472896375,-0.0
12240,2.0192478850900173,0.5792095754303334,-0.0
12250,2.0167246733960265,0.586682094879092,-0.0
12260,2.0141790045396504,0.594144006064338,-0.0
12270,2.0116109166193676,0.6015952838733764,-0.0
12280,2.009020447389959,0.6090359032555756,-0.0
12290,2.006407634263322,0.6164658392188244,-0.0
12300,2.0037725143093215,0.6238850668260031,-0.0
12310,2.0011151242566383,0.6312935611914668,-0.0
12320,1.9984355004936376,0.6386912974775392,-0.0
12330,1.9957336790692572,0.6460782508910229,-0.0
12340,1.9930096956939032,0.653454396679718,-0.0
12350,1.9902635857403654,0.6608197101289577,-0.0
12360,1.9874953842447425,0.6681741665581503,-0.0
12370,1.9847051259073876,0.6755177413173397,-0.0
12380,1.981892845093861,0.682850409783772,-0.0
12390,1.979058575835902,0.6901721473584791,-0.0
12400,1.9762023518324159,0.6974829294628718,-0.0
12410,1.9733242064504672,0.7047827315353438,-0.0
12420,1.9704241727262972,0.7120715290278905,-0.0
12430,1.9675022833663494,0.7193492974027367,-0.0
12440,1.9645585707483038,0.7266160121289756,-0.0
12450,1.9615930669221442,0.7338716486792256,-0.0
12460,1.9586058036112084,0.7411161825262866,-0.0
12470,1.955596812213283,0.7483495891398192,-0.0
12480,1.9525661238016945,0.7555718439830309,-0.0
12490,1.949513769126413,0.7627829225093697,-0.0
12500,1.9464397786151795,0.7699828001592356,-0.0
12510,1.943344182374637,0.7771714523566977,-0.0
12520,1.9402270101914816,0.7843488545062254,-0.0
12530,1.9370882915336223,0.7915149819894288,-0.0
12540,1.9339280555513556,0.7986698101618107,-0.0
12550,1.9307463310785549,0.8058133143495287,-0.0
12560,1.9275431466338688,0.8129454698461681,-0.0
12570,1.9243185304219392,0.8200662519095265,-0.0
12580,1.9210725103346238,0.8271756357584064,-0.0
12590,1.9178051139522396,0.8342735965694196,-0.0
12600,1.9145163685448157,0.8413601094738039,-0.0
12610,1.9112063010733569,0.8484351495542451,-0.0
12620,1.9078749381911253,0.8554986918417141,-0.0
12630,1.904522306244927,0.8625507113123093,-0.0
12640,1.9011484312764266,0.869591182884116,-0.0
12650,1.8977533390234522,0.8766200814140668,-0.0
12660,1.8943370549213343,0.8836373816948184,-0.0
12670,1.8908996041042463,0.8906430584516365,-0.0
12680,1.8874410114065578,0.8976370863392888,-0.0
12690,1.883961301364205,0.9046194399389487,-0.0
12700,1.8804604982160713,0.9115900937551095,-0.0
12710,1.8769386259053815,0.9185490222125064,-0.0
12720,1.8733957080811072,0.9254961996530486,-0.0
12730,1.8698317680993835,0.9324316003327601,-0.0
12740,1.8662468290249463,0.9393551984187319,-0.0
12750,1.862640913632573,0.9462669679860807,-0.0
12760,1.8590140444085337,0.9531668830149151,-0.0
12770,1.855366243552075,0.9600549173873197,-0.0
12780,1.8516975329768859,0.966931044884335,-0.0
12790,1.8480079343126021,0.9737952391829569,-0.0
12800,1.8442974689063147,0.9806474738531415,-0.0
12810,1.84056615782408,0.9874877223548155,-0.0
12820,1.836814021852465,0.9943159580349011,-0.0
12830,1.8330410815000795,1.001132154124343,-0.0
12840,1.8292473569991448,1.0079362837351504,-0.0
12850,1.8254328683070575,1.0147283198574437,-0.0
12860,1.8215976351079755,1.0215082353565093,-0.0
12870,1.8177416768144121,1.028276002969864,-0.0
12880,1.8138650125688456,1.0350315953043296,-0.0
12890,1.80996766124534,1.0417749848331106,-0.0
12900,1.8060496414511797,1.0485061438928855,-0.0
12910,1.8021109715285137,1.0552250446809015,-0.0
12920,1.7981516695560156,1.0619316592520807,-0.0
12930,1.794171753350562,1.0686259595161363,-0.0
12940,1.7901712404689067,1.0753079172346873,-0.0
12950,1.7861501482093851,1.0819775040183908,-0.0
12960,1.7821084936136264,1.0886346913240803,-0.0
12970,1.7780462934682721,1.0952794504519074,-0.0
12980,1.7739635643067158,1.101911752542494,-0.0
12990,1.7698603224108518,1.108531568574094,-0.0
13000,1.7657365838128396,1.11513886935976,-0.0
13010,1.7615923642968736,1.1217336255445163,-0.0
13020,1.7574276794009804,1.1283158076025455,-0.0
13030,1.7532425444188124,1.1348853858343741,-0.0
13040,1.7490369744014684,1.1414423303640737,-0.0
13050,1.7448109841593193,1.1479866111364632,-0.0
13060,1.7405645882638485,1.1545181979143218,-0.0
13070,1.7362978010495091,1.1610370602756084,-0.0
13080,1.7320106366155912,1.1675431676106893,-0.0
13090,1.7277031088281012,1.17403648911957,-0.0
13100,1.7233752313216602,1.1805169938091384,-0.0
13110,1.7190270175014095,1.1869846504904111,-0.0
13120,1.7146584805449345,1.1934394277757907,-0.0
13130,1.7102696334041985,1.1998812940763257,-0.0
13140,1.7058604888074937,1.2063102175989828,-0.0
13150,1.7014310592614033,1.2127261663439204,-0.0
13160,1.6969813570527783,1.2191291081017746,-0.0
13170,1.6925113942507275,1.2255190104509464,-0.0
13180,1.6880211827086233,1.2318958407549014,-0.0
13190,1.6835107340661215,1.2382595661594749,-0.0
13200,1.6789800597511886,1.2446101535901772,-0.0
13210,1.6744291709821553,1.250947569749518,-0.0
13220,1.6698580787697719,1.2572717811143268,-0.0
13230,1.6652667939192876,1.2635827539330855,-0.0
13240,1.660655327032536,1.2698804542232651,-0.0
13250,1.6560236885100428,1.276164847768673,-0.0
13260,1.6513718885531437,1.2824359001168033,-0.0
13270,1.6466999371661117,1.2886935765761924,-0.0
13280,1.6420078441583132,1.2949378422137878,-0.0
13290,1.6372956191463648,1.3011686618523182,-0.0
13300,1.6325632715563119,1.3073860000676698,-0.0
13310,1.627810810625821,1.3135898211862742,-0.0
13320,1.623038245406384,1.3197800892824967,-0.0
13330,1.6182455847655466,1.325956768176038,-0.0
13340,1.6134328373891378,1.3321198214293357,-0.0
13350,1.6086000117835275,1.338269212344977,-0.0
13360,1.60374711627789,1.3444049039631152,-0.0
13370,1.5988741590264917,1.3505268590588968,-0.0
13380,1.5939811480109871,1.356635040139892,-0.0
13390,1.5890680910427308,1.3627294094435283,-0.0
13400,1.584134995765113,1.3688099289345428,-0.0
13410,1.579181869655898,1.3748765603024244,-0.0
13420,1.5742087200295924,1.3809292649588796,-0.0
13430,1.5692155540398172,1.3869680040352885,-0.0
13440,1.5642023786817032,1.3929927383801826,-0.0
13450,1.5591692007943037,1.3990034285567203,-0.0
13460,1.5541160270630137,1.405000034840168,-0.0
13470,1.549042864022019,1.410982517215397,-0.0
13480,1.543949718056749,1.416950835374373,-0.0
13490,1.538836595406357,1.422904948713669,-0.0
13500,1.533703502166209,1.4288448163319711,-0.0
13510,1.528550444290395,1.4347703970275991,-0.0
13520,1.5233774275942498,1.4406816492960264,-0.0
13530,1.5181844577569013,1.4465785313274178,-0.0
13540,1.5129715403238277,1.4524610010041639,-0.0
13550,1.5077386807094342,1.4583290158984272,-0.0
13560,1.502485884199648,1.464182533269694,-0.0
13570,1.4972131559545299,1.470021510062334,-0.0
13580,1.4919205010109033,1.475845902903166,-0.0
13590,1.4866079242850014,1.48165566809903,-0.0
13600,1.4812754305751323,1.487450761634369,-0.0
13610,1.4759230245643629,1.4932311391688171,-0.0
13620,1.4705507108232159,1.498996756034789,-0.0
13630,1.4651584938123916,1.5047475672350854,-0.0
13640,1.459746377885506,1.5104835274405026,-0.0
13650,1.4543143672918446,1.5162045909874475,-0.0
13660,1.4488624661791358,1.5219107118755582,-0.0
13670,1.443390678596345,1.5276018437653385,-0.0
13680,1.437899008496487,1.5332779399757952,-0.0
13690,1.4323874597394535,1.5389389534820839,-0.0
13700,1.426856036094864,1.544584836913161,-0.0
13710,1.4213047412449367,1.5502155425494468,-0.0
13720,1.4157335787873713,1.555831022320493,-0.0
13730,1.4101425522382598,1.561431227802658,-0.0
13740,1.404531665035014,1.5670161102167963,-0.0
13750,1.3989009205393084,1.5725856204259456,-0.0
13760,1.3932503220400472,1.5781397089330265,-0.0
13770,1.3875798727563537,1.583678325878556,-0.0
13780,1.3818895758405727,1.5892014210383603,-0.0
13790,1.3761794343812976,1.5947089438212994,-0.0
13800,1.3704494514064196,1.6002008432670038,-0.0
13810,1.36469962988619,1.60567706804361,-0.0
13820,1.358929972736312,1.6111375664455174,-0.0
13830,1.3531404828210474,1.6165822863911397,-0.0
13840,1.3473311629563465,1.6220111754206796,-0.0
13850,1.3415020159129951,1.6274241806938972,-0.0
13860,1.3356530444197927,1.6328212489879028,-0.0
13870,1.3297842511667382,1.6382023266949446,-0.0
13880,1.323895638808246,1.6435673598202134,-0.0
13890,1.317987209966385,1.6489162939796582,-0.0
13900,1.3120589672341305,1.6542490743978024,-0.0
13910,1.3061109131786466,1.6595656459055783,-0.0
13920,1.3001430503445868,1.6648659529381675,-0.0
13930,1.2941553812574167,1.670149939532849,-0.0
13940,1.2881479084267595,1.6754175493268617,-0.0
13950,1.2821206343497638,1.6806687255552724,-0.0
13960,1.276073561514492,1.6859034110488549,-0.0
13970,1.2700066924033393,1.6911215482319844,-0.0
13980,1.2639200294964625,1.6963230791205328,-0.0
13990,1.2578135752752415,1.7015079453197814,-0.0
14000,1.2516873322257622,1.7066760880223437,-0.0
14010,1.2455413028423208,1.711827448006094,-0.0
14020,1.2393754896309521,1.7169619656321156,-0.0
14030,1.2331898951129825,1.722079580842648,-0.0
14040,1.2269845218286037,1.7271802331590578,-0.0
14050,1.2207593723404766,1.7322638616798136,-0.0
14060,1.2145144492373476,1.737330405078469,-0.0
14070,1.2082497551377034,1.7423798016016683,-0.0
14080,1.2019652926934399,1.7474119890671556,-0.0
14090,1.1956610645935593,1.752426904861797,-0.0
14100,1.1893370735678894,1.7574244859396175,-0.0
14110,1.1829933223908298,1.7624046688198438,-0.0
14120,1.176629813885125,1.7673673895849724,-0.0
14130,1.1702465509256559,1.7723125838788347,-0.0
14140,1.1638435364432635,1.7772401869046865,-0.0
14150,1.1574207734285924,1.782150133423304,-0.0
14160,1.1509782649359648,1.7870423577510992,-0.0
14170,1.1445160140872745,1.79191679375824,-0.0
14180,1.138034024075911,1.7967733748667907,-0.0
14190,1.131532298170708,1.8016120340488662,-0.0
14200,1.1250108397199177,1.8064327038247947,-0.0
14210,1.1184696521552118,1.811235316261302,-0.0
14220,1.1119087389957065,1.8160198029697014,-0.0
14230,1.105328103852019,1.8207860951041093,-0.0
14240,1.0987277504303457,1.8255341233596627,-0.0
14250,1.0921076825365672,1.8302638179707633,-0.0
14260,1.0854679040803852,1.8349751087093285,-0.0
14270,1.0788084190794813,1.8396679248830652,-0.0
14280,1.0721292316637039,1.84434219533375,-0.0
14290,1.0654303460792849,1.8489978484355345,-0.0
14300,1.058711766693081,1.8536348120932635,-0.0
14310,1.051973497996844,1.8582530137408049,-0.0
14320,1.0452155446115179,1.862852380339403,-0.0
14330,1.0384379112915665,1.867432838376048,-0.0
14340,1.031640602929324,1.8719943138618544,-0.0
14350,1.024823624559379,1.8765367323304698,-0.0
14360,1.017986981362982,1.8810600188364877,-0.0
14370,1.0111306786724876,1.8855640979538932,-0.0
14380,1.0042547219758164,1.8900488937745088,-0.0
14390,0.9973591169209555,1.8945143299064775,-0.0
14400,0.9904438693204788,1.8989603294727502,-0.0
14410,0.9835089851561017,1.9033868151095965,-0.0
14420,0.9765544705832645,1.9077937089651418,-0.0
14430,0.9695803319357418,1.9121809326979102,-0.0
14440,0.962586575730284,1.9165484074753978,-0.0
14450,0.9555732086712887,1.9208960539726658,-0.0
14460,0.9485402376554988,1.9252237923709468,-0.0
14470,0.9414876697767339,1.92953154235628,-0.0
14480,0.9344155123306463,1.9338192231181583,-0.0
14490,0.9273237728195147,1.9380867533482105,-0.0
14500,0.9202124589570594,1.9423340512388862,-0.0
14510,0.9130815786732938,1.9465610344821809,-0.0
14520,0.9059311401194035,1.950767620268372,-0.0
14530,0.8987611516726578,1.954953725284783,-0.0
14540,0.8915716219413478,1.959119265714565,-0.0
14550,0.8843625597697597,1.9632641572355074,-0.0
14560,0.8771339742431774,1.9673883150188702,-0.0
14570,0.8698858746929121,1.9714916537282363,-0.0
14580,0.8626182707013703,1.9755740875183943,-0.0
14590,0.855331172107146,1.979635530034242,-0.0
14600,0.8480245890101477,1.983675894409716,-0.0
14610,0.8406985317767554,1.9876950932667428,-0.0
14620,0.8333530110450095,1.9916930387142253,-0.0
14630,0.8259880377298322,1.9956696423470444,-0.0
14640,0.8186036230282759,1.9996248152450904,-0.0
14650,0.8111997784248123,2.0035584679723306,-0.0
14660,0.8037765156966402,2.007470510575882,-0.0
14670,0.7963338469190397,2.011360852585139,-0.0
14680,0.7888717844707465,2.0152294030109075,-0.0
14690,0.7813903410393638,2.0190760703445743,-0.0
14700,0.7738895296268066,2.0229007625573105,-0.0
14710,0.7663693635547756,2.026703387099297,-0.0
14720,0.7588298564702658,2.0304838508989813,-0.0
14730,0.7512710223511042,2.034242060362364,-0.0
14740,0.7436928755115245,2.0379779213723177,-0.0
14750,0.7360954306077695,2.041691339287936,-0.0
14760,0.7284787026437296,2.0453822189439093,-0.0
14770,0.7208427069766116,2.049050464649938,-0.0
14780,0.7131874593226418,2.052695980190175,-0.0
14790,0.7055129757628001,2.056318668822701,-0.0
14800,0.6978192727485883,2.0599184332790306,-0.0
14810,0.6901063671078309,2.0634951757636557,-0.0
14820,0.6823742760505078,2.0670487979536203,-0.0
14830,0.674623017174621,2.070579200998127,-0.0
14840,0.6668526084720928,2.0740862855181827,-0.0
14850,0.6590630683347003,2.077569951606279,-0.0
14860,0.6512544155600379,2.0810300988261035,-0.0
14870,0.6434266693575167,2.08446662621229,-0.0
14880,0.6355798493543963,2.087879432270211,-0.0
14890,0.6277139756018469,2.091268414975793,-0.0
14900,0.6198290685810487,2.094633471775383,-0.0
14910,0.6119251492093218,2.0979744995856495,-0.0
14920,0.6040022388462899,2.101291394793515,-0.0
14930,0.5960603593000756,2.104584053256136,-0.0
14940,0.5880995328335311,2.107852370300914,-0.0
14950,0.5801197821705015,2.1110962407255625,-0.0
14960,0.5721211305021204,2.1143155587981894,-0.0
14970,0.5641036014931383,2.1175102182574457,-0.0
14980,0.5560672192882857,2.1206801123126975,-0.0
14990,0.5480120085186666,2.1238251336442486,-0.0
15000,0.5399379943081885,2.126945174403604,-0.0
15010,0.5318452022800231,2.130040126213779,-0.0
15020,0.5237336585630983,2.1331098801696395,-0.0
15030,0.5156033897986291,2.1361543268383114,-0.0
15040,0.5074544231466732,2.139173356259603,-0.0
15050,0.49928678629272655,2.1421668579464996,-0.0
15060,0.49110050745434813,2.145134720885692,-0.0
15070,0.48289561538781706,2.1480768335381466,-0.0
15080,0.47467213939482417,2.1509930838397335,-0.0
15090,0.46643010932919543,2.153883359201896,-0.0
15100,0.45816955560364736,2.1567475465123693,-0.0
15110,0.4498905091965748,2.1595855321359436,-0.0
15120,0.4415930016588722,2.162397201915287,-0.0
15130,0.43327706512078557,2.165182441171804,-0.0
15140,0.4249427322987972,2.167941134706558,-0.0
15150,0.416590036502543,2.170673166801232,-0.0
15160,0.40821901164176105,2.1733784212191574,-0.0
15170,0.3998296922332709,2.1760567812063734,-0.0
15180,0.3914221134079873,2.1787081294927604,-0.0
15190,0.3829963109179621,2.1813323482932074,-0.0
15200,0.37455232114346,2.1839293193088536,-0.0
15210,0.36609018110006486,2.186498923728367,-0.0
15220,0.3576099284458161,2.1890410422292863,-0.0
15230,0.349111601488377,2.191555554979419,-0.0
15240,0.3405952391922338,2.1940423416382933,-0.0
15250,0.3320608811859249,2.19650128135867,-0.0
15260,0.3235085677693004,2.19893225278811,-0.0
15270,0.31493833992081227,2.2013351340705998,-0.0
15280,0.3063502393048338,2.2037098028482363,-0.0
15290,0.29774430827901016,2.2060561362629767,-0.0
15300,0.2891205899016371,2.208374010958439,-0.0
15310,0.2804791279390692,2.2106633030817693,-0.0
15320,0.2718199668731584,2.2129238882855726,-0.0
15330,0.2631431519087205,2.2151556417299014,-0.0
15340,0.25444872898103044,2.2173584380843114,-0.0
15350,0.24573674476334567,2.2195321515299744,-0.0
15360,0.23700724667445833,2.2216766557618643,-0.0
15370,0.22826028288627553,2.223791823991003,-0.0
15380,0.21949590233142552,2.225877528946771,-0.0
15390,0.21071415471089366,2.2279336428792873,-0.0
15400,0.20191509050168321,2.229960037561856,-0.0
15410,0.19309876096450435,2.231956584293481,-0.0
15420,0.18426521815148839,2.2339231539014412,-0.0
15430,0.17541451491392954,2.2358596167439546,-0.0
15440,0.16654670491005086,2.2377658427128875,-0.0
15450,0.15766184261279675,2.239641701236553,-0.0
15460,0.14875998331765014,2.241487061282573,-0.0
15470,0.13984118315047417,2.243301791360812,-0.0
15480,0.13090549907537868,2.245085759526387,-0.0
15490,0.12195298890261057,2.24683883338275,-0.0
15500,0.11298371129646703,2.2485608800848382,-0.0
15510,0.10399772578323314,2.2502517663423123,-0.0
15520,0.09499509275914143,2.2519113584228574,-0.0
15530,0.08597587349835385,2.2535395221555636,-0.0
15540,0.07694013016096615,2.255136122934396,-0.0
15550,0.06788792580103324,2.256701025721719,-0.0
15560,0.05881932437461589,2.258234095051922,-0.0
15570,0.0497343907478479,2.2597351950351126,-0.0
15580,0.0406331907050234,2.261204189360888,-0.0
15590,0.031515790956703815,2.2626409413021964,-0.0
15600,0.022382259147843954,2.2640453137192704,-0.0
15610,0.013232663865936745,2.2654171690636526,-0.0
15620,0.004067074649176055,2.2667563693822936,-0.0
15630,-0.00511443800536286,2.268062776321737,-0.0
15640,-0.014311802633525855,2.2693362511324007,-0.0
15650,-0.0235249467958659,2.2705766546729222,-0.0
15660,-0.03275379706941317,2.271783847414609,-0.0
15670,-0.04199827903942967,2.2729576894459624,-0.0
15680,-0.051258317291149255,2.274098040477301,-0.0
15690,-0.06053383540150317,2.275204759845456,-0.0
15700,-0.06982475593083243,2.2762777065185777,-0.0
15710,-0.07913100041458679,2.2773167391010087,-0.0
15720,-0.08845248935501178,2.278321715838266,-0.0
15730,-0.09778914221282398,2.2792924946221036,-0.0
15740,-0.10714087739887497,2.2802289329956698,-0.0
15750,-0.11650761226580549,2.281130888158759,-0.0
15760,-0.12588926309968945,2.2819982169731574,-0.0
15770,-0.13528574511166955,2.2828307759680806,-0.0
15780,-0.14469697242958388,2.283628421345707,-0.0
15790,-0.1541228580895859,2.2843910089868062,-0.0
15800,-0.16356331402775687,2.285118394456469,-0.0
15810,-0.17301825107171306,2.285810433009928,-0.0
15820,-0.1824875789322069,2.286466979598481,-0.0
15830,-0.1919712061947243,2.28708788887551,-0.0
15840,-0.20146904031107782,2.2876730152026017,-0.0
15850,-0.2109809875909977,2.2882222126557705,-0.0
15860,-0.22050695319371977,2.2887353350317765,-0.0
15870,-0.23004684111957344,2.2892122358545524,-0.0
15880,-0.239600554201568,2.2896527683817265,-0.0
15890,-0.24916799409698087,2.2900567856112555,-0.0
15900,-0.258749061278946,2.2904241402881556,-0.0
15910,-0.26834365502804525,2.290754684911342,-0.0
15920,-0.2779516734239031,2.291048271740572,-0.0
15930,-0.28757301333678503,2.2913047528034975,-0.0
15940,-0.2972075704192008,2.291523979902819,-0.0
15950,-0.306855239097515,2.2917058046235512,-0.0
15960,-0.31651591256356326,2.2918500783404006,-0.0
15970,-0.32618948276627713,2.2919566522252426,-0.0
15980,-0.33587584040331736,2.2920253772547157,-0.0
15990,-0.34557487491271865,2.292056104217927,-0.0
16000,-0.35528647446454337,2.2920486837242637,-0.0
16010,-0.3650105259525492,2.2920029662113217,-0.0
16020,-0.3747469149858689,2.291918801952943,-0.0
16030,-0.3844955258807044,2.291796041067367,-0.0
16040,-0.3942562416520373,2.291634533525501,-0.0
16050,-0.4040289440053537,2.291434129159298,-0.0
16060,-0.4138135133283895,2.2911946776702576,-0.0
16070,-0.42360982868289115,2.2909160286380317,-0.0
16080,-0.4334177677963989,2.2905980315291594,-0.0
16090,-0.44323720705405073,2.2902405357059146,-0.0
16100,-0.4530680214904069,2.289843390435269,-0.0
16110,-0.4629100847812994,2.289406444897973,-0.0
16120,-0.4727632692357062,2.288929548197764,-0.0
16130,-0.48262744578765165,2.28841254937069,-0.0
16140,-0.4925024839881314,2.287855297394545,-0.0
16150,-0.5023882519970698,2.2872576411984418,-0.0
16160,-0.5122846165753049,2.2866194296724953,-0.0
16170,-0.5221914430766038,2.2859405116776323,-0.0
16180,-0.5321085954397133,2.285220736055524,-0.0
16190,-0.5420359361804408,2.2844599516386395,-0.0
16200,-0.5519733263837724,2.2836580072604264,-0.0
16210,-0.5619206256960279,2.282814751765615,-0.0
16220,-0.5718776923170517,2.2819300340206476,-0.0
16230,-0.5818443829924457,2.2810037029242345,-0.0
16240,-0.5918205530058408,2.280035607418035,-0.0
16250,-0.6018060561712109,2.2790255964974637,-0.0
16260,-0.6118007448252314,2.277973519222631,-0.0
16270,-0.6218044698196833,2.2768792247294,-0.0
16280,-0.6318170805139014,2.2757425622405845,-0.0
16290,-0.6418384247672737,2.2745633810772623,-0.0
16300,-0.6518683489317894,2.273341530670234,-0.0
16310,-0.661906697844636,2.2720768605715924,-0.0
16320,-0.6719533148208537,2.27076922046644,-0.0
16330,-0.6820080416460402,2.2694184601847214,-0.0
16340,-0.6920707185691134,2.2680244297132015,-0.0
16350,-0.7021411842951313,2.266586979207561,-0.0
16360,-0.7122192759781707,2.2651059590046336,-0.0
16370,-0.7223048292142695,2.2635812196347715,-0.0
16380,-0.7323976780344262,2.2620126118343413,-0.0
16390,-0.7424976548976706,2.260399986558358,-0.0
16400,-0.7526045906841939,2.2587431949932455,-0.0
16410,-0.7627183146885506,2.257042088569733,-0.0
16420,-0.7728386546129302,2.255296518975892,-0.0
16430,-0.7829654365604969,2.2535063381702938,-0.0
16440,-0.7930984850288043,2.251671398395309,-0.0
16450,-0.803237622903286,2.249791552190545,-0.0
16460,-0.8133826714508215,2.247866652406409,-0.0
16470,-0.82353345031338,2.2458965522178134,-0.0
16480,-0.8336897775017446,2.24388110513801,-0.0
16490,-0.8438514693893202,2.2418201650325624,-0.0
16500,-0.8540183407060251,2.2397135861334587,-0.0
16510,-0.8641902045322659,2.237561223053346,-0.0
16520,-0.8743668722930039,2.235362930799915,-0.0
16530,-0.8845481537519085,2.233118564790413,-0.0
16540,-0.8947338570056043,2.230827980866289,-0.0
16550,-0.9049237884780094,2.228491035307983,-0.0
16560,-0.915117752914773,2.226107584849846,-0.0
16570,-0.925315553377806,2.2236774866951943,-0.0
16580,-0.9355169912399156,2.2212005985315004,-0.0
16590,-0.9457218661795401,2.2186767785457286,-0.0
16600,-0.9559299761755833,2.2161058854397826,-0.0
16610,-0.9661411175023635,2.21348777844612,-0.0
16620,-0.9763550847246597,2.2108223173434727,-0.0
16630,-0.9865716706928774,2.2081093624727215,-0.0
16640,-0.9967906665383205,2.205348774752902,-0.0
16650,-1.007011861668577,2.2025404156973347,-0.0
16660,-1.017235043763026,2.1996841474299047,-0.0
16670,-1.0274599987684572,2.196779832701464,-0.0
16680,-1.0376865108948146,2.193827334906374,-0.0
16690,-1.0479143626110619,2.190826518099182,-0.0
16700,-1.0581433346411726,2.187777247011426,-0.0
16710,-1.068373205960245,2.1846793870685723,-0.0
16720,-1.0786037537907536,2.1815328044070985,-0.0
16730,-1.088834753598921,2.178337365891688,-0.0
16740,-1.0990659790912336,2.1750929391325746,-0.0
16750,-1.1092972022110885,2.17179939250301,-0.0
16760,-1.119528193135578,2.168456595156859,-0.0
16770,-1.1297587202724158,2.165064417046331,-0.0
16780,-1.1399885502570075,2.1616227289398418,-0.0
16790,-1.1502174479496636,2.1581314024399982,-0.0
16800,-1.1604451764329602,2.1545903100017165,-0.0
16810,-1.170671497009251,2.1509993249504644,-0.0
16820,-1.1808961691983293,2.147358321500637,-0.0
16830,-1.1911189507352469,2.14366717477405,-0.0
16840,-1.2013395975682843,2.1399257608185644,-0.0
16850,-1.211557863857089,2.1361339566268387,-0.0
16860,-1.2217735019709637,2.132291640155194,-0.0
16870,-1.2319862624873281,2.128398690342617,-0.0
16880,-1.242195894190341,2.124454987129873,-0.0
16890,-1.252402144069693,2.120460411478743,-0.0
16900,-1.2626047573195711,2.116414845391392,-0.0
16910,-1.2728034773377925,2.1123181719298385,-0.0
16920,-1.2829980457251182,2.108170275235557,-0.0
16930,-1.2931882022847432,2.1039710405491907,-0.0
16940,-1.303373685021966,2.0997203542303824,-0.0
16950,-1.3135542301440422,2.0954181037777193,-0.0
16960,-1.3237295720602245,2.091064177848797,-0.0
16970,-1.3338994433819873,2.0866584662803853,-0.0
16980,-1.3440635749234442,2.082200860108717,-0.0
16990,-1.3542216957019555,2.077691251589878,-0.0
17000,-1.3643735329389346,2.073129534220314,-0.0
17010,-1.3745188120608482,2.068515602757436,-0.0
17020,-1.3846572567004172,2.0638493532403395,-0.0
17030,-1.3947885886980202,2.059130683010622,-0.0
17040,-1.404912528103303,2.0543594907333085,-0.0
17050,-1.4150287931769947,2.0495356764178787,-0.0
17060,-1.4251371003929303,2.0446591414393858,-0.0
17070,-1.435237164440289,2.0397297885596832,-0.0
17080,-1.4453286982260485,2.0347475219487476,-0.0
17090,-1.4554114128776487,2.029712247206086,-0.0
17100,-1.4654850177458842,2.02462387138225,-0.0
17110,-1.4755492204080118,2.019482303000434,-0.0
17120,-1.4856037266710838,2.0142874520781606,-0.0
17130,-1.4956482405755116,2.0090392301490625,-0.0
17140,-1.5056824643988516,2.0037375502847405,-0.0
17150,-1.5157060986598279,1.9983823271167136,-0.0
17160,-1.525718842122588,1.9929734768584422,-0.0
17170,-1.5357203918011926,1.9875109173274423,-0.0
17180,-1.5457104429643447,1.9819945679674649,-0.0
17190,-1.555688689140362,1.976424349870762,-0.0
17200,-1.5656548221223876,1.9708001858004167,-0.0
17210,-1.5756085319738555,1.9651220002127543,-0.0
17220,-1.585549507034189,1.959389719279809,-0.0
17230,-1.5954774339247693,1.9536032709118751,-0.0
17240,-1.6053919975551363,1.9477625847801021,-0.0
17250,-1.6152928811294605,1.9418675923391668,-0.0
17260,-1.625179766153264,1.9359182268500015,-0.0
17270,-1.6350523324404014,1.929914423402571,-0.0
17280,-1.6449102581203077,1.9238561189387167,-0.0
17290,-1.6547532196455004,1.9177432522750382,-0.0
17300,-1.6645808917993592,1.9115757641258375,-0.0
17310,-1.674392947704167,1.9053535971261013,-0.0
17320,-1.6841890588294235,1.8990766958545273,-0.0
17330,-1.6939688950004288,1.8927450068565914,-0.0
17340,-1.7037321244071515,1.8863584786676606,-0.0
17350,-1.7134784136133598,1.8799170618361278,-0.0
17360,-1.7232074275660436,1.8734207089465897,-0.0
17370,-1.73291882960511,1.8668693746430456,-0.0
17380,-1.7426122814733696,1.8602630156521305,-0.0
17390,-1.7522874433267996,1.8536015908063637,-0.0
17400,-1.7619439737451033,1.8468850610674237,-0.0
17410,-1.7715815297425495,1.8401133895494344,-0.0
17420,-1.7811997667791122,1.833286541542267,-0.0
17430,-1.7907983387718962,1.8264044845348546,-0.0
17440,-1.8003768981068649,1.819467188238511,-0.0
17450,-1.809935095650857,1.812474624610252,-0.0
17460,-1.8194725807639076,1.8054267678761187,-0.0
17470,-1.8289890013118724,1.7983235945545006,-0.0
17480,-1.8384840036793433,1.7911650834794437,-0.0
17490,-1.8479572327828828,1.7839512158239588,-0.0
17500,-1.8574083320845516,1.776681975123305,-0.0
17510,-1.866836943605749,1.769357347298264,-0.0
17520,-1.876242707941368,1.761977320678392,-0.0
17530,-1.8856252642742466,1.7545418860252389,-0.0
17540,-1.894984250389947,1.7470510365555494,-0.0
17550,-1.9043193026918395,1.739504767964427,-0.0
17560,-1.9136300562165032,1.7319030784484575,-0.0
17570,-1.922916144649445,1.724245968728799,-0.0
17580,-1.932177200341135,1.7165334420742235,-0.0
17590,-1.9414128543233622,1.70876550432411,-0.0
17600,-1.9506227363259099,1.7009421639113862,-0.0
17610,-1.9598064747935566,1.6930634318854174,-0.0
17620,-1.9689636969033941,1.685129321934826,-0.0
17630,-1.9780940285824717,1.677139850410251,-0.0
17640,-1.987197094525776,1.6690950363470463,-0.0
17650,-1.996272518214516,1.6609949014878866,-0.0
17660,-2.0053199219347575,1.6528394703053157,-0.0
17670,-2.0143389267963694,1.6446287700241988,-0.0
17680,-2.0233291527523156,1.6363628306440994,-0.0
17690,-2.0322902186182557,1.6280416849615502,-0.0
17700,-2.0412217420924996,1.6196653685922475,-0.0
17710,-2.050123339776277,1.6112339199931303,-0.0
17720,-2.058994627194348,1.6027473804843628,-0.0
17730,-2.0678352188159437,1.5942057942712076,-0.0
17740,-2.076644728076037,1.5856092084657782,-0.0
17750,-2.0854227673969583,1.576957673108684,-0.0
17760,-2.0941689482103314,1.5682512411905447,-0.0
17770,-2.102882880979356,1.5594899686733785,-0.0
17780,-2.111564175221421,1.5506739145118595,-0.0
17790,-2.120212439531049,1.5418031406744346,-0.0
17800,-2.1288272816031863,1.5328777121643018,-0.0
17810,-2.1374083082568176,1.5238976970402378,-0.0
17820,-2.14595512545893,1.5148631664372796,-0.0
17830,-2.1544673383487947,1.5057741945872385,-0.0
17840,-2.1629445512626018,1.4966308588390622,-0.0
17850,-2.171386367758421,1.4874332396790282,-0.0
17860,-2.1797923906415,1.478181420750757,-0.0
17870,-2.1881622219899004,1.4688754888750608,-0.0
17880,-2.1964954631804634,1.459515534069602,-0.0
17890,-2.2047917149151144,1.450101649568363,-0.0
17900,-2.213050577247498,1.4406339318409307,-0.0
17910,-2.2212716496099505,1.4311124806115783,-0.0
17920,-2.2294545308407967,1.421537398878143,-0.0
17930,-2.2375988192119918,1.411908792930703,-0.0
17940,-2.245704112457079,1.4022267723700326,-0.0
17950,-2.253770007799488,1.3924914501258416,-0.0
17960,-2.2617961019811603,1.382702942474799,-0.0
17970,-2.2697819912914983,1.3728613690583116,-0.0
17980,-2.2777272715966457,1.3629668529000825,-0.0
17990,-2.2856315383690946,1.3530195204234259,-0.0
18000,-2.293494386717609,1.3430195014683313,-0.0
18010,-2.301315411417484,1.3329669293082866,-0.0
18020,-2.309094206941112,1.322861940666835,-0.0
18030,-2.3168303674888833,1.3127046757338832,-0.0
18040,-2.3245234870203926,1.3024952781817303,-0.0
18050,-2.3321731592859716,1.292233895180835,-0.0
18060,-2.339778977858525,1.2819206774152985,-0.0
18070,-2.3473405361656967,1.2715557790980703,-0.0
18080,-2.3548574275223317,1.2611393579858625,-0.0
18090,-2.362329245163246,1.2506715753937685,-0.0
18100,-2.3697555822763183,1.2401525962095898,-0.0
18110,-2.377136032035873,1.2295825889078533,-0.0
18120,-2.384470187636366,1.2189617255635175,-0.0
18130,-2.3917576423263727,1.2082901818653677,-0.0
18140,-2.3989979894428846,1.1975681371290934,-0.0
18150,-2.406190822445869,1.1867957743100253,-0.0
18160,-2.4133357349531543,1.1759732800155611,-0.0
18170,-2.420432320775589,1.1651008445172404,-0.0
18180,-2.4274801739524765,1.1541786617624794,-0.0
18190,-2.43447888878732,1.1432069293859668,-0.0
18200,-2.4414280598838154,1.1321858487206946,-0.0
18210,-2.4483272821821465,1.1211156248086414,-0.0
18220,-2.4551761509955394,1.1099964664110853,-0.0
18230,-2.4619742620470904,1.0988285860185534,-0.0
18240,-2.4687212115068613,1.0876121998603925,-0.0
18250,-2.475416596029236,1.0763475279139638,-0.0
18260,-2.482060012790538,1.0650347939134541,-0.0
18270,-2.488651059526901,1.053674225358292,-0.0
18280,-2.495189334572397,1.0422660535211792,-0.0
18290,-2.5016744368973973,1.0308105134557086,-0.0
18300,-2.5081059661471965,1.0193078440035919,-0.0
18310,-2.5144835226808624,1.0077582878014644,-0.0
18320,-2.5208067076103253,0.9961620912872852,-0.0
18330,-2.527075122839694,0.984519504706308,-0.0
18340,-2.533288371104809,0.972830782116636,-0.0
18350,-2.5394460560130008,0.9610961813943384,-0.0
18360,-2.5455477820830845,0.9493159642381406,-0.0
18370,-2.5515931547855453,0.9374903961736643,-0.0
18380,-2.55758178058295,0.925619746557235,-0.0
18390,-2.5635132669705514,0.9137042885792295,-0.0
18400,-2.5693872225170935,0.9017442992669793,-0.0
18410,-2.5752032569058065,0.8897400594872074,-0.0
18420,-2.5809609809755902,0.8776918539480062,-0.0
18430,-2.5866600067623797,0.8655999712003463,-0.0
18440,-2.5922999475406874,0.8534647036391164,-0.0
18450,-2.597880417865314,0.841286347503681,-0.0
18460,-2.6034010336132294,0.8290652028779641,-0.0
18470,-2.6088614120256057,0.8168015736900395,-0.0
18480,-2.614261171750015,0.8044957677112428,-0.0
18490,-2.6195999328827586,0.7921480965547769,-0.0
18500,-2.6248773170113546,0.7797588756738315,-0.0
18510,-2.6300929472571553,0.7673284243591945,-0.0
18520,-2.635246448318088,0.7548570657363587,-0.0
18530,-2.6403374465115306,0.7423451267621217,-0.0
18540,-2.6453655698172964,0.7297929382206698,-0.0
18550,-2.65033044792073,0.7172008347191466,-0.0
18560,-2.655231712255909,0.7045691546826993,-0.0
18570,-2.6600689960489468,0.6918982403490042,-0.0
18580,-2.6648419343613803,0.6791884377622611,-0.0
18590,-2.6695501641336445,0.6664400967666593,-0.0
18600,-2.6741933242286238,0.6536535709993075,-0.0
18610,-2.6787710554752726,0.6408292178826276,-0.0
18620,-2.6832830007123074,0.627967398616209,-0.0
18630,-2.687728804831938,0.615068478168115,-0.0
18640,-2.6921081148236663,0.6021328252656489,-0.0
18650,-2.696420579818115,0.5891608123855651,-0.0
18660,-2.7006658511308954,0.5761528157437323,-0.0
18670,-2.7048435823065047,0.5631092152842407,-0.0
18680,-2.7089534291622326,0.5500303946679507,-0.0
18690,-2.712995049832091,0.536916741260483,-0.0
18700,-2.716968104810749,0.5237686461196495,-0.0
18710,-2.7208722569974526,0.510586503982315,-0.0
18720,-2.7247071717399454,0.4973707132506968,-0.0
18730,-2.7284725168783646,0.4841216759780951,-0.0
18740,-2.7321679627891107,0.4708397978540512,-0.0
18750,-2.7357931824286887,0.4575254881889387,-0.0
18760,-2.7393478513774965,0.44417915989797596,-0.0
18770,-2.742831647883568,0.430801229484667,-0.0
18780,-2.7462442529062647,0.4173921170236659,-0.0
18790,-2.7495853501598835,0.4039522461430617,-0.0
18800,-2.7528546261572053,0.3904820440060864,-0.0
18810,-2.7560517702529514,0.3769819412922424,-0.0
18820,-2.7591764746871545,0.3634523721778494,-0.0
18830,-2.7622284346284194,0.3498937743160102,-0.0
18840,-2.7652073482170865,0.33630658881599296,-0.0
18850,-2.7681129166082705,0.3226912602220327,-0.0
18860,-2.7709448440147795,0.30904823649154883,-0.0
18870,-2.773702837749895,0.29537796897277924,-0.0
18880,-2.7763866082700126,0.2816809123818314,-0.0
18890,-2.7789958692171255,0.2679575247791495,-0.0
18900,-2.781530337461155,0.25420826754539855,-0.0
18910,-2.7839897331421173,0.2404336053567669,-0.0
18920,-2.786373779712094,0.22663400615968315,-0.0
18930,-2.788682203977036,0.2128099411449542,-0.0
18940,-2.7909147361383626,0.19896188472131995,-0.0
18950,-2.7930711098343606,0.18509031448842858,-0.0
18960,-2.795151062181362,0.1711957112092316,-0.0
18970,-2.797154333814724,0.15727855878180175,-0.0
18980,-2.799080668929549,0.14333934421057234,-0.0
18990,-2.8009298153211852,0.12937855757700195,-0.0
19000,-2.802701524425473,0.11539669200966483,-0.0
19010,-2.804395551358739,0.10139424365376881,-0.0
19020,-2.806011654957517,0.08737171164010267,-0.0
19030,-2.807549597818006,0.07332959805341518,-0.0
19040,-2.8090091463352307,0.059268407900227624,-0.0
19050,-2.8103900707419207,0.04518864907608214,-0.0
19060,-2.811692145147083,0.031090832332228785,-0.0
19070,-2.812915147574281,0.016975471241753484,-0.0
19080,-2.8140588599995615,0.0028430821651493736,-0.0
19090,-2.815123068389088,-0.011305815784664748,-0.0
19100,-2.816107562736412,-0.025470700777876457,-0.0
19110,-2.8170121370994337,-0.03965104830385901,-0.0
19120,-2.8178365896369604,-0.053846331207793995,-0.0
19130,-2.8185807226449477,-0.06805601972783473,-0.0
19140,-2.819244342592341,-0.08227958153280575,-0.0
19150,-2.8198272601565546,-0.09651648176043552,-0.0
19160,-2.8203292902585426,-0.11076618305611732,-0.0
19170,-2.8207502520975045,-0.12502814561219602,-0.0
19180,-2.8210899691851443,-0.13930182720777343,-0.0
19190,-2.8213482693795573,-0.15358668324903202,-0.0
19200,-2.8215249849186543,-0.16788216681006762,-0.0
19210,-2.8216199524531933,-0.18218772867423094,-0.0
19220,-2.82163301307934,-0.19650281737596983,-0.0
19230,-2.8215640123708066,-0.2108268792431691,-0.0
19240,-2.8214128004105037,-0.2251593584399803,-0.0
19250,-2.8211792318217697,-0.23949969701014126,-0.0
19260,-2.8208631657990844,-0.25384733492077266,-0.0
19270,-2.820464466138337,-0.26820171010665317,-0.0
19280,-2.819983001266587,-0.282562258514962,-0.0
19290,-2.8194186442713316,-0.2969284141504863,-0.0
19300,-2.8187712729292764,-0.31129960912128585,-0.0
19310,-2.8180407697345857,-0.32567527368480875,-0.0
19320,-2.8172270219266164,-0.34005483629445293,-0.0
19330,-2.8163299215171307,-0.3544377236465667,-0.0
19340,-2.8153493653169637,-0.36882336072787947,-0.0
19350,-2.8142852549621584,-0.38321117086336015,-0.0
19360,-2.8131374969395426,-0.39760057576449154,-0.0
19370,-2.8119060026117566,-0.4119909955779584,-0.0
19380,-2.8105906882417186,-0.4263818489347384,-0.0
19390,-2.809191475016508,-0.4407725529995901,-0.0
19400,-2.807708289070683,-0.4551625235209305,-0.0
19410,-2.8061410615090088,-0.4695511748810953,-0.0
19420,-2.8044897284285923,-0.48393792014697173,-0.0
19430,-2.8027542309404225,-0.49832217112099947,-0.0
19440,-2.8009345151903067,-0.5127033383925294,-0.0
19450,-2.799030532379194,-0.5270808313895329,-0.0
19460,-2.797042238782881,-0.5414540584306526,-0.0
19470,-2.7949695957710983,-0.5558224267775894,-0.0
19480,-2.792812569825961,-0.5701853426878106,-0.0
19490,-2.790571132559794,-0.5845422114675815,-0.0
19500,-2.7882452607323076,-0.5988924375252979,-0.0
19510,-2.785834936267123,-0.6132354244251234,-0.0
19520,-2.7833401462676663,-0.627570574940917,-0.0
19530,-2.78076088303238,-0.6418972911104388,-0.0
19540,-2.7780971440692888,-0.6562149742898326,-0.0
19550,-2.775348932109887,-0.6705230252083679,-0.0
19560,-2.7725162551223637,-0.6848208440234396,-0.0
19570,-2.7695991263241413,-0.6991078303758107,-0.0
19580,-2.7665975641937353,-0.7133833834450886,-0.0
19590,-2.7635115924819287,-0.7276469020054296,-0.0
19600,-2.760341240222256,-0.741897784481459,-0.0
19610,-2.7570865417407835,-0.7561354290043951,-0.0
19620,-2.7537475366652076,-0.7703592334683723,-0.0
19630,-2.7503242699332313,-0.7845685955869494,-0.0
19640,-2.746816791800241,-0.7987629129497914,-0.0
19650,-2.7432251578462803,-0.812941583079524,-0.0
19660,-2.7395494289822997,-0.8271040034887385,-0.0
19670,-2.735789671455687,-0.841249571737143,-0.0
19680,-2.7319459568550952,-0.8553776854888544,-0.0
19690,-2.7280183621145233,-0.8694877425698072,-0.0
19700,-2.7240069695166915,-0.883579141025285,-0.0
19710,-2.7199118666956696,-0.8976512791775494,-0.0
19720,-2.715733146638796,-0.9117035556835685,-0.0
19730,-2.711470907687841,-0.9257353695928244,-0.0
19740,-2.707125253539455,-0.9397461204051947,-0.0
19750,-2.7026962932448577,-0.9537352081288928,-0.0
19760,-2.6981841412088157,-0.9677020333384667,-0.0
19770,-2.6935889171878498,-0.9816459972328263,-0.0
19780,-2.68891074628773,-0.9955665016933127,-0.0
19790,-2.6841497589601997,-1.009462949341773,-0.0
19800,-2.6793060909989768,-1.0233347435986546,-0.0
19810,-2.6743798835350034,-1.037181288741087,-0.0
19820,-2.669371283030944,-1.0510019899609544,-0.0
19830,-2.664280441274948,-1.0647962534229403,-0.0
19840,-2.6591075153736545,-1.078563486322536,-0.0
19850,-2.653852667744465,-1.0923030969440042,-0.0
19860,-2.648516066107058,-1.1060144947182804,-0.0
19870,-2.643097883474162,-1.119697090280807,-0.0
19880,-2.6375982981415835,-1.1333502955292871,-0.0
19890,-2.632017493677493,-1.1469735236813472,-0.0
19900,-2.6263556589109567,-1.1605661893320927,-0.0
19910,-2.620612987919738,-1.1741277085115562,-0.0
19920,-2.61478968001735,-1.1876574987420199,-0.0
19930,-2.608885939739368,-1.2011549790951968,-0.0
19940,-2.6029019768290094,-1.214619570249274,-0.0
19950,-2.5968380062219603,-1.2280506945457874,-0.0
19960,-2.590694248030492,-1.241447776046343,-0.0
19970,-2.58447092752682,-1.2548102405891406,-0.0
19980,-2.5781682751257486,-1.2681375158453254,-0.0
19990,-2.571786526366578,-1.2814290313751213,-0.0
20000,-2.5653259218942925,-1.2946842186837664,-0.0
20010,-2.55878670744002,-1.3079025112772151,-0.0
20020,-2.552169133800778,-1.3210833447176165,-0.0
20030,-2.545473456818497,-1.3342261566785374,-0.0
20040,-2.5386999373583325,-1.347330386999939,-0.0
20050,-2.531848841286277,-1.3603954777428868,-0.0
20060,-2.524920439446043,-1.3734208732439785,-0.0
20070,-2.5179150076352754,-1.3864060201694952,-0.0
20080,-2.5108328265810362,-1.3993503675692442,-0.0
20090,-2.5036741819146195,-1.4122533669301067,-0.0
20100,-2.4964393641456617,-1.4251144722292577,-0.0
20110,-2.4891286686355714,-1.4379331399870634,-0.0
20120,-2.4817423955702904,-1.450708829319642,-0.0
20130,-2.4742808499323585,-1.46344100199107,-0.0
20140,-2.466744341472331,-1.4761291224652382,-0.0
20150,-2.4591331846795192,-1.4887726579573366,-0.0
20160,-2.451447698752072,-1.5013710784849608,-0.0
20170,-2.4436882075664164,-1.5139238569188334,-0.0
20180,-2.435855039646029,-1.5264304690331254,-0.0
20190,-2.42794852812959,-1.5388903935553753,-0.0
20200,-2.419969010738486,-1.5513031122159908,-0.0
20210,-2.4119168297436904,-1.5636681097973248,-0.0
20220,-2.4037923319320207,-1.5759848741823188,-0.0
20230,-2.3955958685717738,-1.5882528964026992,-0.0
20240,-2.38732779537776,-1.6004716706867252,-0.0
20250,-2.3789884724757364,-1.6126406945064802,-0.0
20260,-2.3705782643662294,-1.6247594686246787,-0.0
20270,-2.3620975398877877,-1.6368274971410108,-0.0
20280,-2.353546672179642,-1.6488442875379898,-0.0
20290,-2.3449260386437962,-1.6608093507263093,-0.0
20300,-2.3362360209065542,-1.6727222010896963,-0.0
20310,-2.32747700477948,-1.6845823565292477,-0.0
20320,-2.3186493802198163,-1.6963893385072553,-0.0
20330,-2.3097535412903594,-1.7081426720904984,-0.0
20340,-2.300789886118793,-1.7198418859930014,-0.0
20350,-2.291758816856505,-1.7314865126182513,-0.0
20360,-2.2826607396368788,-1.743076088100863,-0.0
20370,-2.2734960645330786,-1.754610152347688,-0.0
20380,-2.2642652055153327,-1.7660882490783578,-0.0
20390,-2.2549685804077297,-1.7775099258652596,-0.0
20400,-2.245606610844522,-1.7888747341729276,-0.0
20410,-2.2361797222259603,-1.8001822293968566,-0.0
20420,-2.226688343673664,-1.8114319709017164,-0.0
20430,-2.2171329079855315,-1.8226235220589768,-0.0
20440,-2.2075138515902046,-1.8337564502839205,-0.0
20450,-2.197831614501096,-1.844830327072054,-0.0
20460,-2.1880866402699874,-1.8558447280348964,-0.0
20470,-2.178279375940207,-1.8667992329351486,-0.0
20480,-2.1684102719994,-1.8776934257212377,-0.0
20490,-2.1584797823318977,-1.888526894561225,-0.0
20500,-2.1484883641706953,-1.89929923187608,-0.0
20510,-2.1384364780490506,-1.9100100343723065,-0.0
20520,-2.1283245877517154,-1.9206589030739316,-0.0
20530,-2.118153160265795,-1.9312454433538233,-0.0
20540,-2.107922665731275,-1.9417692649643785,-0.0
20550,-2.097633577391186,-1.952229982067519,-0.0
20560,-2.0872863715414582,-1.9626272132640483,-0.0
20570,-2.07688152748044,-1.9729605816223212,-0.0
20580,-2.066419527458116,-1.9832297147062514,-0.0
20590,-2.0559008566250196,-1.9934342446026332,-0.0
20600,-2.04532600298086,-2.00357380794779,-0.0
20610,-2.0346954573228664,-2.013648045953534,-0.0
20620,-2.0240097131938675,-2.023656604432444,-0.0
20630,-2.0132692668301067,-2.033599133822443,-0.0
20640,-2.0024746171088146,-2.0434752892106975,-0.0
20650,-1.9916262654955443,-2.05328473035681,-0.0
20660,-1.9807247159912726,-2.0630271217153147,-0.0
20670,-1.9697704750792975,-2.0727021324574864,-0.0
20680,-1.9587640516719136,-2.0823094364924244,-0.0
20690,-1.9477059570569062,-2.091848712487452,-0.0
20700,-1.9365967048438557,-2.1013196438878023,-0.0
20710,-1.9254368109102642,-2.1107219189355955,-0.0
20720,-1.9142267933475272,-2.1200552306881115,-0.0
20730,-1.902967172406742,-2.12931927703535,-0.0
20740,-1.891658470444382,-2.138513760716877,-0.0
20750,-1.880301211867836,-2.147638389337969,-0.0
20760,-1.8688959230808275,-2.156692875385034,-0.0
20770,-1.8574431324287224,-2.1656769362403256,-0.0
20780,-1.8459433701437367,-2.174590294195944,-0.0
20790,-1.8343971682900577,-2.1834326764671195,-0.0
20800,-1.8228050607088804,-2.192203815204788,-0.0
20810,-1.811167582963384,-2.20090344750745,-0.0
20820,-1.799485272283643,-2.20953131543232,-0.0
20830,-1.7877586675114923,-2.218087166005756,-0.0
20840,-1.7759883090453614,-2.22657075123299,-0.0
20850,-1.764174738785074,-2.2349818281071387,-0.0
20860,-1.7523185000766344,-2.2433201586175047,-0.0
20870,-1.7404201376570148,-2.251585509757179,-0.0
20880,-1.7284801975989297,-2.2597776535299214,-0.0
20890,-1.7164992272556454,-2.2678963669563514,-0.0
20900,-1.704477775205801,-2.2759414320794256,-0.0
20910,-1.6924163911982655,-2.2839126359692137,-0.0
20920,-1.6803156260970467,-2.2918097707269802,-0.0
20930,-1.6681760318262469,-2.299632633488569,-0.0
20940,-1.6559981613150883,-2.307381026427083,-0.0
20950,-1.6437825684430103,-2.3150547567548827,-0.0
20960,-1.6315298079848568,-2.3226536367248922,-0.0
20970,-1.6192404355561472,-2.3301774836312097,-0.0
20980,-1.6069150075584628,-2.3376261198090473,-0.0
20990,-1.5945540811249395,-2.3449993726339806,-0.0
21000,-1.5821582140658874,-2.352297074520525,-0.0
21010,-1.5697279648145364,-2.359519062920031,-0.0
21020,-1.557263892372934,-2.3666651803179235,-0.0
21030,-1.544766556257987,-2.3737352742302584,-0.0
21040,-1.532236516447659,-2.380729197199618,-0.0
21050,-1.519674333327351,-2.3876468067903645,-0.0
21060,-1.5070805676364483,-2.3944879655832163,-0.0
21070,-1.494455780415058,-2.4012525411691827,-0.0
21080,-1.481800532950946,-2.40794040614286,-0.0
21090,-1.4691153867266709,-2.4145514380950686,-0.0
21100,-1.4564009033669438,-2.421085519604873,-0.0
21110,-1.4436576445861955,-2.42754253823095,-0.0
21120,-1.4308861721363864,-2.4339223865023465,-0.0
21130,-1.4180870477550407,-2.440224961908593,-0.0
21140,-1.4052608331135517,-2.4464501668892353,-0.0
21150,-1.39240808976571,-2.4525979088227086,-0.0
21160,-1.3795293790965233,-2.4586681000146458,-0.0
21170,-1.3666252622712873,-2.4646606576855556,-0.0
21180,-1.3536963001849478,-2.4705755039579222,-0.0
21190,-1.34074305341174,-2.476412565842706,-0.0
21200,-1.3277660821551287,-2.4821717752252646,-0.0
21210,-1.3147659461980423,-2.4878530688506877,-0.0
21220,-1.3017432048534248,-2.4934563883085774,-0.0
21230,-1.288698416915089,-2.4989816800172315,-0.0
21240,-1.2756321406089126,-2.504428895207307,-0.0
21250,-1.2625449335443397,-2.509797989904887,-0.0
21260,-1.2494373526662412,-2.5150889249140347,-0.0
21270,-1.2363099542071023,-2.5203016657987862,-0.0
21280,-1.2231632936395662,-2.525436182864612,-0.0
21290,-1.209997925629337,-2.5304924511393616,-0.0
21300,-1.1968144039884343,-2.53547045035367,-0.0
21310,-1.1836132816288283,-2.540370164920862,-0.0
21320,-1.1703951105164405,-2.5451915839163415,-0.0
21330,-1.1571604416255301,-2.5499347010564866,-0.0
21340,-1.1439098248934625,-2.554599514677042,-0.0
21350,-1.1306438091758737,-2.5591860277110348,-0.0
21360,-1.1173629422022302,-2.563694247666204,-0.0
21370,-1.1040677705317876,-2.5681241866019517,-0.0
21380,-1.0907588395099654,-2.572475861105847,-0.0
21390,-1.0774366932251291,-2.5767492922696538,-0.0
21400,-1.0641018744657882,-2.580944505664912,-0.0
21410,-1.0507549246782257,-2.585061531318085,-0.0
21420,-1.037396383924545,-2.589100403685257,-0.0
21430,-1.0240267908411582,-2.5930611616264145,-0.0
21440,-1.0106466825977014,-2.5969438483792935,-0.0
21450,-0.9972565948564005,-2.6007485115328253,-0.0
21460,-0.9838570617318758,-2.604475203000174,-0.0
21470,-0.970448615751397,-2.608123978991364,-0.0
21480,-0.9570317878155927,-2.611694899985537,-0.0
21490,-0.9436071071596122,-2.6151880307028015,-0.0
21500,-0.9301751013147566,-2.6186034400757348,-0.0
21510,-0.9167362960705615,-2.6219412012204875,-0.0
21520,-0.9032912154373591,-2.62520139140756,-0.0
21530,-0.8898403816092999,-2.628384092032193,-0.0
21540,-0.8763843149278573,-2.6314893885844453,-0.0
21550,-0.8629235338458024,-2.6345173706189144,-0.0
21560,-0.8494585548916578,-2.637468131724131,-0.0
21570,-0.8359898926346395,-2.640341769491646,-0.0
21580,-0.8225180596500755,-2.643138385484784,-0.0
21590,-0.8090435664853175,-2.645858085207112,-0.0
21600,-0.7955669216261373,-2.648500978070593,-0.0
21610,-0.7820886314636178,-2.651067177363463,-0.0
21620,-0.768609200261536,-2.653556800217821,-0.0
21630,-0.7551291301242393,-2.655969967576941,-0.0
21640,-0.7416489209650236,-2.6583068041623292,-0.0
21650,-0.728169070475005,-2.6605674384405105,-0.0
21660,-0.7146900740924945,-2.6627520025895706,-0.0
21670,-0.7012124249728746,-2.664860632465461,-0.0
21680,-0.6877366139589757,-2.666893467568052,-0.0
21690,-0.6742631295519601,-2.6688506510069816,-0.0
21700,-0.6607924578827077,-2.6707323294672625,-0.0
21710,-0.6473250826837108,-2.672538653174697,-0.0
21720,-0.6338614852614729,-2.674269775861073,-0.0
21730,-0.6204021444694148,-2.675925854729171,-0.0
21740,-0.60694753668129,-2.6775070504175797,-0.0
21750,-0.5934981357651085,-2.6790135269653397,-0.0
21760,-0.5800544130575649,-2.6804454517763894,-0.0
21770,-0.5666168373389819,-2.6818029955838822,-0.0
21780,-0.5531858748087558,-2.683086332414306,-0.0
21790,-0.5397619890613156,-2.684295639551485,-0.0
21800,-0.5263456410625871,-2.6854310975004143,-0.0
21810,-0.5129372891269671,-2.686492889950969,-0.0
21820,-0.4995373888948048,-2.6874812037414877,-0.0
21830,-0.4861463933103909,-2.6883962288222283,-0.0
21840,-0.4727647526004506,-2.689238158218705,-0.0
21850,-0.45939291425314877,-2.6900071879949383,-0.0
21860,-0.4460313229975919,-2.69070351721658,-0.0
21870,-0.4326804207838421,-2.6913273479139654,-0.0
21880,-0.41934064676342775,-2.6918788850450674,-0.0
21890,-0.4060124372703608,-2.6923583364583803,-0.0
21900,-0.3926962258026535,-2.6927659128557333,-0.0
21910,-0.37939244300433184,-2.6931018277550223,-0.0
21920,-0.3661015166479523,-2.6933662974529127,-0.0
21930,-0.35282387161761025,-2.693559540987467,-0.0
21940,-0.33955992989244566,-2.6936817801007384,-0.0
21950,-0.32631011053064146,-2.6937332392013267,-0.0
21960,-0.31307482965391403,-2.6937141453269056,-0.0
21970,-0.29985450043249146,-2.693624728106717,-0.0
21980,-0.28664953307058155,-2.6934652197240605,-0.0
21990,-0.27346033479232323,-2.693235854878758,-0.0
22000,-0.2602873098282227,-2.692936870749624,-0.0
22010,-0.2471308594020707,-2.6925685069569383,-0.0
22020,-0.2339913817183374,-2.6921310055249115,-0.0
22030,-0.2208692719500452,-2.691624610844183,-0.0
22040,-0.20776492222711468,-2.69104956963433,-0.0
22050,-0.19467872162518204,-2.690406130906401,-0.0
22060,-0.1816110561548856,-2.689694545925487,-0.0
22070,-0.16856230875161862,-2.6889150681733267,-0.0
22080,-0.15553285926574464,-2.688067953310953,-0.0
22090,-0.14252308445327475,-2.687153459141401,-0.0
22100,-0.12953335796700113,-2.6861718455724515,-0.0
22110,-0.11656405034808656,-2.6851233745794594,-0.0
22120,-0.10361552901810453,-2.684008310168224,-0.0
22130,-0.09068815827152875,-2.6828269183379505,-0.0
22140,-0.07778229926866785,-2.6815794670442803,-0.0
22150,-0.06489831002904223,-2.6802662261624066,-0.0
22160,-0.05203654542519964,-2.6788874674502647,-0.0
22170,-0.03919735717696732,-2.6774434645118452,-0.0
22180,-0.0263810938461352,-2.6759344927605677,-0.0
22190,-0.013588100831568969,-2.674360829382793,-0.0
22200,-0.0008187203647477881,-2.6727227533014153,-0.0
22210,0.011926708494275799,-2.6710205451395828,-0.0
22220,0.024647849860497867,-2.669254487184528,-0.0
22230,0.03734437102717058,-2.6674248633515347,-0.0
22240,0.05001594246859858,-2.665531959148008,-0.0
22250,0.06266223784252832,-2.6635760616376936,-0.0
22260,0.07528293399213398,-2.6615574594050306,-0.0
22270,0.0878777109476037,-2.659476442519639,-0.0
22280,0.10044625192733007,-2.6573333025009576,-0.0
22290,0.11298824333870862,-2.655128332283019,-0.0
22300,0.1255033747785485,-2.652861826179394,-0.0
22310,0.1379913390330995,-2.6505340798482893,-0.0
22320,0.15045183207769763,-2.6481453902577825,-0.0
22330,0.16288455307603703,-2.6456960556512654,-0.0
22340,0.17528920437906736,-2.6431863755130065,-0.0
22350,0.1876654915235256,-2.6406166505339326,-0.0
22360,0.2000131232301022,-2.6379871825775454,-0.0
22370,0.212331811401249,-2.635298274646048,-0.0
22380,0.22462127111863084,-2.6325502308466375,-0.0
22390,0.23688122064022624,-2.629743356357988,-0.0
22400,0.24911138139708083,-2.6268779573969256,-0.0
22410,0.26131147798971827,-2.623954341185298,-0.0
22420,0.27348123818421166,-2.620972815917027,-0.0
22430,0.2856203929079219,-2.617933690725379,-0.0
22440,0.2977286762449046,-2.614837275650426,-0.0
22450,0.3098058254309922,-2.61168388160671,-0.0
22460,0.3218515808485538,-2.608473820351123,-0.0
22470,0.333865686020939,-2.6052074044509963,-0.0
22480,0.3458478876066076,-2.6018849472523975,-0.0
22490,0.3577979353929512,-2.598506762848646,-0.0
22500,0.36971558228981083,-2.5950731660490507,-0.0
22510,0.3816005843226951,-2.591584472347866,-0.0
22520,0.3934527006257017,-2.588040997893466,-0.0
22530,0.4052716934341499,-2.5844430594577616,-0.0
22540,0.4170573280769237,-2.58079097440582,-0.0
22550,0.42880937296853433,-2.5770850606657363,-0.0
22560,0.44052759960090454,-2.5733256366987214,-0.0
22570,0.4522117825348799,-2.569513021469445,-0.0
22580,0.46386169939146893,-2.565647534416589,-0.0
22590,0.47547713084282006,-2.561729495423655,-0.0
22600,0.4870578606029384,-2.5577592247900145,-0.0
22610,0.4986036754181438,-2.5537370432021813,-0.0
22620,0.5101143650572807,-2.5496632717053536,-0.0
22630,0.5215897223016785,-2.5455382316751813,-0.0
22640,0.5330295429348684,-2.5413622447897866,-0.0
22650,0.544433625732063,-2.537135633002033,-0.0
22660,0.5558017724493995,-2.5328587185120393,-0.0
22670,0.567133787812957,-2.528531823739955,-0.0
22680,0.578429479507541,-2.5241552712989686,-0.0
22690,0.5896886581652548,-2.519729383968594,-0.0
22700,0.6009111373538459,-2.515254484668185,-0.0
22710,0.6120967335648452,-2.5107308964307244,-0.0
22720,0.6232452662014935,-2.506158942376858,-0.0
22730,0.6343565575664667,-2.5015389456891937,-0.0
22740,0.645430432849399,-2.4968712295868527,-0.0
22750,0.6564667201142116,-2.492156117300286,-0.0
22760,0.667465250286245,-2.4873939320463347,-0.0
22770,0.6784258571392106,-2.4825849970035754,-0.0
22780,0.6893483772819545,-2.4777296352879046,-0.0
22790,0.7002326501450418,-2.4728281699283974,-0.0
22800,0.7110785179671661,-2.4678809238434205,-0.0
22810,0.7218858257813898,-2.46288821981701,-0.0
22820,0.7326544214012153,-2.4578503804755205,-0.0
22830,0.7433841554064923,-2.45276772826452,-0.0
22840,0.754074881129168,-2.4476405854259617,-0.0
22850,0.7647264546388818,-2.4424692739756177,-0.0
22860,0.7753387347284075,-2.4372541156807705,-0.0
22870,0.7859115828989515,-2.4319954320381765,-0.0
22880,0.796444863345303,-2.426693544252287,-0.0
22890,0.8069384429408492,-2.421348773213733,-0.0
22900,0.8173921912224527,-2.4159614394780853,-0.0
22910,0.8278059803751979,-2.4105318632448576,-0.0
22920,0.8381796852170114,-2.4050603643367996,-0.0
22930,0.8485131831831515,-2.3995472621794236,-0.0
22940,0.858806354310589,-2.393992875780828,-0.0
22950,0.8690590812222596,-2.388397523711754,-0.0
22960,0.8792712491112116,-2.382761524085922,-0.0
22970,0.8894427457246399,-2.3770851945406286,-0.0
22980,0.8995734613478171,-2.3713688522175995,-0.0
22990,0.9096632887879202,-2.3656128137441095,-0.0
23000,0.9197121233577613,-2.3598173952143613,-0.0
23010,0.9297198628594229,-2.353982912171129,-0.0
23020,0.9396864075677974,-2.3481096795876497,-0.0
23030,0.9496116602140483,-2.342198011849793,-0.0
23040,0.9594955259689764,-2.3362482227384715,-0.0
23050,0.9693379124263127,-2.330260625412322,-0.0
23060,0.9791387295859295,-2.3242355323906354,-0.0
23070,0.988897889836978,-2.318173255536549,-0.0
23080,0.9986153079409562,-2.312074106040491,-0.0
23090,1.0082909010147083,-2.3059383944038827,-0.0
23100,1.0179245885133579,-2.299766430423091,-0.0
23110,1.0275162922131824,-2.2935585231736373,-0.0
23120,1.0370659361944297,-2.2873149809946587,-0.0
23130,1.0465734468240757,-2.2810361114736177,-0.0
23140,1.056038752738537,-2.2747222214312663,-0.0
23150,1.065461784826324,-2.2683736169068496,-0.0
23160,1.0748424762106625,-2.2619906031435746,-0.0
23170,1.0841807622320592,-2.255573484574308,-0.0
23180,1.0934765804308346,-2.249122564807531,-0.0
23190,1.1027298705296196,-2.2426381466135354,-0.0
23200,1.111940574415811,-2.2361205319108617,-0.0
23210,1.1211086361240061,-2.2295700217529846,-0.0
23220,1.1302340018183996,-2.222986916315232,-0.0
23230,1.139316619775162,-2.216371514881955,-0.0
23240,1.1483564403647892,-2.20972411583392,-0.0
23250,1.1573534160344368,-2.2030450166359543,-0.0
23260,1.1663075012902333,-2.1963345138248194,-0.0
23270,1.1752186526795836,-2.1895929029973207,-0.0
23280,1.1840868287734538,-2.182820478798649,-0.0
23290,1.1929119901486502,-2.176017534910955,-0.0
23300,1.201694099370091,-2.1691843640421546,-0.0
23310,1.2104331209730739,-2.162321257914964,-0.0
23320,1.2191290214455386,-2.1554285072561554,-0.0
23330,1.2277817692103334,-2.1485064017860522,-0.0
23340,1.236391334607481,-2.1415552302082337,-0.0
23350,1.2449576898764514,-2.134575280199473,-0.0
23360,1.2534808091384442,-2.1275668383998934,-0.0
23370,1.2619606683786724,-2.120530190403343,-0.0
23380,1.2703972454286694,-2.1134656207479887,-0.0
23390,1.2787905199486018,-2.106373412907131,-0.0
23400,1.2871404734095986,-2.0992538492802266,-0.0
23410,1.295447089076106,-2.0921072111841306,-0.0
23420,1.3037103519882518,-2.084933778844544,-0.0
23430,1.3119302489442453,-2.0777338313876874,-0.0
23440,1.3201067684827867,-2.0705076468321586,-0.0
23450,1.3282399008655161,-2.0632555020810193,-0.0
23460,1.3363296380594858,-2.0559776729140764,-0.0
23470,1.3443759737196617,-2.0486744339803717,-0.0
23480,1.3523789031714566,-2.041346058790865,-0.0
23490,1.3603384233933045,-2.033992819711333,-0.0
23500,1.3682545329992615,-2.0266149879554507,-0.0
23510,1.3761272322216513,-2.019212833578082,-0.0
23520,1.3839565228937467,-2.011786625468756,-0.0
23530,1.3917424084324936,-2.004336631345345,-0.0
23540,1.3994848938212814,-1.9968631177479308,-0.0
23550,1.4071839855927468,-1.989366350032857,-0.0
23560,1.4148396918116406,-1.981846592366979,-0.0
23570,1.422452022057729,-1.974304107722094,-0.0
23580,1.4300209874087453,-1.9667391578695512,-0.0
23590,1.4375466004234052,-1.959152003375062,-0.0
23600,1.445028875124456,-1.951542903593671,-0.0
23610,1.4524678269817943,-1.9439121166649225,-0.0
23620,1.4598634728956308,-1.936259899508191,-0.0
23630,1.4672158311797192,-1.9285865078182078,-0.0
23640,1.4745249215446317,-1.9208921960607352,-0.0
23650,1.4817907650811082,-1.913177217468439,-0.0
23660,1.489013384243455,-1.9054418240369135,-0.0
23670,1.496192802833009,-1.897686266520884,-0.0
23680,1.5033290459816682,-1.8899107944305749,-0.0
23690,1.510422140135483,-1.8821156560282428,-0.0
23700,1.5174721130383146,-1.8743010983248747,-0.0
23710,1.5244789937155598,-1.866467367077045,-0.0
23720,1.531442812457944,-1.8586147067839356,-0.0
23730,1.5383636008053827,-1.8507433606845123,-0.0
23740,1.5452413915309167,-1.8428535707548626,-0.0
23750,1.5520762186247103,-1.8349455777056758,-0.0
23760,1.5588681172781331,-1.8270196209798961,-0.0
23770,1.5656171238679044,-1.8190759387505084,-0.0
23780,1.5723232759403154,-1.8111147679184798,-0.0
23790,1.578986612195533,-1.8031363441108568,-0.0
23800,1.585607172471968,-1.795140901678996,-0.0
23810,1.592184997730729,-1.7871286736969474,-0.0
23820,1.5987201300401521,-1.779099891959978,-0.0
23830,1.6052126125604045,-1.7710547869832347,-0.0
23840,1.6116624895281748,-1.762993588000547,-0.0
23850,1.618069806241439,-1.7549165229633712,-0.0
23860,1.6244346090443074,-1.7468238185398623,-0.0
23870,1.6307569453119546,-1.7387157001140878,-0.0
23880,1.6370368634356318,-1.7305923917853663,-0.0
23890,1.6432744128077605,-1.7224541163677443,-0.0
23900,1.649469643807114,-1.7143010953895967,-0.0
23910,1.6556226077840732,-1.7061335490933516,-0.0
23920,1.661733357045985,-1.697951696435352,-0.0
23930,1.6678019448425845,-1.6897557550858269,-0.0
23940,1.673828425351525,-1.6815459414289973,-0.0
23950,1.6798128536639743,-1.6733224705632905,-0.0
23960,1.6857552857703146,-1.665085556301684,-0.0
23970,1.6916557785459212,-1.6568354111721604,-0.0
23980,1.6975143897370286,-1.6485722464182777,-0.0
23990,1.7033311779466964,-1.6402962719998604,-0.0
24000,1.7091062026208423,-1.6320076965937877,-0.0
24010,1.714839524034393,-1.623706727594914,-0.0
24020,1.7205312032774962,-1.6153935711170742,-0.0
24030,1.7261813022418506,-1.607068431994221,-0.0
24040,1.7317898836070973,-1.5987315137816438,-0.0
24050,1.7373570108273282,-1.5903830187573118,-0.0
24060,1.742882748117672,-1.5820231479233096,-0.0
24070,1.74836716044097,-1.5736521010073732,-0.0
24080,1.7538103134945546,-1.5652700764645342,-0.0
24090,1.7592122736971065,-1.5568772714788488,-0.0
24100,1.764573108175613,-1.5484738819652355,-0.0
24110,1.7698928847524207,-1.5400601025714038,-0.0
24120,1.7751716719323685,-1.531636126679871,-0.0
24130,1.78040953889003,-1.5232021464100802,-0.0
24140,1.7856065554570333,-1.5147583526206,-0.0
24150,1.7907627921094857,-1.50630493491142,-0.0
24160,1.7958783199554849,-1.4978420816263285,-0.0
24170,1.8009532107227297,-1.489369979855384,-0.0
24180,1.8059875367462153,-1.4808888154374595,-0.0
24190,1.810981370956029,-1.47239877296288,-0.0
24200,1.8159347868652411,-1.4639000357761394,-0.0
24210,1.820847858557883,-1.455392785978695,-0.0
24220,1.825720660677024,-1.4468772044318436,-0.0
24230,1.8305532684129393,-1.4383534707596726,-0.0
24240,1.835345757491375,-1.4298217633520915,-0.0
24250,1.8400982041619038,-1.4212822593679342,-0.0
24260,1.8448106851863748,-1.4127351347381365,-0.0
24270,1.8494832778274592,-1.4041805641689842,-0.0
24280,1.85411605983729,-1.3956187211454367,-0.0
24290,1.8587091094461896,-1.3870497779345115,-0.0
24300,1.8632625053514988,-1.3784739055887465,-0.0
24310,1.8677763267064968,-1.369891273949722,-0.0
24320,1.8722506531094096,-1.3613020516516505,-0.0
24330,1.8766855645925196,-1.3527064061250331,-0.0
24340,1.8810811416113637,-1.3441045036003747,-0.0
24350,1.8854374650340253,-1.3354965091119646,-0.0
24360,1.8897546161305196,-1.3268825865017149,-0.0
24370,1.8940326765622721,-1.3182628984230604,-0.0
24380,1.8982717283716886,-1.3096376063449149,-0.0
24390,1.9024718539718193,-1.3010068705556854,-0.0
24400,1.906633136136113,-1.2923708501673408,-0.0
24410,1.9107556579882667,-1.2837297031195365,-0.0
24420,1.9148395029921637,-1.2750835861837926,-0.0
24430,1.918884754941905,-1.2664326549677212,-0.0
24440,1.922891497951933,-1.2577770639193084,-0.0
24450,1.9268598164472428,-1.2491169663312438,-0.0
24460,1.9307897951536928,-1.240452514345301,-0.0
24470,1.9346815190883915,-1.2317838589567607,-0.0
24480,1.9385350735501936,-1.2231111500188885,-0.0
24490,1.9423505441102686,-1.2144345362474505,-0.0
24500,1.946128016602771,-1.2057541652252763,-0.0
24510,1.9498675771155976,-1.1970701834068684,-0.0
24520,1.9535693119812287,-1.1883827361230468,-0.0
24530,1.9572333077676647,-1.17969196758564,-0.0
24540,1.9608596512694514,-1.1709980208922175,-0.0
24550,1.9644484294987865,-1.162301038030854,-0.0
24560,1.9679997296767273,-1.1536011598849432,-0.0
24570,1.9715136392244694,-1.1448985262380351,-0.0
24580,1.9749902457547295,-1.1361932757787223,-0.0
24590,1.9784296370632026,-1.1274855461055533,-0.0
24600,1.9818319011201124,-1.1187754737319817,-0.0
24610,1.9851971260618502,-1.1100631940913526,-0.0
24620,1.9885254001826884,-1.1013488415419146,-0.0
24630,1.9918168119265973,-1.0926325493718703,-0.0
24640,1.9950714498791322,-1.0839144498044528,-0.0
24650,1.9982894027594105,-1.0751946740030314,-0.0
24660,2.0014707594121766,-1.0664733520762502,-0.0
24670,2.0046156087999454,-1.0577506130831902,-0.0
24680,2.007724039995235,-1.0490265850385607,-0.0
24690,2.0107961421728775,-1.040301394917916,-0.0
24700,2.0138320046024196,-1.0315751686628996,-0.0
24710,2.016831716640597,-1.0228480311865074,-0.0
24720,2.019795367723898,-1.0141201063783805,-0.0
24730,2.0227230473612066,-1.0053915171101178,-0.0
24740,2.0256148451265257,-0.9966623852406103,-0.0
24750,2.028470850651786,-0.9879328316213994,-0.0
24760,2.031291153619723,-0.9792029761020491,-0.0
24770,2.0340758437568556,-0.9704729375355482,-0.0
24780,2.0368250108265213,-0.9617428337837217,-0.0
24790,2.0395387446220044,-0.9530127817226641,-0.0
24800,2.0422171349597398,-0.9442828972481923,-0.0
24810,2.044860271672596,-0.9355532952813107,-0.0
24820,2.04746824460323,-0.9268240897736959,-0.0
24830,2.050041143597531,-0.9180953937131953,-0.0
24840,2.052579058498128,-0.909367319129339,-0.0
24850,2.0550820791379842,-0.9006399770988672,-0.0
24860,2.0575502953340647,-0.8919134777512722,-0.0
24870,2.0599837968810757,-0.8831879302743482,-0.0
24880,2.06238267354528,-0.8744634429197562,-0.0
24890,2.064747015058395,-0.8657401230086013,-0.0
24900,2.0670769111115566,-0.8570180769370181,-0.0
24910,2.069372451349357,-0.8482974101817662,-0.0
24920,2.071633725363957,-0.8395782273058349,-0.0
24930,2.0738608226892805,-0.83086063196406,-0.0
24940,2.0760538327952602,-0.8221447269087429,-0.0
24950,2.078212845082182,-0.8134306139952829,-0.0
24960,2.080337948875074,-0.8047183941878118,-0.0
24970,2.0824292334181855,-0.7960081675648369,-0.0
24980,2.084486787869532,-0.7873000333248924,-0.0
24990,2.086510701295502,-0.7785940897921895,-0.0
25000,2.0885010626655465,-0.7698904344222778,-0.0
25010,2.090457960846926,-0.761189163807707,-0.0
25020,2.092381484599528,-0.7524903736836926,-0.0
25030,2.0942717225707645,-0.7437941589337874,-0.0
25040,2.0961287632905217,-0.7351006135955528,-0.0
25050,2.097952695166179,-0.7264098308662306,-0.0
25060,2.0997436064777086,-0.7177219031084231,-0.0
25070,2.101501585372821,-0.7090369218557658,-0.0
25080,2.103226719862194,-0.7003549778186081,-0.0
25090,2.104919097814755,-0.6916761608896891,-0.0
25100,2.106578806953035,-0.6830005601498162,-0.0
25110,2.108205934848579,-0.674328263873541,-0.0
25120,2.1098005689174304,-0.6656593595348339,-0.0
25130,2.1113627964156736,-0.6569939338127615,-0.0
25140,2.112892704435034,-0.6483320725971538,-0.0
25150,2.114390379898553,-0.6396738609942779,-0.0
25160,2.115855909556308,-0.6310193833325005,-0.0
25170,2.1172893799812145,-0.622368723167955,-0.0
25180,2.1186908775648674,-0.6137219632901986,-0.0
25190,2.1200604885134613,-0.6050791857278687,-0.0
25200,2.1213982988437534,-0.5964404717543331,-0.0
25210,2.122704394379106,-0.5878059018933384,-0.0
25220,2.123978860745567,-0.5791755559246488,-0.0
25230,2.1252217833680276,-0.570549512889684,-0.0
25240,2.1264332474664203,-0.5619278510971463,-0.0
25250,2.1276133380519893,-0.5533106481286463,-0.0
25260,2.1287621399236145,-0.5446979808443195,-0.0
25270,2.1298797376641816,-0.5360899253884356,-0.0
25280,2.130966215637023,-0.5274865571950013,-0.0
25290,2.1320216579824085,-0.518887950993357,-0.0
25300,2.133046148614086,-0.5102941808137634,-0.0
25310,2.1340397712158867,-0.5017053199929806,-0.0
25320,2.1350026092383767,-0.49312144117984,-0.0
25330,2.135934745895565,-0.4845426163408055,-0.0
25340,2.13683626416167,-0.4759689167655276,-0.0
25350,2.1377072467679277,-0.46740041307238694,-0.0
25360,2.138547776199466,-0.4588371752140293,-0.0
25370,2.1393579346922182,-0.45027927248288896,-0.0
25380,2.140137804229899,-0.44172677351670514,-0.0
25390,2.1408874665410225,-0.43317974630402467,-0.0
25400,2.1416070030959764,-0.424638258189696,-0.0
25410,2.1422964951041474,-0.41610237588035276,-0.0
25420,2.1429560235110956,-0.40757216544988556,-0.0
25430,2.1435856689957666,-0.3990476923449013,-0.0
25440,2.1441855119677777,-0.3905290213901741,-0.0
25450,2.144755632564726,-0.3820162167940813,-0.0
25460,2.1452961106495634,-0.3735093421540302,-0.0
25470,2.1458070258080104,-0.36500846046187047,-0.0
25480,2.1462884573460137,-0.3565136341092952,-0.0
25490,2.1467404842872675,-0.3480249248932311,-0.0
25500,2.1471631853707587,-0.3395423940212126,-0.0
25510,2.1475566390483722,-0.331066102116745,-0.0
25520,2.147920923482541,-0.32259610922465587,-0.0
25530,2.1482561165439376,-0.31413247481643053,-0.0
25540,2.14856229580921,-0.30567525779553617,-0.0
25550,2.1488395385587644,-0.2972245165027309,-0.0
25560,2.1490879217745924,-0.2887803087213608,-0.0
25570,2.1493075221381335,-0.2803426916826407,-0.0
25580,2.1494984160281994,-0.2719117220709248,-0.0
25590,2.149660679518914,-0.2634874560289577,-0.0
25600,2.149794388377724,-0.25506994916311687,-0.0
25610,2.1498996180634284,-0.24665925654863638,-0.0
25620,2.1499764437242623,-0.23825543273481808,-0.0
25630,2.1500249401960194,-0.22985853175022802,-0.0
25640,2.1500451820002118,-0.22146860710787736,-0.0
25650,2.1500372433422745,-0.21308571181038855,-0.0
25660,2.1500011981098064,-0.20470989835514738,-0.0
25670,2.149937119870854,-0.19634121873943855,-0.0
25680,2.1498450818722272,-0.18797972446556666,-0.0
25690,2.149725157037871,-0.17962546654596243,-0.0
25700,2.1495774179672478,-0.1712784955082718,-0.0
25710,2.1494019369337836,-0.1629388614004313,-0.0
25720,2.1491987858833452,-0.15460661379572713,-0.0
25730,2.148968036432738,-0.14628180179783778,-0.0
25740,2.1487097598682694,-0.13796447404586235,-0.0
25750,2.148424027144324,-0.12965467871933165,-0.0
25760,2.148110908881986,-0.12135246354320409,-0.0
25770,2.147770475367699,-0.11305787579284561,-0.0
25780,2.147402796551958,-0.10477096229899312,-0.0
25790,2.147007942048032,-0.09649176945270196,-0.0
25800,2.1465859811307295,-0.08822034321027741,-0.0
25810,2.1461369827352015,-0.07995672909819,-0.0
25820,2.1456610154557607,-0.07170097221797384,-0.0
25830,2.1451581475447536,-0.06345311725110947,-0.0
25840,2.1446284469114576,-0.05521320846388988,-0.0
25850,2.1440719811210105,-0.04698128971227013,-0.0
25860,2.143488817393381,-0.03875740444670068,-0.0
25870,2.142879022602351,-0.03054159571694388,-0.0
25880,2.1422426632745624,-0.02233390617687444,-0.0
25890,2.1415798055885653,-0.01413437808926283,-0.0
25900,2.140890515373912,-0.0059430533305423775,-0.0
25910,2.1401748581102837,0.002240026604440277,-0.0
25920,2.1394328989266422,0.01041482059769141,-0.0
25930,2.1386647026004146,0.018581287903353075,-0.0
25940,2.137870333556709,0.026739388143002602,-0.0
25950,2.1370498558675606,0.03488908130096882,-0.0
25960,2.1362033332512014,0.0430303277196649,-0.0
25970,2.13533082907137,0.051163088094937956,-0.0
25980,2.134432406336643,0.059287323471435324,-0.0
25990,2.1335081276997925,0.06740299523798746,-0.0
26000,2.1325580554571832,0.07551006512300769,-0.0
26010,2.131582251548184,0.08360849518990845,-0.0
26020,2.1305807775546217,0.0916982478325346,-0.0
26030,2.129553694700248,0.0997792857706128,-0.0
26040,2.1285010638502446,0.10785157204521817,-0.0
26050,2.127422945510752,0.11591507001425724,-0.0
26060,2.126319399828422,0.12396974334796765,-0.0
26070,2.1251904865900015,0.13201555602443463,-0.0
26080,2.124036265221942,0.1400524723251238,-0.0
26090,2.1228567947900308,0.14808045683043086,-0.0
26100,2.12165213399905,0.1560994744152473,-0.0
26110,2.120422341192466,0.16410949024454363,-0.0
26120,2.1191674743521363,0.1721104697689681,-0.0
26130,2.117887591098048,0.18010237872046259,-0.0
26140,2.116582748688076,0.1880851831078947,-0.0
26150,2.115253004017767,0.196058849212706,-0.0
26160,2.1138984136201504,0.20402334358457727,-0.0
26170,2.11251903366557,0.2119786330371096,-0.0
26180,2.111114919961544,0.2199246846435222,-0.0
26190,2.1096861279526387,0.2278614657323658,-0.0
26200,2.1082327127203766,0.23578894388325322,-0.0
26210,2.106754728983166,0.24370708692260565,-0.0
26220,2.1052522310962436,0.2516158629194147,-0.0
26230,2.103725273051649,0.25951524018102107,-0.0
26240,2.1021739084782225,0.2674051872489096,-0.0
26250,2.1005981906416182,0.2752856728945192,-0.0
26260,2.0989981724443436,0.28315666611506995,-0.0
26270,2.0973739064258208,0.2910181361294055,-0.0
26280,2.0957254447624654,0.29887005237385067,-0.0
26290,2.094052839267793,0.30671238449808663,-0.0
26300,2.0923561413925453,0.3145451023610405,-0.0
26310,2.0906354022248284,0.32236817602679013,-0.0
26320,2.0888906724902827,0.3301815757604861,-0.0
26330,2.087122002552275,0.33798527202428863,-0.0
26340,2.085329442412094,0.3457792354733187,-0.0
26350,2.0835130417091863,0.353563436951627,-0.0
26360,2.0816728497213974,0.36133784748817627,-0.0
26370,2.079808915365245,0.36910243829284,-0.0
26380,2.0779212871961996,0.3768571807524165,-0.0
26390,2.0760100134089896,0.3846020464266563,-0.0
26400,2.074075141837933,0.39233700704430857,-0.0
26410,2.0721167199572736,0.4000620344991777,-0.0
26420,2.070134794881548,0.40777710084619884,-0.0
26430,2.0681294133659653,0.4154821782975261,-0.0
26440,2.06610062180681,0.4231772392186373,-0.0
26450,2.064048466241855,0.43086225612445117,-0.0
26460,2.061972992350806,0.43853720167546256,-0.0
26470,2.059874245455746,0.44620204867388785,-0.0
26480,2.0577522705216196,0.45385677005983005,-0.0
26490,2.055607112156712,0.4615013389074537,-0.0
26500,2.053438814613164,0.46913572842117757,-0.0
26510,2.0512474217874943,0.4767599119318798,-0.0
26520,2.0490329772211453,0.4843738628931183,-0.0
26530,2.046795524101038,0.4919775548773644,-0.0
26540,2.044535105260152,0.49957096157225167,-0.0
26550,2.042251763178118,0.5071540567768377,-0.0
26560,2.0399455399818263,0.5147268143978806,-0.0
26570,2.0376164774460594,0.5222892084461297,-0.0
26580,2.035264616994129,0.5298412130326285,-0.0
26590,2.0328899996985363,0.5373828023650328,-0.0
26600,2.0304926662816527,0.5449139507439423,-0.0
26610,2.0280726571164065,0.5524346325592446,-0.0
26620,2.0256300122269937,0.5599448222864751,-0.0
26630,2.023164771289599,0.5674444944831861,-0.0
26640,2.020676973633138,0.574933623785335,-0.0
26650,2.018166658240011,0.5824121849036793,-0.0
26660,2.0156338637468703,0.5898801526201906,-0.0
26670,2.0130786284454145,0.5973375017844783,-0.0
26680,2.0105009902831785,0.6047842073102256,-0.0
26690,2.007900986864357,0.612220244171642,-0.0
26700,2.0052786554506357,0.6196455873999251,-0.0
26710,2.002634032962034,0.6270602120797372,-0.0
26720,1.9999671559777648,0.6344640933456919,-0.0
26730,1.9972780607371199,0.6418572063788591,-0.0
26740,1.9945667831403464,0.6492395264032743,-0.0
26750,1.9918333587495662,0.6566110286824681,-0.0
26760,1.9890778227896813,0.663971688516001,-0.0
26770,1.9863002101493206,0.6713214812360178,-0.0
26780,1.9835005553817757,0.6786603822038056,-0.0
26790,1.9806788927059775,0.6859883668063744,-0.0
26800,1.9778352560074588,0.693305410453038,-0.0
26810,1.9749696788393538,0.700611488572016,-0.0
26820,1.9720821944233988,0.7079065766070433,-0.0
26830,1.9691728356509526,0.7151906500139924,-0.0
26840,1.9662416350840277,0.7224636842575066,-0.0
26850,1.9632886249563353,0.7297256548076455,-0.0
26860,1.9603138371743511,0.7369765371365439,-0.0
26870,1.957317303318377,0.744216306715075,-0.0
26880,1.9542990546436418,0.7514449390095361,-0.0
26890,1.9512591220813915,0.7586624094783341,-0.0
26900,1.9481975362400068,0.7658686935686907,-0.0
26910,1.9451143274061333,0.7730637667133539,-0.0
26920,1.9420095255458154,0.7802476043273213,-0.0
26930,1.9388831603056575,0.7874201818045774,-0.0
26940,1.9357352610139849,0.7945814745148357,-0.0
26950,1.932565856682031,0.8017314578002988,-0.0
26960,1.9293749760051233,0.8088701069724221,-0.0
26970,1.9261626473638958,0.8159973973086935,-0.0
26980,1.922928898825505,0.8231133040494204,-0.0
26990,1.919673758144868,0.8302178023945296,-0.0
27000,1.9163972527658972,0.8373108675003728,-0.0
27010,1.913099409822773,0.8443924744765503,-0.0
27020,1.9097802561412045,0.8514625983827369,-0.0
27030,1.9064398182397184,0.8585212142255216,-0.0
27040,1.9030781223309545,0.8655682969552583,-0.0
27050,1.8996951943229805,0.872603821462925,-0.0
27060,1.896291059820604,0.8796277625769895,-0.0
27070,1.8928657441267223,0.8866400950602947,-0.0
27080,1.8894192722436574,0.8936407936069406,-0.0
27090,1.8859516688745248,0.9006298328391866,-0.0
27100,1.8824629584246086,0.9076071873043597,-0.0
27110,1.878953165002739,0.9145728314717676,-0.0
27120,1.875422312422701,0.9215267397296308,-0.0
27130,1.8718704242046407,0.928468886382015,-0.0
27140,1.868297523576489,0.9353992456457768,-0.0
27150,1.8647036334754044,0.9423177916475205,-0.0
27160,1.861088776549215,0.9492244984205587,-0.0
27170,1.857452975157886,0.9561193399018867,-0.0
27180,1.8537962513749944,0.9630022899291656,-0.0
27190,1.8501186269892114,0.9698733222377085,-0.0
27200,1.8464201235058095,0.976732410457485,-0.0
27210,1.8427007621481695,0.9835795281101257,-0.0
27220,1.8389605638593085,0.9904146486059402,-0.0
27230,1.8351995493034183,0.9972377452409441,-0.0
27240,1.8314177388674124,1.00404879119389,-0.0
27250,1.827615152662496,1.0108477595233145,-0.0
27260,1.8237918105257334,1.0176346231645854,-0.0
27270,1.8199477320216424,1.0244093549269615,-0.0
27280,1.8160829364437945,1.0311719274906637,-0.0
27290,1.8121974428164256,1.0379223134039466,-0.0
27300,1.8082912698960687,1.044660485080187,-0.0
27310,1.8043644361731865,1.0513864147949723,-0.0
27320,1.8004169598738278,1.058100074683204,-0.0
27330,1.7964488589612913,1.0648014367362053,-0.0
27340,1.7924601511378038,1.071490472798837,-0.0
27350,1.7884508538462083,1.0781671545666218,-0.0
27360,1.7844209842716696,1.084831453582877,-0.0
27370,1.7803705593433903,1.0914833412358544,-0.0
27380,1.7762995957363406,1.0981227887558889,-0.0
27390,1.7722081098729974,1.1047497672125521,-0.0
27400,1.7680961179251031,1.111364247511817,-0.0
27410,1.763963635815432,1.1179662003932285,-0.0
27420,1.7598106792195705,1.1245555964270801,-0.0
27430,1.7556372635677142,1.1311324060116026,-0.0
27440,1.751443404046471,1.1376965993701535,-0.0
27450,1.7472291156006876,1.1442481465484218,-0.0
27460,1.7429944129352775,1.1507870174116324,-0.0
27470,1.7387393105170716,1.1573131816417632,-0.0
27480,1.7344638225766769,1.1638266087347668,-0.0
27490,1.7301679631103526,1.1703272679978018,-0.0
27500,1.7258517458818945,1.1768151285464679,-0.0
27510,1.7215151844245373,1.1832901593020504,-0.0
27520,1.717158292042869,1.1897523289887726,-0.0
27530,1.7127810818147573,1.1962016061310528,-0.0
27540,1.7083835665932943,1.202637959050772,-0.0
27550,1.7039657590087463,1.2090613558645418,-0.0
27560,1.6995276714705279,1.2154717644809878,-0.0
27570,1.6950693161691825,1.2218691525980359,-0.0
27580,1.6905907050783782,1.2282534877002012,-0.0
27590,1.6860918499569197,1.2346247370558936,-0.0
27600,1.6815727623507735,1.240982867714722,-0.0
27610,1.677033453595104,1.2473278465048074,-0.0
27620,1.6724739348163282,1.253659640030105,-0.0
27630,1.6678942169341828,1.2599782146677303,-0.0
27640,1.6632943106638052,1.266283536565296,-0.0
27650,1.6586742265178285,1.272575571638248,-0.0
27660,1.6540339748084933,1.2788542855672194,-0.0
27670,1.6493735656497701,1.2851196437953782,-0.0
27680,1.6446930089595007,1.2913716115257932,-0.0
27690,1.6399923144615498,1.297610153718799,-0.0
27700,1.6352714916879771,1.303835235089372,-0.0
27710,1.6305305499812182,1.3100468201045117,-0.0
27720,1.6257694984962823,1.3162448729806249,-0.0
27730,1.6209883462029668,1.3224293576809234,-0.0
27740,1.616187101888089,1.3286002379128257,-0.0
27750,1.6113657741577223,1.3347574771253599,-0.0
27760,1.606524371439462,1.3409010385065814,-0.0
27770,1.6016629019846982,1.3470308849809958,-0.0
27780,1.5967813738708998,1.3531469792069775,-0.0
27790,1.5918797950039298,1.3592492835742154,-0.0
27800,1.5869581731203564,1.3653377602011436,-0.0
27810,1.5820165157897972,1.3714123709323947,-0.0
27820,1.5770548304172651,1.3774730773362496,-0.0
27830,1.5720731242455421,1.3835198407021005,-0.0
27840,1.567071404357559,1.389552622037917,-0.0
27850,1.5620496776788015,1.3955713820677218,-0.0
27860,1.5570079509797194,1.4015760812290659,-0.0
27870,1.5519462308781675,1.4075666796705226,-0.0
27880,1.5468645238418468,1.4135431372491742,-0.0
27890,1.541762836190778,1.4195054135281195,-0.0
27900,1.5366411740997792,1.4254534677739752,-0.0
27910,1.531499543600966,1.4313872589543923,-0.0
27920,1.5263379505862686,1.4373067457355784,-0.0
27930,1.5211564008099638,1.4432118864798211,-0.0
27940,1.515954899891226,1.4491026392430268,-0.0
27950,1.510733453316693,1.454978961772259,-0.0
27960,1.5054920664430507,1.4608408115032865,-0.0
27970,1.5002307444996374,1.4666881455581415,-0.0
27980,1.4949494925910585,1.4725209207426766,-0.0
27990,1.4896483156998308,1.478339093544141,-0.0
28000,1.4843272186890266,1.4841426201287464,-0.0
28010,1.478986206304957,1.4899314563392603,-0.0
28020,1.473625283179855,1.4957055576925895,-0.0
28030,1.468244453834589,1.5014648793773815,-0.0
28040,1.462843722681384,1.5072093762516252,-0.0
28050,1.4574230940265747,1.5129390028402678,-0.0
28060,1.4519825720733588,1.5186537133328277,-0.0
28070,1.4465221609245906,1.5243534615810281,-0.0
28080,1.4410418645855714,1.5300382010964244,-0.0
28090,1.4355416869668771,1.5357078850480521,-0.0
28100,1.430021631887191,1.5413624662600698,-0.0
28110,1.424481703076165,1.5470018972094188,-0.0
28120,1.4189219041772945,1.5526261300234874,-0.0
28130,1.4133422387508174,1.5582351164777837,-0.0
28140,1.4077427102766253,1.5638288079936122,-0.0
28150,1.402123322157203,1.5694071556357665,-0.0
28160,1.3964840777205794,1.5749701101102191,-0.0
28170,1.3908249802233081,1.5805176217618317,-0.0
28180,1.3851460328534544,1.5860496405720599,-0.0
28190,1.3794472387336165,1.5915661161566788,-0.0
28200,1.3737286009239578,1.5970669977635097,-0.0
28210,1.3679901224252626,1.6025522342701557,-0.0
28220,1.3622318061820118,1.6080217741817466,-0.0
28230,1.3564536550854813,1.6134755656286954,-0.0
28240,1.3506556719768579,1.618913556364458,-0.0
28250,1.3448378596503758,1.6243356937633038,-0.0
28260,1.3390002208564804,1.6297419248180975,-0.0
28270,1.3331427583050042,1.635132196138086,-0.0
28280,1.327265474668372,1.640506453946698,-0.0
28290,1.3213683725848249,1.6458646440793518,-0.0
28300,1.3154514546616585,1.6512067119812652,-0.0
28310,1.3095147234784978,1.6565326027052882,-0.0
28320,1.3035581815905835,1.6618422609097372,-0.0
28330,1.2975818315320784,1.6671356308562344,-0.0
28340,1.2915856758194058,1.672412656407568,-0.0
28350,1.2855697169546019,1.6776732810255541,-0.0
28360,1.2795339574286921,1.682917447768908,-0.0
28370,1.273478399725094,1.6881450992911338,-0.0
28380,1.267403046323038,1.6933561778384139,-0.0
28390,1.2613078997010148,1.6985506252475182,-0.0
28400,1.2551929623402434,1.7037283829437158,-0.0
28410,1.249058236728162,1.7088893919387023,-0.0
28420,1.2429037253619444,1.7140335928285355,-0.0
28430,1.2367294307520402,1.7191609257915856,-0.0
28440,1.2305353554257332,1.7242713305864903,-0.0
28450,1.2243215019307325,1.7293647465501285,-0.0
28460,1.2180878728387765,1.7344411125955963,-0.0
28470,1.2118344707492736,1.7395003672102056,-0.0
28480,1.2055612982929556,1.7445424484534855,-0.0
28490,1.1992683581355605,1.7495672939551963,-0.0
28500,1.1929556529815422,1.7545748409133632,-0.0
28510,1.1866231855778007,1.7595650260923126,-0.0
28520,1.180270958717437,1.7645377858207258,-0.0
28530,1.1738989752435371,1.7694930559897055,-0.0
28540,1.1675072380529758,1.7744307720508508,-0.0
28550,1.161095750100251,1.779350869014354,-0.0
28560,1.1546645144013372,1.7842532814470977,-0.0
28570,1.1482135340375716,1.7891379434707768,-0.0
28580,1.1417428121595594,1.794004788760028,-0.0
28590,1.1352523519911082,1.7988537505405717,-0.0
28600,1.1287421568331897,1.8036847615873772,-0.0
28610,1.1222122300679211,1.808497754222824,-0.0
28620,1.1156625751625828,1.8132926603148987,-0.0
28630,1.109093195673652,1.8180694112753903,-0.0
28640,1.1025040952508707,1.822827938058108,-0.0
28650,1.0958952776413347,1.8275681711571095,-0.0
28660,1.0892667466936143,1.8322900406049498,-0.0
28670,1.0826185063618985,1.8369934759709399,-0.0
28680,1.0759505607101671,1.8416784063594245,-0.0
28690,1.06926291391639,1.8463447604080723,-0.0
28700,1.0625555702767555,1.8509924662861865,-0.0
28710,1.055828534209923,1.855621451693029,-0.0
28720,1.0490818102613055,1.8602316438561606,-0.0
28730,1.04231540310738,1.8648229695297982,-0.0
28740,1.0355293175600262,1.869395354993192,-0.0
28750,1.0287235585708883,1.8739487260490162,-0.0
28760,1.021898131235774,1.8784830080217771,-0.0
28770,1.0150530407990719,1.88299812575624,-0.0
28780,1.0081882926582069,1.8874940036158805,-0.0
28790,1.0013038923681152,1.8919705654813377,-0.0
28800,0.9943998456457559,1.896427734748906,-0.0
28810,0.9874761583746443,1.9008654343290294,-0.0
28820,0.9805328366094213,1.905283586644823,-0.0
28830,0.973569886580446,1.9096821136306161,-0.0
28840,0.9665873146984213,1.914060936730505,-0.0
28850,0.9595851275590449,1.9184199768969332,-0.0
28860,0.9525633319476966,1.922759154589296,-0.0
28870,0.9455219348441476,1.9270783897725543,-0.0
28880,0.9384609434273027,1.931377601915874,-0.0
28890,0.9313803650799768,1.9356567099912945,-0.0
28900,0.9242802073936905,1.939915632472402,-0.0
28910,0.9171604781735095,1.944154287333045,-0.0
28920,0.9100211854429018,1.9483725920460504,-0.0
28930,0.9028623374486339,1.9525704635819812,-0.0
28940,0.8956839426656928,1.9567478184079037,-0.0
28950,0.8884860098022399,1.9609045724861807,-0.0
28960,0.881268547804597,1.965040641273297,-0.0
28970,0.8740315658622594,1.969155939718692,-0.0
28980,0.8667750734129459,1.9732503822636356,-0.0
28990,0.8594990801476712,1.977323882840107,-0.0
29000,0.8522035960158598,1.9813763548697203,-0.0
29010,0.8448886312304816,1.9854077112626591,-0.0
29020,0.8375541962732251,1.989417864416642,-0.0
29030,0.8302003018996982,1.9934067262159163,-0.0
29040,0.822826959144664,1.9973742080302734,-0.0
29050,0.8154341793273053,2.001320220714095,-0.0
29060,0.8080219740565217,2.005244674605421,-0.0
29070,0.8005903552362588,2.00914747952505,-0.0
29080,0.7931393350708701,2.0130285447756666,-0.0
29090,0.7856689260705079,2.016887779140989,-0.0
29100,0.7781791410565503,2.020725090884961,-0.0
29110,0.7706699931670566,2.0245403877509536,-0.0
29120,0.7631414958622572,2.028333576961011,-0.0
29130,0.7555936629300756,2.032104565215121,-0.0
29140,0.7480265084916811,2.035853258690511,-0.0
29150,0.7404400470070766,2.0395795630409843,-0.0
29160,0.732834293280715,2.0432833833962745,-0.0
29170,0.7252092624671532,2.0469646243614443,-0.0
29180,0.7175649700767344,2.050623190016307,-0.0
29190,0.7099014319813043,2.0542589839148846,-0.0
29200,0.7022186644199625,2.057871909084897,-0.0
29210,0.6945166840048413,2.0614618680272803,-0.0
29220,0.6867955077269237,2.0650287627157478,-0.0
29230,0.6790551529618899,2.0685724945963795,-0.0
29240,0.6712956374759965,2.072092964587241,-0.0
29250,0.663516979431992,2.075590073078044,-0.0
29260,0.6557191973950628,2.079063719929846,-0.0
29270,0.6479023103388127,2.082513804474774,-0.0
29280,0.6400663376512746,2.08594022551579,-0.0
29290,0.6322112991409582,2.0893428813265005,-0.0
29300,0.624337215042926,2.0927216696509894,-0.0
29310,0.616444106024907,2.0960764877036984,-0.0
29320,0.6085319931934406,2.099407232169343,-0.0
29330,0.600600898100056,2.102713799202867,-0.0
29340,0.5926508427474804,2.105996084429433,-0.0
29350,0.5846818495958871,2.1092539829444625,-0.0
29360,0.5766939415691691,2.1124873893137006,-0.0
29370,0.5686871420612519,2.1156961975733366,-0.0
29380,0.5606614749424358,2.1188803012301554,-0.0
29390,0.5526169645657731,2.1220395932617353,-0.0
29400,0.5445536357734767,2.1251739661166886,-0.0
29410,0.5364715139033638,2.1282833117149407,-0.0
29420,0.5283706247953301,2.131367521448055,-0.0
29430,0.52025099479786,2.1344264861796076,-0.0
29440,0.5121126507745666,2.1374600962455936,-0.0
29450,0.5039556201107661,2.1404682414548892,-0.0
29460,0.49577993072008486,2.143450811089749,-0.0
29470,0.4875856110510995,2.1464076939063683,-0.0
29480,0.4793726900940085,2.1493387781354647,-0.0
29490,0.47114119738733823,2.1522439514829337,-0.0
29500,0.4628911630246789,2.155123101130528,-0.0
29510,0.4546226176614563,2.1579761137366087,-0.0
29520,0.4463355925217326,2.160802875436925,-0.0
29530,0.4380301194050416,2.1636032718454548,-0.0
29540,0.42970623069325553,2.166377188055294,-0.0
29550,0.421363959357483,2.16912450863959,-0.0
29560,0.41300333896500085,2.1718451176525346,-0.0
29570,0.40462440368621594,2.174538898630407,-0.0
29580,0.39622718830165926,2.1772057345926625,-0.0
29590,0.3878117282090124,2.1798455080430834,-0.0
29600,0.379378059430164,2.182458100970975,-0.0
29610,0.3709262186182996,2.185043394852429,-0.0
29620,0.36245624306501956,2.1876012706516192,-0.0
29630,0.35396817070749126,2.19013160882218,-0.0
29640,0.34546204013563003,2.1926342893086184,-0.0
29650,0.3369378905993113,2.195109191547797,-0.0
29660,0.3283957620156137,2.197556194470468,-0.0
29670,0.31983569497609116,2.1999751765028606,-0.0
29680,0.31125773075407726,2.2023660155683458,-0.0
29690,0.30266191131201725,2.2047285890891346,-0.0
29700,0.29404827930883093,2.207062773988057,-0.0
29710,0.285416878107305,2.2093684466903887,-0.0
29720,0.2767677517815146,2.2116454831257513,-0.0
29730,0.2681009451242735,2.2138937587300616,-0.0
29740,0.25941650365461394,2.216113148447551,-0.0
29750,0.25071447362529353,2.2183035267328473,-0.0
29760,0.241994902030332,2.220464767553117,-0.0
29770,0.23325783661257576,2.2225967443902817,-0.0
29780,0.22450332587128877,2.2246993302432845,-0.0
29790,0.2157314190697729,2.226772397630439,-0.0
29800,0.20694216624301376,2.2288158185918303,-0.0
29810,0.19813561820535505,2.230829464691797,-0.0
29820,0.18931182655819764,2.232813207021467,-0.0
29830,0.18047084369772676,2.2347669162013757,-0.0
29840,0.171612722822664,2.2366904623841473,-0.0
29850,0.16273751794204497,2.2385837152572403,-0.0
29860,0.15384528388302318,2.240446544045781,-0.0
29870,0.14493607629869745,2.242278817515447,-0.0
29880,0.13600995167596472,2.2440804039754396,-0.0
29890,0.12706696734339745,2.245851171281524,-0.0
29900,0.11810718147914354,2.24759098683914,-0.0
29910,0.10913065311885103,2.2492997176065925,-0.0
29920,0.10013744216361489,2.2509772300983157,-0.0
29930,0.0911276093879466,2.252623390388206,-0.0
29940,0.08210121644776638,2.2542380641130473,-0.0
29950,0.07305832588841658,2.255821116475997,-0.0
29960,0.06399900115269652,2.2573724122501595,-0.0
29970,0.05492330658891853,2.258891815782238,-0.0
29980,0.04583130745898393,2.2603791909962663,-0.0
29990,0.03672306994647909,2.2618344013974125,-0.0
30000,0.027598661164790924,2.2632573100758764,-0.0
30010,0.018458149165241362,2.26464777971086,-0.0
30020,0.009301602945240121,2.266005672574626,-0.0
30030,0.00012909245645544232,2.2673308505366343,-0.0
30040,-0.009059311386997844,2.268623175067766,-0.0
30050,-0.018263536700353404,2.2698825072446343,-0.0
30060,-0.027483510619972253,2.271108707753975,-0.0
30070,-0.036719159295105844,2.2723016368971263,-0.0
30080,-0.0459704078796442,2.273461154594601,-0.0
30090,-0.055237180523849266,2.2745871203907355,-0.0
30100,-0.06451940036607463,2.275679393458438,-0.0
30110,-0.07381698952447172,2.27673783260402,-0.0
30120,-0.08312986908868332,2.2777622962721176,-0.0
30130,-0.09245795911152535,2.278752642550711,-0.0
30140,-0.10180117860065671,2.279708729176222,-0.0
30150,-0.11115944551023914,2.280630413538721,-0.0
30160,-0.12053267673258627,2.281517552687214,-0.0
30170,-0.1299207880898039,2.2823700033350245,-0.0
30180,-0.13932369432542152,2.2831876218652822,-0.0
30190,-0.14874130909601554,2.283970264336489,-0.0
30200,-0.15817354496282596,2.2847177864881973,-0.0
30210,-0.16762031338336597,2.285430043746774,-0.0
30220,-0.17708152470302654,2.28610689123127,-0.0
30230,-0.18655708814667524,2.28674818375938,-0.0
30240,-0.19604691181025188,2.287353775853514,-0.0
30250,-0.20555090265236028,2.287923521746953,-0.0
30260,-0.21506896648585744,2.288457275390117,-0.0
30270,-0.22460100796944157,2.288954890456932,-0.0
30280,-0.2341469305992389,2.2894162203512978,-0.0
30290,-0.2437066367003904,2.289841118213655,-0.0
30300,-0.25328002741863953,2.2902294369276617,-0.0
30310,-0.26286700271192237,2.290581029126976,-0.0
30320,-0.27246746134195954,2.2908957472021356,-0.0
30330,-0.2820813008658523,2.291173443307551,-0.0
30340,-0.2917084176276829,2.291413969368599,-0.0
30350,-0.3013487067501208,2.29161717708883,-0.0
30360,-0.31100206212603465,2.291782917957275,-0.0
30370,-0.32066837641011253,2.2919110432558734,-0.0
30380,-0.33034754101049013,2.2920014040669963,-0.0
30390,-0.34003944608038883,2.2920538512810946,-0.0
30400,-0.3497439805097635,2.2920682356044404,-0.0
30410,-0.35946103191696216,2.2920444075669995,-0.0
30420,-0.36919048664039855,2.2919822175304003,-0.0
30430,-0.3789322297302378,2.291881515696025,-0.0
30440,-0.38868614494009746,2.2917421521132106,-0.0
30450,-0.39845211471876374,2.291563976687568,-0.0
30460,-0.40823002020192434,2.291346839189408,-0.0
30470,-0.41801974120392077,2.291090589262291,-0.0
30480,-0.42782115620951894,2.290795076431693,-0.0
30490,-0.4376341423657,2.2904601501137836,-0.0
30500,-0.44745857547347234,2.2900856596243195,-0.0
30510,-0.45729432997970937,2.289671454187673,-0.0
30520,-0.46714127896900615,2.2892173829459557,-0.0
30530,-0.4769992941555665,2.2887232949682814,-0.0
30540,-0.4868682458751125,2.288189039260134,-0.0
30550,-0.4967480030768251,2.2876144647728704,-0.0
30560,-0.5066384333153108,2.286999420413338,-0.0
30570,-0.5165394027426009,2.2863437550536094,-0.0
30580,-0.526450776100181,2.285647317540846,-0.0
30590,-0.5363724167110548,2.284909956707289,-0.0
30600,-0.5463041864718404,2.284131521380359,-0.0
30610,-0.5562459458449058,2.2833118603929017,-0.0
30620,-0.566197553850536,2.2824508225935363,-0.0
30630,-0.5761588680591443,2.2815482568571426,-0.0
30640,-0.5861297445835202,2.2806040120954756,-0.0
30650,-0.5961100380711193,2.279617937267895,-0.0
30660,-0.6060996016963968,2.278589881392232,-0.0
30670,-0.6160982871531844,2.2775196935557815,-0.0
30680,-0.6261059446471139,2.276407222926421,-0.0
30690,-0.6361224228880865,2.2752523187638554,-0.0
30700,-0.6461475690827942,2.274054830430996,-0.0
30710,-0.6561812289272869,2.2728146074054654,-0.0
30720,-0.6662232465995954,2.2715314992912323,-0.0
30730,-0.6762734647524072,2.270205355830384,-0.0
30740,-0.6863317245057942,2.268836026915011,-0.0
30750,-0.6963978654400022,2.267423362599245,-0.0
30760,-0.7064717255882951,2.2659672131114137,-0.0
30770,-0.7165531414298598,2.2644674288663333,-0.0
30780,-0.7266419478827744,2.2629238604777315,-0.0
30790,-0.7367379782970366,2.2613363587708015,-0.0
30800,-0.746841064447661,2.259704774794893,-0.0
30810,-0.7569510365278402,2.2580289598363317,-0.0
30820,-0.7670677231421746,2.256308765431376,-0.0
30830,-0.7771909512999763,2.254544043379307,-0.0
30840,-0.7873205464086366,2.252734645755644,-0.0
30850,-0.7974563322670786,2.2508804249255143,-0.0
30860,-0.8075981310592747,2.2489812335571315,-0.0
30870,-0.8177457633478503,2.2470369246354345,-0.0
30880,-0.8278990480677583,2.245047351475833,-0.0
30890,-0.8380578025200426,2.243012367738119,-0.0
30900,-0.8482218423656792,2.240931827440487,-0.0
30910,-0.858390981619505,2.238805584973706,-0.0
30920,-0.8685650326442315,2.2366334951154183,-0.0
30930,-0.8787438061445493,2.234415413044581,-0.0
30940,-0.888927111161319,2.2321511943560295,-0.0
30950,-0.8991147550658622,2.2298406950752,-0.0
30960,-0.9093065435543378,2.2274837716729587,-0.0
30970,-0.9195022806422214,2.2250802810805914,-0.0
30980,-0.9297017686588824,2.2226300807049166,-0.0
30990,-0.9399048082422571,2.2201330284435326,-0.0
31000,-0.9501111983336309,2.217588982700207,-0.0
31010,-0.9603207361725209,2.214997802400402,-0.0
31020,-0.9705332172916633,2.2123593470069207,-0.0
31030,-0.9807484355121161,2.2096734765357104,-0.0
31040,-0.990966182938466,2.2069400515717827,-0.0
31050,-1.0011862499541528,2.2041589332852807,-0.0
31060,-1.011408425216905,2.20132998344767,-0.0
31070,-1.0216324956542968,2.198453064448077,-0.0
31080,-1.0318582464594184,2.195528039309744,-0.0
31090,-1.0420854610866752,2.1925547717066376,-0.0
31100,-1.0523139212477057,2.1895331259801805,-0.0
31110,-1.0625434069074249,2.186462967156109,-0.0
31120,-1.0727736962801977,2.1833441609614783,-0.0
31130,-1.0830045658261436,2.180176573841794,-0.0
31140,-1.0932357902475693,2.1769600729782703,-0.0
31150,-1.103467142485542,2.1736945263052303,-0.0
31160,-1.1136983937165936,2.1703798025276257,-0.0
31170,-1.123929313349568,2.167015771138695,-0.0
31180,-1.1341596690226108,2.163602302437753,-0.0
31190,-1.1443892266002975,2.1601392675481015,-0.0
31200,-1.1546177501709127,2.1566265384350753,-0.0
31210,-1.1648450020438756,2.153063987924215,-0.0
31220,-1.175070742747315,2.1494514897195613,-0.0
31230,-1.1852947310258035,2.145788918422097,-0.0
31240,-1.195516723838236,2.1420761495482803,-0.0
31250,-1.2057364763558758,2.1383130595487367,-0.0
31260,-1.2159537419605564,2.134499525827055,-0.0
31270,-1.2261682722430454,2.1306354267587153,-0.0
31280,-1.2363798170015743,2.126720641710138,-0.0
31290,-1.2465881242405368,2.1227550510578563,-0.0
31300,-1.2567929401693505,2.118738536207802,-0.0
31310,-1.2669940092015004,2.1146709796147265,-0.0
31320,-1.2771910739537466,2.110552264801723,-0.0
31330,-1.2873838752455151,2.1063822763798776,-0.0
31340,-1.2975721520984658,2.102160900068039,-0.0
31350,-1.3077556417362404,2.097888022712692,-0.0
31360,-1.3179340795843986,2.09356353230796,-0.0
31370,-1.3281071992705356,2.0891873180157114,-0.0
31380,-1.3382747326245894,2.0847592701857773,-0.0
31390,-1.3484364096793444,2.08027928037629,-0.0
31400,-1.3585919586711215,2.0757472413741196,-0.0
31410,-1.3687411060406671,2.0711630472154243,-0.0
31420,-1.378883576434244,2.0665265932063086,-0.0
31430,-1.3890190927049166,2.0618377759435838,-0.0
31440,-1.3991473759140447,2.057096493335632,-0.0
31450,-1.409268145332982,2.0523026446233796,-0.0
31460,-1.4193811184449805,2.0474561304013585,-0.0
31470,-1.4294860109473095,2.042556852638881,-0.0
31480,-1.4395825367535826,2.037604714701301,-0.0
31490,-1.4496704079963059,2.032599621371376,-0.0
31500,-1.4597493350296402,2.0275414788707264,-0.0
31510,-1.4698190264323865,2.022430194881382,-0.0
31520,-1.4798791890111886,2.0172656785674157,-0.0
31530,-1.4899295278039686,2.0120478405966775,-0.0
31540,-1.4999697460835872,2.0067765931626096,-0.0
31550,-1.5099995453617296,2.0014518500061382,-0.0
31560,-1.5200186253930317,1.9960735264376661,-0.0
31570,-1.5300266841794319,1.9906415393591244,-0.0
31580,-1.5400234179747723,1.9851558072861266,-0.0
31590,-1.550008521289626,1.9796162503701782,-0.0
31600,-1.5599816868963776,1.9740227904209773,-0.0
31610,-1.569942605834539,1.9683753509287731,-0.0
31620,-1.5798909674163217,1.962673857086811,-0.0
31630,-1.589826459232447,1.9569182358138282,-0.0
31640,-1.5997487671582176,1.9511084157766283,-0.0
31650,-1.6096575753598374,1.9452443274127131,-0.0
31660,-1.6195525663009862,1.9393259029529735,-0.0
31670,-1.6294334207496588,1.933353076444446,-0.0
31680,-1.639299817785254,1.9273257837731106,-0.0
31690,-1.6491514348059437,1.9212439626867668,-0.0
31700,-1.6589879475362856,1.9151075528179269,-0.0
31710,-1.6688090300351197,1.9089164957067868,-0.0
31720,-1.6786143547037258,1.902670734824224,-0.0
31730,-1.688403592294258,1.8963702155948476,-0.0
31740,-1.6981764119184475,1.890014885420081,-0.0
31750,-1.7079324810565855,1.883604693701285,-0.0
31760,-1.7176714655667795,1.8771395918629146,-0.0
31770,-1.7273930296944988,1.870619533375707,-0.0
31780,-1.7370968360823893,1.8640444737798942,-0.0
31790,-1.746782545780383,1.857414370708443,-0.0
31800,-1.7564498182560904,1.850729183910318,-0.0
31810,-1.7660983114054793,1.8439888752737614,-0.0
31820,-1.7757276815638459,1.8371934088495854,-0.0
31830,-1.7853375835170768,1.8303427508744825,-0.0
31840,-1.7949276705132065,1.8234368697943404,-0.0
31850,-1.8044975942742727,1.816475736287566,-0.0
31860,-1.8140470050084587,1.8094593232884035,-0.0
31870,-1.8235755514225553,1.802387606010265,-0.0
31880,-1.8330828807346997,1.7952605619690403,-0.0
31890,-1.8425686386874423,1.7880781710064129,-0.0
31900,-1.8520324695610948,1.7808404153131514,-0.0
31910,-1.8614740161874062,1.7735472794523985,-0.0
31920,-1.8708929199635291,1.7661987503829266,-0.0
31930,-1.8802888208663102,1.7587948174823838,-0.0
31940,-1.8896613574668821,1.7513354725705044,-0.0
31950,-1.8990101669455728,1.743820709932292,-0.0
31960,-1.9083348851071278,1.7362505263411692,-0.0
31970,-1.9176351463962513,1.7286249210820874,-0.0
31980,-1.92691058391346,1.720943895974596,-0.0
31990,-1.9361608294312562,1.713207455395862,-0.0
32000,-1.945385513410627,1.7054156063036465,-0.0
32010,-1.9545842650178578,1.6975683582592205,-0.0
32020,-1.9637567121416668,1.6896657234502226,-0.0
32030,-1.9729024814106773,1.6817077167134618,-0.0
32040,-1.982021198211192,1.6736943555576405,-0.0
32050,-1.9911124867053154,1.6656256601860218,-0.0
32060,-2.0001759698493866,1.6575016535190061,-0.0
32070,-2.0092112694127553,1.6493223612166459,-0.0
32080,-2.0182180059968666,1.6410878117010537,-0.0
32090,-2.0271957990546965,1.6327980361787462,-0.0
32100,-2.036144266910505,1.624453068662877,-0.0
32110,-2.0450630267799252,1.6160529459953843,-0.0
32120,-2.05395169479038,1.607597707869025,-0.0
32130,-2.062809886001837,1.599087396849313,-0.0
32140,-2.071637214427898,1.5905220583963433,-0.0
32150,-2.0804332930572116,1.5819017408864977,-0.0
32160,-2.089197733875231,1.5732264956340296,-0.0
32170,-2.0979301478863026,1.5644963769125293,-0.0
32180,-2.10663014513609,1.5557114419762552,-0.0
32190,-2.1152973347343313,1.546871751081331,-0.0
32200,-2.123931324877936,1.5379773675068034,-0.0
32210,-2.132531722874413,1.529028357575556,-0.0
32220,-2.141098135165639,1.520024790675074,-0.0
32230,-2.1496301673519596,1.5109667392780524,-0.0
32240,-2.158127424216626,1.5018542789628502,-0.0
32250,-2.166589509750571,1.4926874884337744,-0.0
32260,-2.175016027177518,1.4834664495412004,-0.0
32270,-2.1834065789794206,1.4741912473015133,-0.0
32280,-2.191760766922247,1.4648619699168706,-0.0
32290,-2.200078192082096,1.4554787087947891,-0.0
32300,-2.208358454871635,1.446041558567526,-0.0
32310,-2.2166011550668947,1.4365506171112834,-0.0
32320,-2.22480589183437,1.4270059855651962,-0.0
32330,-2.2329722637584797,1.4174077683501294,-0.0
32340,-2.241099868869333,1.4077560731872543,-0.0
32350,-2.249188304670846,1.3980510111164162,-0.0
32360,-2.257237168169177,1.3882926965142777,-0.0
32370,-2.2652460559014953,1.378481247112237,-0.0
32380,-2.273214563965071,1.3686167840141144,-0.0
32390,-2.2811422880467003,1.3586994317136019,-0.0
32400,-2.289028823452453,1.348729318111475,-0.0
32410,-2.2968737651377373,1.3387065745325495,-0.0
32420,-2.304676707737695,1.3286313357423911,-0.0
32430,-2.312437245597914,1.3185037399637662,-0.0
32440,-2.32015497280546,1.3083239288928277,-0.0
32450,-2.3278294832202273,1.2980920477150342,-0.0
32460,-2.335460370506602,1.2878082451207902,-0.0
32470,-2.3430472281654446,1.2774726733208148,-0.0
32480,-2.3505896495663823,1.2670854880612188,-0.0
32490,-2.358087227980406,1.256646848638292,-0.0
32500,-2.3655395566127804,1.2461569179129968,-0.0
32510,-2.372946228636265,1.2356158623251607,-0.0
32520,-2.3803068372246248,1.2250238519073602,-0.0
32530,-2.3876209755864517,1.214381060298492,-0.0
32540,-2.3948882369992885,1.2036876647570334,-0.0
32550,-2.4021082148440307,1.1929438461739679,-0.0
32560,-2.409280502639643,1.1821497890853947,-0.0
32570,-2.4164046940781514,1.1713056816847962,-0.0
32580,-2.42348038305993,1.160411715834972,-0.0
32590,-2.4305071637292697,1.1494680870796248,-0.0
32600,-2.437484630510228,1.1384749946545962,-0.0
32610,-2.444412378142758,1.1274326414987519,-0.0
32620,-2.4512900017191153,1.116341234264503,-0.0
32630,-2.4581170967205326,1.1052009833279612,-0.0
32640,-2.4648932590541635,1.0940121027987266,-0.0
32650,-2.4716180850902925,1.082774810529294,-0.0
32660,-2.478291171699806,1.0714893281240832,-0.0
32670,-2.484912116291922,1.0601558809480798,-0.0
32680,-2.4914805168521656,1.0487746981350823,-0.0
32690,-2.497995971980612,1.03734601259556,-0.0
32700,-2.504458080930353,1.0258700610240983,-0.0
32710,-2.5108664436462247,1.0143470839064435,-0.0
32720,-2.5172206608037526,1.0027773255261332,-0.0
32730,-2.523520333848359,0.9911610339707146,-0.0
32740,-2.529765065034765,0.9794984611375299,-0.0
32750,-2.5359544574666413,0.9677898627390845,-0.0
32760,-2.5420881151364703,0.9560354983079783,-0.0
32770,-2.54816564296562,0.9442356312014011,-0.0
32780,-2.554186646844639,0.9323905286051879,-0.0
32790,-2.560150733673741,0.9205004615374243,-0.0
32800,-2.5660575114035042,0.9085657048516035,-0.0
32810,-2.571906589075754,0.896586537239326,-0.0
32820,-2.577697576864651,0.8845632412325406,-0.0
32830,-2.5834300861179447,0.8724961032053186,-0.0
32840,-2.58910372939842,0.8603854133751571,-0.0
32850,-2.594718120525518,0.8482314658038133,-0.0
32860,-2.6002728746171138,0.8360345583976546,-0.0
32870,-2.605767608131473,0.823794992907532,-0.0
32880,-2.6112019389093493,0.8115130749281587,-0.0
32890,-2.6165754862162443,0.7991891138970058,-0.0
32900,-2.6218878707848114,0.7868234230926979,-0.0
32910,-2.6271387148573933,0.7744163196329107,-0.0
32920,-2.632327642228696,0.7619681244717647,-0.0
32930,-2.6374542782885935,0.749479162396712,-0.0
32940,-2.6425182500650433,0.7369497620249119,-0.0
32950,-2.647519186267131,0.7243802557990944,-0.0
32960,-2.652456717328209,0.7117709799828994,-0.0
32970,-2.6573304754491396,0.6991222746556989,-0.0
32980,-2.6621400946416403,0.6864344837068915,-0.0
32990,-2.66688521077171,0.673707954829669,-0.0
33000,-2.671565461603137,0.660943039514249,-0.0
33010,-2.6761804868410826,0.648140093040573,-0.0
33020,-2.6807299281757317,0.6352994744704652,-0.0
33030,-2.685213429326006,0.6224215466392512,-0.0
33040,-2.6896306360833284,0.6095066761468295,-0.0
33050,-2.6939811963554248,0.5965552333481946,-0.0
33060,-2.698264760210187,0.5835675923434149,-0.0
33070,-2.7024809799195375,0.5705441309670503,-0.0
33080,-2.706629510003348,0.5574852307770201,-0.0
33090,-2.7107100072733488,0.5443912770429091,-0.0
33100,-2.714722130877064,0.5312626587337143,-0.0
33110,-2.7186655423417356,0.5180997685050279,-0.0
33120,-2.7225399056182584,0.5049030026856588,-0.0
33130,-2.726344887125075,0.49167276126368026,-0.0
33140,-2.7300801557920775,0.4784094478719166,-0.0
33150,-2.7337453831044556,0.465113469772853,-0.0
33160,-2.737340243146514,0.45178523784297464,-0.0
33170,-2.7408644126454544,0.43842516655653335,-0.0
33180,-2.744317571015091,0.4250336739687378,-0.0
33190,-2.7476994003995006,0.4116111816983645,-0.0
33200,-2.7510095857166177,0.39815811490979464,-0.0
33210,-2.7542478147017393,0.3846749022944685,-0.0
33220,-2.757413777950944,0.37116197605176177,-0.0
33230,-2.760507168964415,0.3576197718692789,-0.0
33240,-2.7635276841896723,0.34404872890256727,-0.0
33250,-2.76647502306466,0.33044928975424487,-0.0
33260,-2.7693488880607644,0.3168219004525511,-0.0
33270,-2.7721489847256464,0.303167010429308,-0.0
33280,-2.774875021725976,0.28948507249730276,-0.0
33290,-2.777526710890009,0.275776542827085,-0.0
33300,-2.7801037672499977,0.26204188092318004,-0.0
33310,-2.782605909084456,0.24828154959972054,-0.0
33320,-2.785032857960241,0.2344960149554949,-0.0
33330,-2.7873843387744537,0.22068574634841223,-0.0
33340,-2.7896600797961524,0.20685121636938653,-0.0
33350,-2.7918598127078673,0.19299290081564027,-0.0
33360,-2.793983272646913,0.17911127866342716,-0.0
33370,-2.7960301982464677,0.16520683204017594,-0.0
33380,-2.798000331676449,0.15128004619605723,-0.0
33390,-2.799893418684143,0.1373314094749728,-0.0
33400,-2.8017092086345947,0.1233614132849707,-0.0
33410,-2.803447454550739,0.10937055206808623,-0.0
33420,-2.805107913153283,0.09535932326961201,-0.0
33430,-2.8066903449003173,0.08132822730679849,-0.0
33440,-2.8081945140266416,0.06727776753698594,-0.0
33450,-2.809620188582804,0.05320845022517175,-0.0
33460,-2.8109671404738537,0.039120784511014764,-0.0
33470,-2.8122351454977803,0.025015282375278728,-0.0
33480,-2.8134239833836427,0.010892458605718186,-0.0
33490,-2.814533437829377,-0.003247169237590759,-0.0
33500,-2.8155632965392696,-0.017403080857471755,-0.0
33510,-2.8165133512610896,-0.031574753255418364,-0.0
33520,-2.8173833978228813,-0.045761660767909954,-0.0
33530,-2.8181732361693896,-0.05996327510326985,-0.0
33540,-2.8188826703981213,-0.074179065379062,-0.0
33550,-2.819511508795035,-0.0884084981600229,-0.0
33560,-2.8200595638698434,-0.10265103749652421,-0.0
33570,-2.82052665239093,-0.11690614496356282,-0.0
33580,-2.820912595419856,-0.13117327970027348,-0.0
33590,-2.8212172183454625,-0.14545189844995993,-0.0
33600,-2.8214403509175567,-0.15974145560064054,-0.0
33610,-2.8215818272801685,-0.1740414032261027,-0.0
33620,-2.82164148600438,-0.18835119112746287,-0.0
33630,-2.8216191701206963,-0.20267026687522482,-0.0
33640,-2.8215147271509817,-0.21699807585183417,-0.0
33650,-2.8213280091399304,-0.23133406129472137,-0.0
33660,-2.821058872686068,-0.24567766433982907,-0.0
33670,-2.8207071789722744,-0.26002832406561727,-0.0
33680,-2.8202727937958327,-0.27438547753754294,-0.0
33690,-2.8197555875979776,-0.2887485598530048,-0.0
33700,-2.819155435492949,-0.30311700418675064,-0.0
33710,-2.818472217296536,-0.31749024183673863,-0.0
33720,-2.817705817554106,-0.33186770227044793,-0.0
33730,-2.81685612556811,-0.34624881317163114,-0.0
33740,-2.815923035425065,-0.36063300048750363,-0.0
33750,-2.8149064460219853,-0.37501968847636036,-0.0
33760,-2.813806261092279,-0.3894082997556159,-0.0
33770,-2.8126223892310933,-0.403798255350261,-0.0
33780,-2.8113547439200866,-0.418188974741724,-0.0
33790,-2.8100032435516518,-0.43257987591713803,-0.0
33800,-2.8085678114525505,-0.4469703754189975,-0.0
33810,-2.8070483759069798,-0.46135988839520387,-0.0
33820,-2.8054448701790387,-0.47574782864948856,-0.0
33830,-2.80375723253461,-0.49013360869220723,-0.0
33840,-2.8019854062626366,-0.5045166397914967,-0.0
33850,-2.800129339695789,-0.5188963320247867,-0.0
33860,-2.7981889862305334,-0.5332720943306605,-0.0
33870,-2.7961643043465543,-0.5476433345610509,-0.0
33880,-2.794055257625578,-0.5620094595337694,-0.0
33890,-2.791861814769544,-0.5763698750853551,-0.0
33900,-2.78958394961815,-0.5907239861242374,-0.0
33910,-2.7872216411657535,-0.605071196684206,-0.0
33920,-2.784774873577618,-0.619410909978171,-0.0
33930,-2.7822436362055094,-0.6337425284522152,-0.0
33940,-2.7796279236026296,-0.6480654538399201,-0.0
33950,-2.7769277355378876,-0.6623790872169627,-0.0
33960,-2.7741430770095086,-0.676682829055973,-0.0
33970,-2.7712739582579493,-0.6909760792816366,-0.0
33980,-2.7683203947781445,-0.7052582373260428,-0.0
33990,-2.7652824073310796,-0.7195287021842618,-0.0
34000,-2.762160021954654,-0.7337868724701418,-0.0
34010,-2.758953269973865,-0.7480321464723212,-0.0
34020,-2.7556621880102985,-0.7622639222104405,-0.0
34030,-2.7522868179909006,-0.776481597491545,-0.0
34040,-2.748827207156063,-0.790684569966672,-0.0
34050,-2.745283408066989,-0.8048722371876085,-0.0
34060,-2.7416554786123535,-0.8190439966638118,-0.0
34070,-2.737943482014246,-0.8331992459194807,-0.0
34080,-2.7341474868333893,-0.8473373825507675,-0.0
34090,-2.730267566973646,-0.8614578042831232,-0.0
34100,-2.726303801685794,-0.8755599090287612,-0.0
34110,-2.72225627557058,-0.8896430949442325,-0.0
34120,-2.7181250785810325,-0.9037067604880985,-0.0
34130,-2.7139103060240646,-0.9177503044786964,-0.0
34140,-2.7096120585613126,-0.9317731261519785,-0.0
34150,-2.7052304422092663,-0.9457746252194229,-0.0
34160,-2.7007655683386473,-0.9597542019260004,-0.0
34170,-2.6962175536730504,-0.973711257108186,-0.0
34180,-2.6915865202868368,-0.9876451922520049,-0.0
34190,-2.686872595602305,-1.0015554095511086,-0.0
34200,-2.682075912386093,-1.0154413119648582,-0.0
34210,-2.6771966087448567,-1.029302303276413,-0.0
34220,-2.6722348281201915,-1.0431377881508135,-0.0
34230,-2.6671907192828153,-1.0569471721930412,-0.0
34240,-2.662064436325993,-1.070729862006047,-0.0
34250,-2.6568561386582354,-1.0844852652487458,-0.0
34260,-2.651565990995231,-1.0982127906939512,-0.0
34270,-2.6461941633510477,-1.1119118482862516,-0.0
34280,-2.640740831028576,-1.1255818491998084,-0.0
34290,-2.6352061746092375,-1.1392222058960737,-0.0
34300,-2.62959037994194,-1.152832332181406,-0.0
34310,-2.6238936381313027,-1.1664116432645852,-0.0
34320,-2.6181161455251156,-1.1799595558142006,-0.0
34330,-2.612258103701084,-1.1934754880159186,-0.0
34340,-2.6063197194528125,-1.2069588596296028,-0.0
34350,-2.6003012047750698,-1.2204090920462887,-0.0
34360,-2.594202776848295,-1.2338256083449899,-0.0
34370,-2.588024658022389,-1.247207833349335,-0.0
34380,-2.5817670757997653,-1.2605551936840216,-0.0
34390,-2.57543026281767,-1.2738671178310692,-0.0
34400,-2.56901445682978,-1.2871430361858727,-0.0
34410,-2.562519900687074,-1.3003823811130373,-0.0
34420,-2.5559468423179776,-1.313584587001981,-0.0
34430,-2.549295534707798,-1.3267490903223067,-0.0
34440,-2.5425662358774415,-1.3398753296789203,-0.0
34450,-2.5357592088614163,-1.3529627458668914,-0.0
34460,-2.5288747216851233,-1.366010781926039,-0.0
34470,-2.5219130473414606,-1.379018883195247,-0.0
34480,-2.5148744637667053,-1.3919864973664782,-0.0
34490,-2.507759253815718,-1.4049130745384923,-0.0
34500,-2.5005677052364406,-1.4177980672702508,-0.0
34510,-2.4933001106437223,-1.4306409306340007,-0.0
34520,-2.4859567674924494,-1.4434411222680235,-0.0
34530,-2.4785379780500025,-1.4561981024290453,-0.0
34540,-2.4710440493680497,-1.4689113340442934,-0.0
34550,-2.4634752932536568,-1.4815802827631903,-0.0
34560,-2.455832026239753,-1.4942044170086761,-0.0
34570,-2.4481145695549213,-1.5067832080281476,-0.0
34580,-2.4403232490925566,-1.5193161299440099,-0.0
34590,-2.432458395379369,-1.5318026598038248,-0.0
34600,-2.4245203435432456,-1.5442422776300453,-0.0
34610,-2.41650943328049,-1.5566344664693355,-0.0
34620,-2.408426008822427,-1.568978712441461,-0.0
34630,-2.4002704189013935,-1.581274504787739,-0.0
34640,-2.3920430167161073,-1.5935213359190428,-0.0
34650,-2.383744159896442,-1.6057187014633474,-0.0
34660,-2.3753742104675934,-1.6178661003128143,-0.0
34670,-2.3669335348136524,-1.6299630346704002,-0.0
34680,-2.358422503640604,-1.642009010095985,-0.0
34690,-2.3498414919387343,-1.6540035355520082,-0.0
34700,-2.3411908789444764,-1.6659461234486048,-0.0
34710,-2.332471048101694,-1.677836289688242,-0.0
34720,-2.323682387022403,-1.6896735537098277,-0.0
34730,-2.3148252874469506,-1.701457438532308,-0.0
34740,-2.3059001452036556,-1.7131874707977277,-0.0
34750,-2.2969073601679226,-1.7248631808137564,-0.0
34760,-2.2878473362208185,-1.7364841025956637,-0.0
34770,-2.278720481207155,-1.748049773907746,-0.0
34780,-2.2695272068930445,-1.7595597363041897,-0.0
34790,-2.2602679289229792,-1.7710135351693692,-0.0
34800,-2.250943066776404,-1.782410719757568,-0.0
34810,-2.241553043723823,-1.7937508432321232,-0.0
34820,-2.2320982867824273,-1.8050334627039752,-0.0
34830,-2.222579226671267,-1.8162581392696324,-0.0
34840,-2.212996297765963,-1.8274244380485245,-0.0
34850,-2.2033499380529844,-1.8385319282197619,-0.0
34860,-2.193640589083487,-1.849580183058271,-0.0
34870,-2.183868695926726,-1.8605687799703161,-0.0
34880,-2.1740347071230595,-1.871497300528401,-0.0
34890,-2.1641390746365388,-1.882365330505533,-0.0
34900,-2.1541822538071114,-1.8931724599088604,-0.0
34910,-2.1441647033024296,-1.9039182830126624,-0.0
34920,-2.134086885069289,-1.9146023983907012,-0.0
34930,-2.123949264284699,-1.925224408947919,-0.0
34940,-2.1137523093065957,-1.9357839219514816,-0.0
34950,-2.103496491624209,-1.9462805490611683,-0.0
34960,-2.0931822858080946,-1.9567139063590921,-0.0
34970,-2.082810169459838,-1.9670836143787525,-0.0
34980,-2.072380623161443,-1.9773892981334238,-0.0
34990,-2.061894130424419,-1.9876305871438655,-0.0
35000,-2.0513511776385625,-1.9978071154653467,-0.0
35010,-2.040752254020463,-2.007918521713999,-0.0
35020,-2.0300978515617345,-2.0179644490924846,-0.0
35030,-2.0193884649769718,-2.027944545414959,-0.0
35040,-2.0086245916514676,-2.0378584631313683,-0.0
35050,-1.9978067315886714,-2.047705859351029,-0.0
35060,-1.9869353873574322,-2.05748639586553,-0.0
35070,-1.9760110640390018,-2.0671997391709214,-0.0
35080,-1.9650342691738378,-2.0768455604892084,-0.0
35090,-1.9540055127082014,-2.0864235357891476,-0.0
35100,-1.9429253069405636,-2.095933345806326,-0.0
35110,-1.931794166467835,-2.1053746760625454,-0.0
35120,-1.9206126081314232,-2.114747216884494,-0.0
35130,-1.9093811509631287,-2.1240506634217033,-0.0
35140,-1.8981003161308994,-2.1332847156638066,-0.0
35150,-1.8867706268844433,-2.142449078457078,-0.0
35160,-1.875392608500712,-2.1515434615202573,-0.0
35170,-1.8639667882292734,-2.160567579459671,-0.0
35180,-1.8524936952375746,-2.1695211517836333,-0.0
35190,-1.8409738605561097,-2.178403902916136,-0.0
35200,-1.8294078170235035,-2.1872155622098255,-0.0
35210,-1.8177960992315214,-2.195955863958265,-0.0
35220,-1.806139243470016,-2.204624547407488,-0.0
35230,-1.7944377876718174,-2.2132213567668324,-0.0
35240,-1.7826922713575821,-2.221746041219066,-0.0
35250,-1.770903235580614,-2.230198354929809,-0.0
35260,-1.7590712228716574,-2.2385780570562313,-0.0
35270,-1.7471967771836787,-2.2468849117550524,-0.0
35280,-1.7352804438366485,-2.2551186881898277,-0.0
35290,-1.7233227694623356,-2.263279160537535,-0.0
35300,-1.7113243019491122,-2.2713661079944485,-0.0
35310,-1.6992855903867956,-2.279379314781314,-0.0
35320,-1.6872071850115242,-2.2873185701478276,-0.0
35330,-1.6750896371506867,-2.295183668376407,-0.0
35340,-1.6629334991679068,-2.302974408785275,-0.0
35350,-1.6507393244080977,-2.3106905957308395,-0.0
35360,-1.6385076671425984,-2.3183320386093915,-0.0
35370,-1.6262390825143989,-2.3258985518581143,-0.0
35380,-1.6139341264834575,-2.333389954955395,-0.0
35390,-1.6015933557721307,-2.340806072420469,-0.0
35400,-1.5892173278107242,-2.3481467338123703,-0.0
35410,-1.5768066006831654,-2.355411773728224,-0.0
35420,-1.5643617330728128,-2.3626010318008435,-0.0
35430,-1.5518832842084138,-2.369714352695677,-0.0
35440,-1.539371813810217,-2.3767515861070816,-0.0
35450,-1.526827882036251,-2.383712586753939,-0.0
35460,-1.5142520494287657,-2.3905972143746013,-0.0
35470,-1.5016448768608697,-2.397405333721204,-0.0
35480,-1.4890069254833533,-2.4041368145533184,-0.0
35490,-1.476338756671707,-2.4107915316309567,-0.0
35500,-1.4636409319733548,-2.4173693647069445,-0.0
35510,-1.4509140130551021,-2.423870198518656,-0.0
35520,-1.438158561650808,-2.4302939227791165,-0.0
35530,-1.425375139509293,-2.4366404321674824,-0.0
35540,-1.4125643083424897,-2.4429096263188974,-0.0
35550,-1.3997266297738422,-2.4491014098137414,-0.0
35560,-1.3868626652869607,-2.455215692166254,-0.0
35570,-1.3739729761745547,-2.4612523878125767,-0.0
35580,-1.3610581234876225,-2.4672114160981704,-0.0
35590,-1.348118667984938,-2.4730927012646604,-0.0
35600,-1.3351551700828157,-2.478896172436079,-0.0
35610,-1.3221681898051836,-2.4846217636045393,-0.0
35620,-1.309158286733949,-2.4902694136153225,-0.0
35630,-1.2961260199596853,-2.4958390661514,-0.0
35640,-1.2830719480326305,-2.501330669717392,-0.0
35650,-1.2699966289140157,-2.506744177622967,-0.0
35660,-1.2569006199277233,-2.512079547965689,-0.0
35670,-1.2437844777122866,-2.517336743613327,-0.0
35680,-1.2306487581732368,-2.522515732185618,-0.0
35690,-1.2174940164357948,-2.527616486035499,-0.0
35700,-1.2043208067979307,-2.5326389822298183,-0.0
35710,-1.1911296826837832,-2.5375832025295266,-0.0
35720,-1.1779211965974514,-2.5424491333693524,-0.0
35730,-1.1646959000771642,-2.547236765836982,-0.0
35740,-1.15145434364983,-2.5519460956517293,-0.0
35750,-1.1381970767859801,-2.5565771231427266,-0.0
35760,-1.1249246478551005,-2.5611298532266202,-0.0
35770,-1.1116376040813671,-2.5656042953848006,-0.0
35780,-1.0983364914997842,-2.570000463640156,-0.0
35790,-1.0850218549127353,-2.5743183765333626,-0.0
35800,-1.0716942378469456,-2.578558057098727,-0.0
35810,-1.0583541825108682,-2.582719532839574,-0.0
35820,-1.045002229752494,-2.586802835703198,-0.0
35830,-1.0316389190175872,-2.5908080020553768,-0.0
35840,-1.018264788308363,-2.594735072654469,-0.0
35850,-1.0048803741425965,-2.5985840926250843,-0.0
35860,-0.9914862115131777,-2.602355111431346,-0.0
35870,-0.978082833848113,-2.6060481828497597,-0.0
35880,-0.9646707729709763,-2.6096633649416696,-0.0
35890,-0.9512505590618158,-2.6132007200253433,-0.0
35900,-0.9378227206185192,-2.616660314647672,-0.0
35910,-0.9243877844186389,-2.6200422195554895,-0.0
35920,-0.9109462754816854,-2.6233465096665456,-0.0
35930,-0.8974987170318871,-2.6265732640401063,-0.0
35940,-0.8840456304614223,-2.629722565847209,-0.0
35950,-0.870587535294127,-2.632794502340589,-0.0
35960,-0.8571249491496773,-2.635789164824248,-0.0
35970,-0.8436583877082584,-2.638706648622728,-0.0
35980,-0.8301883646757094,-2.6415470530500436,-0.0
35990,-0.8167153917491564,-2.644310481378309,-0.0
36000,-0.8032399785831378,-2.6469970408060797,-0.0
36010,-0.7897626327562125,-2.649606842426377,-0.0
36020,-0.7762838597380647,-2.6521400011944394,-0.0
36030,-0.7628041628571021,-2.6545966358951967,-0.0
36040,-0.7493240432685498,-2.656976869110466,-0.0
36050,-0.7358439999230432,-2.6592808271858943,-0.0
36060,-0.7223645295357167,-2.6615086401976353,-0.0
36070,-0.7088861265557977,-2.6636604419187906,-0.0
36080,-0.695409283136699,-2.6657363697855976,-0.0
36090,-0.6819344891066178,-2.6677365648634077,-0.0
36100,-0.6684622319396354,-2.6696611718124146,-0.0
36110,-0.6549929967273249,-2.6715103388531833,-0.0
36120,-0.6415272661508654,-2.6732842177319722,-0.0
36130,-0.6280655204536605,-2.6749829636858418,-0.0
36140,-0.614608237414466,-2.676606735407583,-0.0
36150,-0.6011558923210255,-2.6781556950104464,-0.0
36160,-0.5877089579442144,-2.6796300079927167,-0.0
36170,-0.5742679045126915,-2.6810298432020896,-0.0
36180,-0.5608331996880602,-2.6823553727999037,-0.0
36190,-0.5474053085405373,-2.683606772225213,-0.0
36200,-0.5339846935251321,-2.684784220158712,-0.0
36210,-0.5205718144583323,-2.68588789848652,-0.0
36220,-0.507167128495297,-2.686917992263827,-0.0
36230,-0.49377109010756,-2.6878746896784254,-0.0
36240,-0.48038415106123883,-2.6887581820141206,-0.0
36250,-0.46700676039574834,-2.689568663614016,-0.0
36260,-0.4536393644030227,-2.6903063318437197,-0.0
36270,-0.4402824066072404,-2.690971387054432,-0.0
36280,-0.4269363277450532,-2.6915640325459558,-0.0
36290,-0.41360156574631807,-2.6920844745296204,-0.0
36300,-0.40027855571533055,-2.6925329220911327,-0.0
36310,-0.3869677299125576,-2.692909587153353,-0.0
36320,-0.37366951773687124,-2.693214684439024,-0.0
36330,-0.3603843457082765,-2.6934484314334255,-0.0
36340,-0.3471126374511383,-2.693611048346998,-0.0
36350,-0.3338548136779002,-2.6937027580779143,-0.0
36360,-0.32061129217329715,-2.693723786174625,-0.0
36370,-0.30738248777905774,-2.693674360798368,-0.0
36380,-0.29416881237909576,-2.6935547126856663,-0.0
36390,-0.2809706748851882,-2.6933650751107994,-0.0
36400,-0.2677884812231373,-2.6931056838482745,-0.0
36410,-0.25462263431941623,-2.6927767771352937,-0.0
36420,-0.24147353408829395,-2.6923785956342274,-0.0
36430,-0.2283415774194379,-2.6919113823950944,-0.0
36440,-0.21522715816599253,-2.691375382818056,-0.0
36450,-0.20213066713313024,-2.6907708446159466,-0.0
36460,-0.18905249206707292,-2.690098017776813,-0.0
36470,-0.1759930176445814,-2.6893571545265074,-0.0
36480,-0.16295262546290895,-2.6885485092913064,-0.0
36490,-0.14993169403021822,-2.6876723386605845,-0.0
36500,-0.13693059875645638,-2.6867289013495403,-0.0
36510,-0.1239497119446874,-2.6857184581619715,-0.0
36520,-0.11098940278287707,-2.6846412719531236,-0.0
36530,-0.09805003733612935,-2.683497607592605,-0.0
36540,-0.08513197853936867,-2.682287731927365,-0.0
36550,-0.07223558619046748,-2.681011913744772,-0.0
36560,-0.05936121694381397,-2.6796704237357605,-0.0
36570,-0.04650922430431738,-2.6782635344580696,-0.0
36580,-0.03367995862184766,-2.6767915202995853,-0.0
36590,-0.020873767086105846,-2.675254657441775,-0.0
36600,-0.008090993721921692,-2.6736532238232296,-0.0
36610,0.004668020615024795,-2.6719874991033152,-0.0
36620,0.017402938242061645,-2.6702577646259456,-0.0
36630,0.030113424652966528,-2.6684643033834607,-0.0
36640,0.042799148520995346,-2.666607399980645,-0.0
36650,0.05545978170150161,-2.6646873405988645,-0.0
36660,0.06809499923415017,-2.6627044129603386,-0.0
36670,0.08070447934472916,-2.660658906292551,-0.0
36680,0.09328790344656418,-2.658551111292809,-0.0
36690,0.10584495614153805,-2.6563813200929305,-0.0
36700,0.11837532522072089,-2.654149826224108,-0.0
36710,0.13087870166461335,-2.6518569245819017,-0.0
36720,0.143354779643008,-2.649502911391406,-0.0
36730,0.15580325651447224,-2.6470880841725752,-0.0
36740,0.16822383282545722,-2.6446127417057186,-0.0
36750,0.1806162123090363,-2.642077183997156,-0.0
36760,0.1929801018832768,-2.639481712245052,-0.0
36770,0.20531521164925204,-2.6368266288054407,-0.0
36780,0.21762125488869244,-2.6341122371584045,-0.0
36790,0.22989794806128552,-2.631338841874465,-0.0
36800,0.24214501080162487,-2.62850674858114,-0.0
36810,0.2543621659158147,-2.6256162639297025,-0.0
36820,0.266549139377733,-2.6226676955621393,-0.0
36830,0.2787056603249579,-2.6196613520782845,-0.0
36840,0.2908314610543624,-2.616597543003189,-0.0
36850,0.30292627701737856,-2.6134765787546512,-0.0
36860,0.31498984681494113,-2.610298770610993,-0.0
36870,0.32702191219210824,-2.6070644306790176,-0.0
36880,0.3390222180323695,-2.603773871862195,-0.0
36890,0.35099051235164086,-2.6004274078290517,-0.0
36900,0.36292654629195475,-2.5970253529817837,-0.0
36910,0.37483007411484687,-2.5935680224250928,-0.0
36920,0.3867008531944454,-2.590055731935229,-0.0
36930,0.3985386440102658,-2.586488797929274,-0.0
36940,0.4103432101397188,-2.5828675374346513,-0.0
36950,0.4221143182503309,-2.579192268058848,-0.0
36960,0.43385173809168537,-2.575463307959387,-0.0
36970,0.4455552424870878,-2.5716809758140187,-0.0
36980,0.4572246073249591,-2.567845590791156,-0.0
36990,0.4688596115499623,-2.5639574725205474,-0.0
37000,0.4804600371538654,-2.5600169410641813,-0.0
37010,0.4920256691661441,-2.5560243168874295,-0.0
37020,0.5035562956443355,-2.5519799208304534,-0.0
37030,0.5150517076641355,-2.547884074079823,-0.0
37040,0.526511699309255,-2.5437370981404075,-0.0
37050,0.5379360676610333,-2.539539314807501,-0.0
37060,0.549324612787815,-2.5352910461391973,-0.0
37070,0.5606771377340944,-2.5309926144290187,-0.0
37080,0.5719934485094316,-2.5266443421787885,-0.0
37090,0.5832733540771442,-2.5222465520717696,-0.0
37100,0.5945166663427802,-2.5177995669460342,-0.0
37110,0.6057232001423762,-2.5133037097681172,-0.0
37120,0.6168927732305014,-2.5087593036068965,-0.0
37130,0.6280252062680985,-2.504166671607749,-0.0
37140,0.6391203228101202,-2.4995261369669604,-0.0
37150,0.6501779492929661,-2.4948380229063827,-0.0
37160,0.6611979150217289,-2.490102652648369,-0.0
37170,0.6721800521572463,-2.4853203493909506,-0.0
37180,0.6831241957029717,-2.4804914362832906,-0.0
37190,0.6940301834916578,-2.475616236401379,-0.0
37200,0.7048978561718675,-2.470695072724011,-0.0
37210,0.7157270571943084,-2.465728268109014,-0.0
37220,0.7265176327979995,-2.460716145269738,-0.0
37230,0.7372694319962705,-2.4556590267518152,-0.0
37240,0.7479823065626018,-2.4505572349101756,-0.0
37250,0.758656111016308,-2.4454110918863368,-0.0
37260,0.7692907026080626,-2.440220919585937,-0.0
37270,0.7798859413052808,-2.434987039656557,-0.0
37280,0.790441689777352,-2.429709773465793,-0.0
37290,0.8009578133807315,-2.4243894420795904,-0.0
37300,0.8114341801438951,-2.4190263662408458,-0.0
37310,0.8218706607521611,-2.41362086634828,-0.0
37320,0.8322671285323794,-2.40817326243556,-0.0
37330,0.8426234594374968,-2.402683874150699,-0.0
37340,0.8529395320309995,-2.3971530207357095,-0.0
37350,0.863215227471235,-2.391581021006526,-0.0
37360,0.8734504294956241,-2.3859681933331927,-0.0
37370,0.8836450244047531,-2.380314855620299,-0.0
37380,0.8937989010463679,-2.3746213252876998,-0.0
37390,0.9039119507992562,-2.3688879192514776,-0.0
37400,0.9139840675570359,-2.363114953905182,-0.0
37410,0.9240151477118405,-2.3573027451013147,-0.0
37420,0.9340050901379154,-2.351451608133088,-0.0
37430,0.943953796175123,-2.3455618577164348,-0.0
37440,0.9538611696123607,-2.339633807972283,-0.0
37450,0.9637271166708972,-2.333667772409081,-0.0
37460,0.9735515459876288,-2.327664063905593,-0.0
37470,0.9833343685982593,-2.3216229946939406,-0.0
37480,0.9930754979204064,-2.3155448763429005,-0.0
37490,1.0027748497366407,-2.3094300197414683,-0.0
37500,1.0124323421774541,-2.3032787350826625,-0.0
37510,1.0220478957041712,-2.297091331847595,-0.0
37520,1.0316214330917957,-2.290868118789786,-0.0
37530,1.041152879411802,-2.284609403919734,-0.0
37540,1.050642162014873,-2.278315494489737,-0.0
37550,1.0600892105135866,-2.271986696978955,-0.0
37560,1.0694939567650585,-2.265623317078744,-0.0
37570,1.0788563348535332,-2.259225659678204,-0.0
37580,1.0881762810729412,-2.2527940288500066,-0.0
37590,1.0974537339094121,-2.2463287278364437,-0.0
37600,1.1066886340237558,-2.2398300590357345,-0.0
37610,1.1158809242339074,-2.2332983239885666,-0.0
37620,1.1250305494973458,-2.2267338233648872,-0.0
37630,1.1341374568934846,-2.2201368569509308,-0.0
37640,1.1432015956060328,-2.2135077236364817,-0.0
37650,1.1522229169053437,-2.2068467214023824,-0.0
37660,1.1612013741307377,-2.2001541473082753,-0.0
37670,1.1701369226728096,-2.1934302974805773,-0.0
37680,1.1790295199557268,-2.1866754671006943,-0.0
37690,1.1878791254195076,-2.179889950393457,-0.0
37700,1.1966857005023022,-2.173074040615805,-0.0
37710,1.2054492086226611,-2.1662280300456884,-0.0
37720,1.214169615161796,-2.1593522099711926,-0.0
37730,1.2228468874458505,-2.15244687067991,-0.0
37740,1.2314809947281615,-2.1455123014485142,-0.0
37750,1.2400719081715335,-2.1385487905325777,-0.0
37760,1.2486196008305082,-2.131556625156595,-0.0
37770,1.257124047633654,-2.1245360915042397,-0.0
37780,1.2655852253658573,-2.1174874747088324,-0.0
37790,1.2740031126506317,-2.110411058844033,-0.0
37800,1.2823776899324384,-2.1033071269147414,-0.0
37810,1.2907089394590265,-2.096175960848218,-0.0
37820,1.298996845263795,-2.089017841485421,-0.0
37830,1.3072413931481657,-2.0818330485725425,-0.0
37840,1.3154425706639938,-2.0746218607527664,-0.0
37850,1.3236003670959924,-2.067384555558228,-0.0
37860,1.3317147734441912,-2.060121409402183,-0.0
37870,1.3397857824064212,-2.0528326975713775,-0.0
37880,1.3478133883608312,-2.045518694218627,-0.0
37890,1.3557975873484394,-2.0381796723555894,-0.0
37900,1.363738377055716,-2.0308159038457436,-0.0
37910,1.371635756797209,-2.0234276593975635,-0.0
37920,1.3794897274981996,-2.0160152085578886,-0.0
37930,1.3873002916774069,-2.008578819705487,-0.0
37940,1.3950674534297292,-2.0011187600448186,-0.0
37950,1.4027912184090292,-1.993635295599976,-0.0
37960,1.4104715938109698,-1.9861286912088327,-0.0
37970,1.4181085883558866,-1.9785992105173589,-0.0
37980,1.4257022122717224,-1.971047115974142,-0.0
37990,1.4332524772769981,-1.9634726688250765,-0.0
38000,1.440759396563844,-1.9558761291082425,-0.0
38010,1.4482229847810846,-1.9482577556489695,-0.0
38020,1.4556432580173715,-1.9406178060550707,-0.0
38030,1.4630202337843752,-1.9329565367122532,-0.0
38040,1.470353931000041,-1.9252742027797192,-0.0
38050,1.4776443699718884,-1.9175710581859164,-0.0
38060,1.4848915723803868,-1.9098473556244826,-0.0
38070,1.4920955612623819,-1.9021033465503467,-0.0
38080,1.4992563609945906,-1.8943392811760056,-0.0
38090,1.5063739972771528,-1.8865554084679577,-0.0
38100,1.5134484971172573,-1.8787519761433145,-0.0
38110,1.5204798888128268,-1.8709292306665644,-0.0
38120,1.5274682019362718,-1.8630874172464997,-0.0
38130,1.5344134673183156,-1.8552267798333093,-0.0
38140,1.541315717031885,-1.8473475611158183,-0.0
38150,1.5481749843760768,-1.8394500025188962,-0.0
38160,1.554991303860189,-1.8315343442010048,-0.0
38170,1.5617647111878303,-1.8236008250519116,-0.0
38180,1.5684952432411006,-1.8156496826905442,-0.0
38190,1.5751829380648494,-1.8076811534630015,-0.0
38200,1.5818278348510013,-1.7996954724407028,-0.0
38210,1.588429973922971,-1.7916928734186912,-0.0
38220,1.5949893967201398,-1.7836735889140718,-0.0
38230,1.6015061457824273,-1.775637850164602,-0.0
38240,1.6079802647349266,-1.767585887127411,-0.0
38250,1.6144117982726316,-1.7595179284778686,-0.0
38260,1.620800792145232,-1.7514342016085758,-0.0
38270,1.6271472931420048,-1.7433349326285097,-0.0
38280,1.6334513490767721,-1.7352203463622824,-0.0
38290,1.639713008772958,-1.7270906663495489,-0.0
38300,1.6459323220487088,-1.7189461148445244,-0.0
38310,1.6521093397021178,-1.7107869128156534,-0.0
38320,1.6582441134965211,-1.7026132799453855,-0.0
38330,1.664336696145883,-1.6944254346300849,-0.0
38340,1.670387141300266,-1.6862235939800623,-0.0
38350,1.6763955035313896,-1.6780079738197269,-0.0
38360,1.6823618383182752,-1.6697787886878612,-0.0
38370,1.688286202032973,-1.6615362518380041,-0.0
38380,1.6941686519263865,-1.6532805752389652,-0.0
38390,1.7000092461141767,-1.6450119695754415,-0.0
38400,1.7058080435627592,-1.6367306442487546,-0.0
38410,1.7115651040753903,-1.6284368073776945,-0.0
38420,1.7172804882783408,-1.6201306657994747,-0.0
38430,1.7229542576071633,-1.6118124250708012,-0.0
38440,1.728586474293045,-1.6034822894690381,-0.0
38450,1.7341772013492545,-1.5951404619934866,-0.0
38460,1.7397265025576796,-1.5867871443667627,-0.0
38470,1.7452344424554558,-1.5784225370362817,-0.0
38480,1.7507010863216859,-1.5700468391758373,-0.0
38490,1.75612650016425,-1.5616602486872833,-0.0
38500,1.7615107507067125,-1.5532629622023133,-0.0
38510,1.7668539053753167,-1.544855175084333,-0.0
38520,1.7721560322860732,-1.5364370814304291,-0.0
38530,1.7774172002319437,-1.5280088740734319,-0.0
38540,1.7826374786701122,-1.5195707445840658,-0.0
38550,1.7878169377093542,-1.5111228832731927,-0.0
38560,1.7929556480975009,-1.5026654791941434,-0.0
38570,1.7980536812089865,-1.4941987201451346,-0.0
38580,1.8031111090325016,-1.4857227926717704,-0.0
38590,1.8081280041587318,-1.477237882069633,-0.0
38600,1.8131044397681932,-1.4687441723869483,-0.0
38610,1.8180404896191629,-1.4602418464273415,-0.0
38620,1.822936228035696,-1.4517310857526602,-0.0
38630,1.8277917298957498,-1.443212070685893,-0.0
38640,1.8326070706193873,-1.4346849803141466,-0.0
38650,1.8373823261570832,-1.4261499924917127,-0.0
38660,1.842117572978122,-1.4176072838432014,-0.0
38670,1.8468128880590908,-1.4090570297667497,-0.0
38680,1.851468348872461,-1.4004994044373027,-0.0
38690,1.856084033375272,-1.3919345808099628,-0.0
38700,1.8606600199978995,-1.383362730623409,-0.0
38710,1.865196387632924,-1.3747840244033833,-0.0
38720,1.8696932156240922,-1.366198631466245,-0.0
38730,1.8741505837553654,-1.3576067199225865,-0.0
38740,1.8785685722400727,-1.3490084566809173,-0.0
38750,1.8829472617101435,-1.3404040074514056,-0.0
38760,1.8872867332054475,-1.3317935367496871,-0.0
38770,1.8915870681632143,-1.3231772079007262,-0.0
38780,1.8958483484075563,-1.3145551830427429,-0.0
38790,1.900070656139076,-1.3059276231311938,-0.0
38800,1.9042540739245717,-1.2972946879428093,-0.0
38810,1.9083986846868335,-1.2886565360796876,-0.0
38820,1.9125045716945293,-1.2800133249734402,-0.0
38830,1.9165718185521858,-1.271365210889396,-0.0
38840,1.9206005091902583,-1.262712348930846,-0.0
38850,1.924590727855295,-1.2540548930433526,-0.0
38860,1.928542559100188,-1.245392996019095,-0.0
38870,1.932456087774518,-1.2367268095012716,-0.0
38880,1.9363313990149944,-1.2280564839885482,-0.0
38890,1.940168578235974,-1.2193821688395479,-0.0
38900,1.94396771112008,-1.2107040122773904,-0.0
38910,1.947728883608908,-1.2020221613942754,-0.0
38920,1.9514521818938177,-1.1933367621561026,-0.0
38930,1.9551376924068218,-1.1846479594071433,-0.0
38940,1.9587855018115559,-1.1759558968747448,-0.0
38950,1.9623956969943412,-1.167260717174078,-0.0
38960,1.9659683650553337,-1.1585625618129225,-0.0
38970,1.9695035932997638,-1.1498615711964901,-0.0
38980,1.9730014692292615,-1.1411578846322856,-0.0
38990,1.976462080533268,-1.1324516403350022,-0.0
39000,1.9798855150805375,-1.123742975431451,-0.0
39010,1.9832718609107236,-1.1150320259655278,-0.0
39020,1.9866212062260538,-1.1063189269032099,-0.0
39030,1.9899336393830844,-1.0976038121375828,-0.0
39040,1.9932092488845476,-1.0888868144939041,-0.0
39050,1.9964481233712799,-1.0801680657346913,-0.0
39060,1.9996503516142383,-1.0714476965648432,-0.0
39070,2.0028160225065967,-1.062725836636787,-0.0
39080,2.0059452250559318,-1.0540026145556551,-0.0
39090,2.0090380483764854,-1.0452781578844854,-0.0
39100,2.012094581681517,-1.0365525931494506,-0.0
39110,2.0151149142757365,-1.0278260458451103,-0.0
39120,2.018099135547815,-1.0190986404396871,-0.0
39130,2.0210473349629874,-1.0103705003803698,-0.0
39140,2.0239596020557284,-1.0016417480986322,-0.0
39150,2.0268360264225085,-0.9929125050155793,-0.0
39160,2.029676697714639,-0.9841828915473111,-0.0
39170,2.0324817056311937,-0.9754530271103101,-0.0
39180,2.0352511399120035,-0.9667230301268437,-0.0
39190,2.037985090330742,-0.957993018030387,-0.0
39200,2.04068364668808,-0.9492631072710643,-0.0
39210,2.043346898804928,-0.9405334133211082,-0.0
39220,2.045974936515747,-0.9318040506803312,-0.0
39230,2.0485678496619455,-0.9230751328816179,-0.0
39240,2.051125728085348,-0.9143467724964287,-0.0
39250,2.0536486616217395,-0.9056190811403174,-0.0
39260,2.0561367400945,-0.8968921694784677,-0.0
39270,2.058590053308289,-0.8881661472312345,-0.0
39280,2.061008691042832,-0.8794411231797038,-0.0
39290,2.0633927430467667,-0.8707172051712622,-0.0
39300,2.0657422990315633,-0.8619945001251742,-0.0
39310,2.06805744866553,-0.8532731140381765,-0.0
39320,2.0703382815678797,-0.8445531519900751,-0.0
39330,2.0725848873028774,-0.8358347181493562,-0.0
39340,2.074797355374056,-0.8271179157788022,-0.0
39350,2.0769757752185085,-0.818402847241118,-0.0
39360,2.0791202362012458,-0.8096896140045633,-0.0
39370,2.0812308276096347,-0.8009783166485925,-0.0
39380,2.0833076386478933,-0.7922690548694984,-0.0
39390,2.085350758431673,-0.7835619274860651,-0.0
39400,2.087360275982696,-0.7748570324452224,-0.0
39410,2.0893362802234723,-0.7661544668277076,-0.0
39420,2.091278859972075,-0.7574543268537277,-0.0
39430,2.093188103936996,-0.748756707888629,-0.0
39440,2.0950641007120616,-0.740061704448567,-0.0
39450,2.096906938771415,-0.7313694102061783,-0.0
39460,2.0987167064645718,-0.7226799179962569,-0.0
39470,2.1004934920115392,-0.7139933198214303,-0.0
39480,2.102237383497993,-0.7053097068578348,-0.0
39490,2.103948468870537,-0.6966291694607958,-0.0
39500,2.1056268359320067,-0.6879517971705016,-0.0
39510,2.1072725723368624,-0.6792776787176851,-0.0
39520,2.108885765586618,-0.6706069020292952,-0.0
39530,2.110466503025357,-0.6619395542341747,-0.0
39540,2.1120148718353002,-0.6532757216687328,-0.0
39550,2.1135309590324343,-0.6446154898826131,-0.0
39560,2.1150148514622154,-0.6359589436443669,-0.0
39570,2.116466635795311,-0.6273061669471118,-0.0
39580,2.117886398523434,-0.6186572430141996,-0.0
39590,2.119274225955205,-0.6100122543048682,-0.0
39600,2.120630204212102,-0.6013712825199005,-0.0
39610,2.121954419224452,-0.5927344086072693,-0.0
39620,2.1232469567274896,-0.5841017127677834,-0.0
39630,2.1245079022574735,-0.5754732744607254,-0.0
39640,2.1257373411478615,-0.5668491724094853,-0.0
39650,2.126935358525539,-0.5582294846071868,-0.0
39660,2.1281020393071137,-0.5496142883223086,-0.0
39670,2.1292374681952593,-0.5410036601042983,-0.0
39680,2.1303417296751133,-0.5323976757891772,-0.0
39690,2.131414908010745,-0.5237964105051433,-0.0
39700,2.1324570872416655,-0.5151999386781606,-0.0
39710,2.1334683511793946,-0.5066083340375442,-0.0
39720,2.1344487834040877,-0.4980216696215353,-0.0
39730,2.1353984672612136,-0.48944001778286844,-0.0
39740,2.1363174858582847,-0.4808634501943299,-0.0
39750,2.137205922061645,-0.47229203785430757,-0.0
39760,2.138063858493304,-0.463725851092329,-0.0
39770,2.1388913775278273,-0.4551649595745928,-0.0
39780,2.139688561289283,-0.4466094323094887,-0.0
39790,2.1404554916482295,-0.4380593376531072,-0.0
39800,2.1411922502187624,-0.4295147433147391,-0.0
39810,2.1418989183556087,-0.4209757163623651,-0.0
39820,2.1425755771512724,-0.4124423232281328,-0.0
39830,2.143222307433226,-0.4039146297138242,-0.0
39840,2.1438391897611604,-0.39539270099631146,-0.0
39850,2.1444263044242704,-0.3868766016330003,-0.0
39860,2.144983731438602,-0.3783663955672628,-0.0
39870,2.145511550544434,-0.36986214613385665,-0.0
39880,2.146009841203721,-0.3613639160643344,-0.0
39890,2.146478682597573,-0.3528717674924379,-0.0
39900,2.146918153623784,-0.34438576195948195,-0.0
39910,2.1473283328944124,-0.3359059604197244,-0.0
39920,2.147709298733401,-0.32743242324572347,-0.0
39930,2.1480611291742386,-0.3189652102336814,-0.0
39940,2.1483839019576854,-0.31050438060877666,-0.0
39950,2.148677694529511,-0.3020499930304795,-0.0
39960,2.148942584038313,-0.2936021055978573,-0.0
39970,2.1491786473333536,-0.28516077585486405,-0.0
39980,2.149385960962444,-0.2767260607956159,-0.0
39990,2.149564601169881,-0.2682980168696537,-0.0
40000,2.149714643894415,-0.25987669998719076,-0.0
40010,2.1498361647672706,-0.2514621655243461,-0.0
40020,2.1499292391102025,-0.2430544683283637,-0.0
40030,2.149993941933587,-0.23465366272281601,-0.0
40040,2.1500303479345693,-0.22625980251279454,-0.0
40050,2.1500385314952415,-0.21787294099008425,-0.0
40060,2.150018566680858,-0.2094931309383229,-0.0
40070,2.1499705272380996,-0.201120424638146,-0.0
40080,2.149894486593368,-0.19275487387231638,-0.0
40090,2.14979051785113,-0.18439652993083838,-0.0
40100,2.1496586937922895,-0.1760454436160569,-0.0
40110,2.1494990868726003,-0.16770166524773983,-0.0
40120,2.1493117692211254,-0.15936524466814703,-0.0
40130,2.1490968126387204,-0.1510362312470815,-0.0
40140,2.1488542885965654,-0.14271467388692624,-0.0
40150,2.1485842682347256,-0.13440062102766473,-0.0
40160,2.1482868223607556,-0.12609412065188552,-0.0
40170,2.1479620214483313,-0.11779522028977096,-0.0
40180,2.147609935635926,-0.10950396702406989,-0.0
40190,2.147230634725517,-0.1012204074950542,-0.0
40200,2.1468241881813266,-0.09294458790545941,-0.0
40210,2.1463906651285996,-0.08467655402540862,-0.0
40220,2.1459301343524193,-0.07641635119732089,-0.0
40230,2.145442664296545,-0.06816402434080242,-0.0
40240,2.1449283230623,-0.059919617957522306,-0.0
40250,2.1443871784074777,-0.0516831761360711,-0.0
40260,2.143819297745289,-0.04345474255680344,-0.0
40270,2.1432247481433424,-0.03523436049666398,-0.0
40280,2.1426035963226515,-0.027022072833996887,-0.0
40290,2.141955908656681,-0.0188179220533387,-0.0
40300,2.1412817511704154,-0.010621950250194748,-0.0
40310,2.1405811895394713,-0.0024341991357988927,-0.0
40320,2.139854289089227,0.005745289958143347,-0.0
40330,2.139101114794,0.013916476074728297,-0.0
40340,2.1383217312762293,0.022079318627144247,-0.0
40350,2.137516202805721,0.03023377739397834,-0.0
40360,2.1366845932988925,0.03837981251453999,-0.0
40370,2.135826966318066,0.04651738448420114,-0.0
40380,2.134943385070783,0.05464645414975311,-0.0
40390,2.134033912409152,0.06276698270478015,-0.0
40400,2.133098610829218,0.07087893168504976,-0.0
40410,2.1321375424703732,0.07898226296391979,-0.0
40420,2.131150769114778,0.0870769387477617,-0.0
40430,2.1301383521868247,0.09516292157140145,-0.0
40440,2.1291003527526224,0.103240174293576,-0.0
40450,2.128036831519512,0.11130866009240759,-0.0
40460,2.1269478488356026,0.11936834246089346,-0.0
40470,2.125833464689338,0.12741918520241327,-0.0
40480,2.124693738709095,0.1354611524262526,-0.0
40490,2.1235287301627976,0.14349420854314307,-0.0
40500,2.1223384979575637,0.15151831826081924,-0.0
40510,2.1211231006393776,0.1595334465795918,-0.0
40520,2.1198825963927863,0.16753955878793783,-0.0
40530,2.118617043040614,0.17553662045810645,-0.0
40540,2.117326498043719,0.18352459744174246,-0.0
40550,2.1160110185007577,0.19150345586552514,-0.0
40560,2.1146706611479797,0.19947316212682398,-0.0
40570,2.1133054823590514,0.207433682889371,-0.0
40580,2.111915538144894,0.21538498507894893,-0.0
40590,2.110500884153556,0.22332703587909603,-0.0
40600,2.1090615756700983,0.2312598027268268,-0.0
40610,2.1075976676165116,0.23918325330836976,-0.0
40620,2.1061092145516507,0.24709735555492,-0.0
40630,2.104596270671195,0.2550020776384093,-0.0
40640,2.103058889807628,0.2628973879672914,-0.0
40650,2.1014971254302446,0.27078325518234353,-0.0
40660,2.0999110306451745,0.2786596481524842,-0.0
40670,2.0983006581954333,0.2865265359706067,-0.0
40680,2.096666060460989,0.2943838879494284,-0.0
40690,2.095007289458853,0.30223167361735565,-0.0
40700,2.0933243968431965,0.31006986271436576,-0.0
40710,2.0916174339054807,0.3178984251879028,-0.0
40720,2.089886451574608,0.32571733118878987,-0.0
40730,2.0881315004171044,0.333526551067158,-0.0
40740,2.0863526306373084,0.34132605536838906,-0.0
40750,2.08454989207759,0.3491158148290745,-0.0
40760,2.0827233342185845,0.35689580037299085,-0.0
40770,2.080873006179447,0.3646659831070878,-0.0
40780,2.0789989567181317,0.3724263343174953,-0.0
40790,2.077101234231684,0.3801768254655423,-0.0
40800,2.0751798867565485,0.38791742818379243,-0.0
40810,2.0732349619689163,0.3956481142720957,-0.0
40820,2.071266507185064,0.4033688556936528,-0.0
40830,2.0692745693617276,0.4110796245710959,-0.0
40840,2.0672591950964962,0.4187803931825848,-0.0
40850,2.06522043062822,0.42647113395791714,-0.0
40860,2.0631583218374256,0.4341518194746514,-0.0
40870,2.061072914246776,0.44182242245424974,-0.0
40880,2.058964253021523,0.4494829157582302,-0.0
40890,2.0568323829699895,0.4571332723843357,-0.0
40900,2.0546773485440686,0.46477346546271825,-0.0
40910,2.0524991938397377,0.4724034682521354,-0.0
40920,2.0502979625975906,0.48002325413616315,-0.0
40930,2.048073698203388,0.48763279661942116,-0.0
40940,2.0458264436886284,0.4952320693238148,-0.0
40950,2.043556241731127,0.5028210459847877,-0.0
40960,2.0412631346556127,0.5103997004475902,-0.0
40970,2.0389471644343615,0.5179680066635642,-0.0
40980,2.036608372687807,0.5255259386864355,-0.0
40990,2.0342468006852132,0.5330734706686269,-0.0
41000,2.0318624893453285,0.5406105768575804,-0.0
41010,2.0294554792370683,0.5481372315920939,-0.0
41020,2.0270258105802212,0.5556534092986741,-0.0
41030,2.0245735232461546,0.5631590844878971,-0.0
41040,2.0220986567585517,0.5706542317507892,-0.0
41050,2.0196012502941563,0.5781388257552165,-0.0
41060,2.0170813426835315,0.5856128412422881,-0.0
41070,2.0145389724118394,0.5930762530227744,-0.0
41080,2.011974177619633,0.6005290359735364,-0.0
41090,2.0093869961036637,0.6079711650339689,-0.0
41100,2.0067774653177026,0.615402615202457,-0.0
41110,2.00414562237338,0.6228233615328436,-0.0
41120,2.001491504041038,0.6302333791309125,-0.0
41130,1.9988151467505944,0.63763264315088,-0.0
41140,1.9961165865924326,0.6450211287919045,-0.0
41150,1.9933958593182872,0.6523988112946023,-0.0
41160,1.9906530003421663,0.6597656659375815,-0.0
41170,1.9878880447412688,0.6671216680339835,-0.0
41180,1.9851010272569305,0.6744667929280409,-0.0
41190,1.9822919822955738,0.6818010159916436,-0.0
41200,1.9794609439296764,0.6891243126209189,-0.0
41210,1.976607945898761,0.6964366582328259,-0.0
41220,1.9737330216103801,0.7037380282617546,-0.0
41230,1.970836204141137,0.7110283981561464,-0.0
41240,1.9679175262377058,0.7183077433751177,-0.0
41250,1.9649770203178665,0.7255760393850993,-0.0
41260,1.9620147184715644,0.7328332616564888,-0.0
41270,1.9590306524619703,0.7400793856603102,-0.0
41280,1.9560248537265608,0.7473143868648876,-0.0
41290,1.952997353378211,0.7545382407325295,-0.0
41300,1.949948182206303,0.761750922716225,-0.0
41310,1.9468773706778428,0.7689524082563496,-0.0
41320,1.9437849489385923,0.7761426727773829,-0.0
41330,1.9406709468142234,0.783321691684639,-0.0
41340,1.9375353938114666,0.7904894403610038,-0.0
41350,1.9343783191192905,0.7976458941636854,-0.0
41360,1.931199751610089,0.804791028420977,-0.0
41370,1.9279997198408765,0.8119248184290273,-0.0
41380,1.9247782520545016,0.8190472394486216,-0.0
41390,1.9215353761808718,0.826158266701976,-0.0
41400,1.918271119838192,0.8332578753695393,-0.0
41410,1.9149855103342202,0.8403460405868083,-0.0
41420,1.9116785746675213,0.8474227374411468,-0.0
41430,1.9083503395287549,0.854487940968625,-0.0
41440,1.9050008313019606,0.8615416261508594,-0.0
41450,1.9016300760658555,0.8685837679118655,-0.0
41460,1.898238099595162,0.8756143411149264,-0.0
41470,1.8948249273619246,0.8826333205594605,-0.0
41480,1.8913905845368546,0.889640680977907,-0.0
41490,1.8879350959906858,0.8966363970326202,-0.0
41500,1.884458486295541,0.90362044331277,-0.0
41510,1.8809607797263095,0.9105927943312547,-0.0
41520,1.8774420002620362,0.917553424521621,-0.0
41530,1.87390217158733,0.9245023082349956,-0.0
41540,1.870341317093784,0.9314394197370276,-0.0
41550,1.8667594598813964,0.9383647332048339,-0.0
41560,1.8631566227600198,0.9452782227239593,-0.0
41570,1.8595328282508141,0.9521798622853453,-0.0
41580,1.8558880985877124,0.9590696257823043,-0.0
41590,1.8522224557189066,0.9659474870075081,-0.0
41600,1.8485359213083328,0.9728134196499784,-0.0
41610,1.844828516737183,0.9796673972920938,-0.0
41620,1.8411002631054196,0.9865093934065997,-0.0
41630,1.8373511812333074,0.9933393813536291,-0.0
41640,1.8335812916629586,1.0001573343777326,-0.0
41650,1.8297906146598841,1.006963225604915,-0.0
41660,1.8259791702145676,1.0137570280396835,-0.0
41670,1.8221469780440436,1.0205387145621003,-0.0
41680,1.8182940575934916,1.0273082579248474,-0.0
41690,1.8144204280378438,1.0340656307502958,-0.0
41700,1.8105261082834028,1.0408108055275873,-0.0
41710,1.8066111169694765,1.0475437546097217,-0.0
41720,1.8026754724700205,1.054264450210652,-0.0
41730,1.7987191928952948,1.060972864402388,-0.0
41740,1.7947422960935384,1.0676689691121097,-0.0
41750,1.7907447996526473,1.0743527361192862,-0.0
41760,1.7867267209018767,1.0810241370528044,-0.0
41770,1.7826880769135403,1.0876831433881011,-0.0
41780,1.7786288845047424,1.0943297264443117,-0.0
41790,1.7745491602391075,1.1009638573814178,-0.0
41800,1.770448920428529,1.1075855071974074,-0.0
41810,1.766328181134928,1.1141946467254389,-0.0
41820,1.7621869581720297,1.1207912466310186,-0.0
41830,1.7580252671071495,1.127375277409179,-0.0
41840,1.7538431232629916,1.1339467093816702,-0.0
41850,1.7496405417194634,1.1405055126941546,-0.0
41860,1.7454175373155025,1.1470516573134117,-0.0
41870,1.741174124650913,1.153585113024548,-0.0
41880,1.736910318088223,1.1601058494282168,-0.0
41890,1.7326261317545464,1.1666138359378433,-0.0
41900,1.7283215795434652,1.1731090417768566,-0.0
41910,1.7239966751169225,1.1795914359759319,-0.0
41920,1.7196514319071265,1.1860609873702346,-0.0
41930,1.7152858631184726,1.1925176645966769,-0.0
41940,1.7108999817294797,1.19896143609118,-0.0
41950,1.7064938004947297,1.2053922700859385,-0.0
41960,1.7020673319468387,1.211810134606701,-0.0
41970,1.6976205883984221,1.2182149974700467,-0.0
41980,1.6931535819440915,1.22460682628068,-0.0
41990,1.6886663244624518,1.2309855884287235,-0.0
42000,1.68415882761812,1.237351251087022,-0.0
42010,1.6796311028637563,1.2437037812084517,-0.0
42020,1.6750831614421078,1.250043145523239,-0.0
42030,1.6705150143880674,1.2563693105362808,-0.0
42040,1.6659266725307482,1.2626822425244772,-0.0
42050,1.6613181464955682,1.2689819075340674,-0.0
42060,1.6566894467063582,1.2752682713779753,-0.0
42070,1.6520405833874692,1.2815412996331554,-0.0
42080,1.6473715665659125,1.2878009576379579,-0.0
42090,1.642682406073499,1.294047210489483,-0.0
42100,1.6379731115490026,1.3002800230409597,-0.0
42110,1.6332436924403329,1.3064993598991173,-0.0
42120,1.628494158006727,1.312705185421572,-0.0
42130,1.6237245173209545,1.3188974637142181,-0.0
42140,1.6189347792715363,1.3250761586286224,-0.0
42150,1.6141249525649808,1.3312412337594306,-0.0
42160,1.6092950457280313,1.3373926524417743,-0.0
42170,1.6044450671099355,1.3435303777486913,-0.0
42180,1.5995750248847234,1.3496543724885481,-0.0
42190,1.5946849270535066,1.35576459920247,-0.0
42200,1.589774781446788,1.3618610201617773,-0.0
42210,1.5848445957267872,1.3679435973654268,-0.0
42220,1.5798943773897902,1.3740122925374674,-0.0
42230,1.5749241337685036,1.3800670671244917,-0.0
42240,1.569933872034433,1.3861078822931026,-0.0
42250,1.5649235992002686,1.3921346989273777,-0.0
42260,1.559893322122301,1.3981474776263538,-0.0
42270,1.5548430475028376,1.4041461787015037,-0.0
42280,1.5497727818926477,1.4101307621742292,-0.0
42290,1.5446825316934143,1.416101187773357,-0.0
42300,1.5395723031602118,1.4220574149326417,-0.0
42310,1.5344421024039918,1.427999402788276,-0.0
42320,1.5292919353940917,1.4339271101764075,-0.0
42330,1.5241218079607588,1.4398404956306634,-0.0
42340,1.5189317257976869,1.4457395173796785,-0.0
42350,1.5137216944645782,1.4516241333446356,-0.0
42360,1.5084917193897156,1.4574943011368076,-0.0
42370,1.5032418058725558,1.4633499780551091,-0.0
42380,1.4979719590863352,1.4691911210836526,-0.0
42390,1.4926821840807023,1.475017686889318,-0.0
42400,1.4873724857843602,1.4808296318193208,-0.0
42410,1.4820428690077243,1.48662691189879,-0.0
42420,1.4766933384456113,1.4924094828283598,-0.0
42430,1.4713238986799313,1.4981772999817577,-0.0
42440,1.4659345541824056,1.5039303184034072,-0.0
42450,1.4605253093173018,1.5096684928060338,-0.0
42460,1.4550961683441863,1.5153917775682824,-0.0
42470,1.449647135420698,1.5211001267323383,-0.0
42480,1.444178214605335,1.5267934940015566,-0.0
42490,1.4386894098602674,1.532471832738101,-0.0
42500,1.4331807250541617,1.5381350959605855,-0.0
42510,1.4276521639650295,1.5437832363417299,-0.0
42520,1.4221037302830934,1.549416206206018,-0.0
42530,1.4165354276136723,1.5550339575273644,-0.0
42540,1.4109472594800845,1.560636441926793,-0.0
42550,1.4053392293265732,1.5662236106701157,-0.0
42560,1.3997113405212496,1.5717954146656263,-0.0
42570,1.3940635963590575,1.5773518044618011,-0.0
42580,1.3883960000647557,1.5828927302450022,-0.0
42590,1.38270855479592,1.588418141837194,-0.0
42600,1.3770012636459712,1.5939279886936715,-0.0
42610,1.3712741296472142,1.599422219900783,-0.0
42620,1.3655271557739033,1.604900784173678,-0.0
42630,1.3597603449453315,1.6103636298540542,-0.0
42640,1.353973700028929,1.6158107049079118,-0.0
42650,1.3481672238433948,1.6212419569233223,-0.0
42660,1.3423409191618436,1.6266573331082046,-0.0
42670,1.3364947887149714,1.6320567802881027,-0.0
42680,1.3306288351942492,1.6374402449039873,-0.0
42690,1.3247430612551296,1.6428076730100465,-0.0
42700,1.318837469520285,1.648159010271508,-0.0
42710,1.3129120625828556,1.65349420196245,-0.0
42720,1.306966843009733,1.658813192963637,-0.0
42730,1.3010018133448495,1.6641159277603534,-0.0
42740,1.295016976112507,1.6694023504402598,-0.0
42750,1.2890123338207145,1.6746724046912447,-0.0
42760,1.2829878889645532,1.679926033799294,-0.0
42770,1.276943644029564,1.6851631806463723,-0.0
42780,1.2708796014951595,1.6903837877083092,-0.0
42790,1.2647957638380551,1.6955877970526994,-0.0
42800,1.258692133535723,1.700775150336809,-0.0
42810,1.252568713069875,1.7059457888054996,-0.0
42820,1.2464255049299635,1.7110996532891576,-0.0
42830,1.2402625116167036,1.716236684201632,-0.0
42840,1.2340797356456241,1.7213568215381891,-0.0
42850,1.2278771795506438,1.72646000487348,-0.0
42860,1.2216548458876615,1.731546173359507,-0.0
42870,1.2154127372381804,1.7366152657236156,-0.0
42880,1.2091508562129512,1.7416672202664896,-0.0
42890,1.2028692054556422,1.7467019748601635,-0.0
42900,1.1965677876465322,1.7517194669460416,-0.0
42910,1.190246605506225,1.75671963353293,-0.0
42920,1.1839056617993975,1.761702411195086,-0.0
42930,1.1775449593385603,1.7666677360702727,-0.0
42940,1.171164500987856,1.7716155438578327,-0.0
42950,1.1647642896668724,1.7765457698167693,-0.0
42960,1.1583443283544872,1.7814583487638462,-0.0
42970,1.1519046200927334,1.7863532150716916,-0.0
42980,1.145445167990697,1.791230302666927,-0.0
42990,1.1389659752284322,1.7960895450283008,-0.0
43000,1.1324670450609085,1.8009308751848387,-0.0
43010,1.1259483808219812,1.8057542257140091,-0.0
43020,1.1194099859283875,1.8105595287398977,-0.0
43030,1.112851863883774,1.8153467159314085,-0.0
43040,1.1062740182827409,1.82011571850046,-0.0
43050,1.099676452814923,1.824866467200217,-0.0
43060,1.0930591712690898,1.82959889232332,-0.0
43070,1.0864221775372784,1.8343129237001434,-0.0
43080,1.0797654756189476,1.8390084906970592,-0.0
43090,1.0730890696251645,1.843685522214722,-0.0
43100,1.0663929637828136,1.848343946686367,-0.0
43110,1.059677162438838,1.852983692076126,-0.0
43120,1.0529416700645033,1.857604685877359,-0.0
43130,1.0461864912596943,1.8622068551110025,-0.0
43140,1.039411630757236,1.866790126323935,-0.0
43150,1.0326170934272407,1.8713544255873555,-0.0
43160,1.0258028842814904,1.875899678495188,-0.0
43170,1.0189690084778407,1.880425810162497,-0.0
43180,1.012115471324655,1.8849327452239193,-0.0
43190,1.0052422782852684,1.889420407832121,-0.0
43200,0.9983494349824807,1.8938887216562679,-0.0
43210,0.9914369472030737,1.8983376098805125,-0.0
43220,0.9845048209023636,1.9027669952025066,-0.0
43230,0.9775530622087788,1.9071767998319296,-0.0
43240,0.9705816774284665,1.911566945489033,-0.0
43250,0.9635906730499294,1.9159373534032071,-0.0
43260,0.9565800557486964,1.9202879443115777,-0.0
43270,0.9495498323920113,1.9246186384575996,-0.0
43280,0.9425000100435652,1.9289293555896978,-0.0
43290,0.9354305959682478,1.9332200149599101,-0.0
43300,0.9283415976369338,1.9374905353225575,-0.0
43310,0.9212330227312993,1.9417408349329408,-0.0
43320,0.9141048791486657,1.945970831546051,-0.0
43330,0.9069571750068768,1.950180442415308,-0.0
43340,0.8997899186492032,1.9543695842913136,-0.0
43350,0.8926031186492827,1.9585381734206455,-0.0
43360,0.8853967838160834,1.9626861255446482,-0.0
43370,0.8781709231989049,1.9668133558982708,-0.0
43380,0.8709255460924042,1.9709197792089133,-0.0
43390,0.8636606620416591,1.975005309695309,-0.0
43400,0.8563762808472561,1.9790698610664184,-0.0
43410,0.8490724125704152,1.9831133465203632,-0.0
43420,0.8417490675381397,1.9871356787433674,-0.0
43430,0.8344062563484044,1.9911367699087423,-0.0
43440,0.82704398987537,1.995116531675887,-0.0
43450,0.8196622792746306,1.9990748751893128,-0.0
43460,0.812261135988494,2.003011711077705,-0.0
43470,0.8048405717512929,2.006926949453003,-0.0
43480,0.7974005985947259,2.010820499909508,-0.0
43490,0.7899412288532348,2.0146922715230238,-0.0
43500,0.7824624751694097,2.0185421728500237,-0.0
43510,0.7749643504994289,2.022370111926842,-0.0
43520,0.7674468681185291,2.0261759962688997,-0.0
43530,0.7599100416265099,2.0299597328699592,-0.0
43540,0.7523538849532679,2.033721228201403,-0.0
43550,0.7447784123643659,2.037460388211552,-0.0
43560,0.7371836384666319,2.0411771183250016,-0.0
43570,0.7295695782137946,2.044871323442009,-0.0
43580,0.7219362469121466,2.048542907937888,-0.0
43590,0.7142836602262419,2.05219177566245,-0.0
43600,0.70661183418463,2.05581782993948,-0.0
43610,0.6989207851856165,2.0594209735662345,-0.0
43620,0.6912105300030608,2.0630011088129803,-0.0
43630,0.6834810857922042,2.0665581374225632,-0.0
43640,0.675732470095533,2.0700919606100117,-0.0
43650,0.6679647008486739,2.0736024790621834,-0.0
43660,0.6601777963863206,2.0770895929374276,-0.0
43670,0.6523717754481951,2.080553201865303,-0.0
43680,0.6445466571850426,2.0839932049463212,-0.0
43690,0.6367024611646565,2.0874095007517237,-0.0
43700,0.6288392073779406,2.090801987323309,-0.0
43710,0.6209569162450016,2.0941705621732827,-0.0
43720,0.6130556086212742,2.097515122284153,-0.0
43730,0.6051353058036818,2.100835564108665,-0.0
43740,0.5971960295368285,2.1041317835697693,-0.0
43750,0.5892378020192239,2.1074036760606334,-0.0
43760,0.5812606459095429,2.1106511364446905,-0.0
43770,0.573264584332916,2.113874059055734,-0.0
43780,0.5652496408872567,2.117072337698049,-0.0
43790,0.5572158396496165,2.120245865646579,-0.0
43800,0.5491632051825774,2.123394535647151,-0.0
43810,0.5410917625406753,2.1265182399167215,-0.0
43820,0.5330015372768574,2.129616870143687,-0.0
43830,0.5248925554489717,2.1326903174882212,-0.0
43840,0.5167648436262905,2.135738472582668,-0.0
43850,0.5086184288960651,2.1387612255319692,-0.0
43860,0.5004533388701157,2.1417584659141466,-0.0
43870,0.49226960169145106,2.1447300827808236,-0.0
43880,0.4840672460409231,2.1476759646577888,-0.0
43890,0.475846301143915,2.150595999545628,-0.0
43900,0.46760679677705796,2.1534900749203714,-0.0
43910,0.45934876327498436,2.156358077734214,-0.0
43920,0.4510722315371118,2.1591998944162762,-0.0
43930,0.4427772330344592,2.16201541087341,-0.0
43940,0.434463799816495,2.1648045124910595,-0.0
43950,0.4261319645180186,2.167567084134171,-0.0
43960,0.4177817603660728,2.1703030101481504,-0.0
43970,0.40941322118688905,2.1730121743598825,-0.0
43980,0.4010263814128627,2.1756944600787853,-0.0
43990,0.3926212760895618,2.178349750097933,-0.0
44000,0.38419794088276693,2.180977926695223,-0.0
44010,0.37575641208554145,2.1835788716346,-0.0
44020,0.36729672662533475,2.186152466167337,-0.0
44030,0.35881892207111404,2.188698591033362,-0.0
44040,0.35032303664053016,2.1912171264626554,-0.0
44050,0.341809109207112,2.193707952176691,-0.0
44060,0.3332771793074916,2.196170947389939,-0.0
44070,0.3247272871486608,2.1986059908114264,-0.0
44080,0.3161594736152567,2.2010129606463535,-0.0
44090,0.3075737802768789,2.2033917345977803,-0.0
44100,0.29897024939543493,2.2057421898683502,-0.0
44110,0.2903489239325153,2.2080642031620976,-0.0
44120,0.28170984755680006,2.210357650686302,-0.0
44130,0.27305306465149165,2.212622408153411,-0.0
44140,0.26437862032177883,2.214858350783018,-0.0
44150,0.2556865604023279,2.217065353303911,-0.0
44160,0.2469769314648039,2.219243289956181,-0.0
44170,0.23824978082541795,2.2213920344933915,-0.0
44180,0.22950515655250447,2.2235114601848216,-0.0
44190,0.22074310747412515,2.2256014398177673,-0.0
44200,0.2119636831856997,2.227661845699908,-0.0
44210,0.20316693405766495,2.2296925496617512,-0.0
44220,0.19435291124315984,2.23169342305913,-0.0
44230,0.1855216666857371,2.2336643367757776,-0.0
44240,0.176673253127101,2.235605161225974,-0.0
44250,0.1678077241148712,2.237515766357252,-0.0
44260,0.15892513401037137,2.2393960216531834,-0.0
44270,0.15002553799644386,2.2412457961362304,-0.0
44280,0.14110899208528857,2.2430649583706743,-0.0
44290,0.1321755531263261,2.2448533764656102,-0.0
44300,0.12322527881408542,2.2466109180780216,-0.0
44310,0.1142582276961148,2.2483374504159244,-0.0
44320,0.10527445918091602,2.2500328402415883,-0.0
44330,0.09627403354590165,2.2516969538748333,-0.0
44340,0.0872570119453744,2.2533296571964003,-0.0
44350,0.07822345641852872,2.254930815651401,-0.0
44360,0.06917342989747406,2.25650029425285,-0.0
44370,0.06010699621527871,2.2580379575852603,-0.0
44380,0.051024220114035,2.2595436698083393,-0.0
44390,0.041925167252944026,2.2610172946607436,-0.0
44400,0.0328099042164206,2.262458695463933,-0.0
44410,0.023678498522217033,2.263867735126091,-0.0
44420,0.014531018629565861,2.265244276146139,-0.0
44430,0.005367533947340584,2.266588180617821,-0.0
44440,-0.0038118851577657485,2.2678993102338887,-0.0
44450,-0.013007167353044977,2.2691775262903553,-0.0
44460,-0.022218240331561633,2.270422689690842,-0.0
44470,-0.03144503080392462,2.2716346609510065,-0.0
44480,-0.0406874644900437,2.2728133002030706,-0.0
44490,-0.04994546611087085,2.273958467200412,-0.0
44500,-0.059218959380127494,2.27507002132227,-0.0
44510,-0.06850786699601798,2.2761478215785163,-0.0
44520,-0.07781211063293027,2.2771917266145394,-0.0
44530,-0.0871316109331238,2.2782015947161973,-0.0
44540,-0.09646628749840605,2.279177283814876,-0.0
44550,-0.10581605888179767,2.2801186514926344,-0.0
44560,-0.1151808425791873,2.281025554987442,-0.0
44570,-0.12456055502097685,2.2818978511985133,-0.0
44580,-0.13395511156371737,2.282735396691731,-0.0
44590,-0.1433644264817367,2.2835380477051683,-0.0
44600,-0.15278841295875983,2.284305660154706,-0.0
44610,-0.16222698307952213,2.2850380896397464,-0.0
44620,-0.17168004782137636,2.285735191449026,-0.0
44630,-0.18114751704589435,2.2863968205665155,-0.0
44640,-0.19062929949046462,2.2870228316774392,-0.0
44650,-0.20012530275988585,2.287613079174378,-0.0
44660,-0.20963543331795687,2.2881674171634705,-0.0
44670,-0.2191595964790651,2.288685699470726,-0.0
44680,-0.22869769639977464,2.289167779648441,-0.0
44690,-0.23824963607041144,2.2896135109816997,-0.0
44700,-0.2478153173066509,2.2900227464949965,-0.0
44710,-0.25739464074110646,2.2903953389589566,-0.0
44720,-0.2669875058149196,2.2907311408971576,-0.0
44730,-0.2765938107693541,2.2910300045930634,-0.0
44740,-0.2862134526373926,2.2912917820970558,-0.0
44750,-0.29584632723534,2.2915163252335797,-0.0
44760,-0.30549232915443136,2.291703485608393,-0.0
44770,-0.315151351752448,2.29185311461593,-0.0
44780,-0.32482328714533987,2.2919650634467645,-0.0
44790,-0.33450802619885783,2.292039183095188,-0.0
44800,-0.3442054585201962,2.292075324366903,-0.0
44810,-0.3539154724496448,2.292073337886819,-0.0
44820,-0.36363795505225405,2.2920330741069606,-0.0
44830,-0.3733727921095133,2.291954383314501,-0.0
44840,-0.38311986811104226,2.2918371156398933,-0.0
44850,-0.3928790662462982,2.291681121065122,-0.0
44860,-0.4026502683962994,2.29148624943207,-0.0
44870,-0.41243335512536666,2.2912523504510047,-0.0
44880,-0.4222282056728815,2.290979273709165,-0.0
44890,-0.432034697945067,2.290666868679488,-0.0
44900,-0.4418527085067861,2.290314984729431,-0.0
44910,-0.4516821125733657,2.2899234711299243,-0.0
44920,-0.4615227840024409,2.2894921770644414,-0.0
44930,-0.47137459528582604,2.2890209516381863,-0.0
44940,-0.4812374175414089,2.288509643887394,-0.0
44950,-0.4911111205050758,2.2879581027887665,-0.0
44960,-0.5009955725226621,2.28736617726902,-0.0
44970,-0.5108906405419315,2.2867337162145485,-0.0
44980,-0.5207961901045909,2.2860605684812305,-0.0
44990,-0.5307120853383308,2.285346582904328,-0.0
45000,-0.540638188948906,2.2845916083085394,-0.0
45010,-0.550574362212247,2.283795493518158,-0.0
45020,-0.5605204649666075,2.2829580873673545,-0.0
45030,-0.5704763556047544,2.2820792387106037,-0.0
45040,-0.5804418910661898,2.2811587964332056,-0.0
45050,-0.5904169268294202,2.2801966094619663,-0.0
45060,-0.6004013169042632,2.27919252677598,-0.0
45070,-0.6103949138241999,2.2781463974175495,-0.0
45080,-0.6203975686387716,2.2770580705032395,-0.0
45090,-0.6304091309060235,2.27592739523504,-0.0
45100,-0.640429448684995,2.2747542209116816,-0.0
45110,-0.6504583685282611,2.273538396940057,-0.0
45120,-0.6604957354745243,2.272279772846796,-0.0
45130,-0.6705413930412576,2.2709781982899444,-0.0
45140,-0.6805951832174055,2.2696335230707967,-0.0
45150,-0.6906569464561361,2.2682455971458464,-0.0
45160,-0.7007265216676543,2.266814270638869,-0.0
45170,-0.7108037462120718,2.2653393938531408,-0.0
45180,-0.7208884558923405,2.263820817283789,-0.0
45190,-0.7309804849472438,2.2622583916302674,-0.0
45200,-0.7410796660444564,2.260651967808973,-0.0
45210,-0.7511858302736689,2.2590013969659943,-0.0
45220,-0.7612988071397775,2.2573065304899878,-0.0
45230,-0.7714184245561452,2.2555672200251915,-0.0
45240,-0.7815445088379345,2.253783317484575,-0.0
45250,-0.7916768846955092,2.251954675063114,-0.0
45260,-0.8018153752279172,2.250081145251216,-0.0
45270,-0.8119598019164431,2.2481625808482635,-0.0
45280,-0.822109984618242,2.2461988349762962,-0.0
45290,-0.8322657415600545,2.244189761093839,-0.0
45300,-0.8424268893320006,2.2421352130098495,-0.0
45310,-0.8525932428814603,2.2400350448978106,-0.0
45320,-0.862764615507038,2.2378891113099564,-0.0
45330,-0.8729408188526161,2.235697267191634,-0.0
45340,-0.8831216629014953,2.2334593678957977,-0.0
45350,-0.893306955970629,2.2311752691976383,-0.0
45360,-0.9034965047049505,2.228844827309356,-0.0
45370,-0.9136901140717957,2.2264678988950606,-0.0
45380,-0.9238875873554208,2.224044341085809,-0.0
45390,-0.9340887261516243,2.2215740114947824,-0.0
45400,-0.9442933303624653,2.219056768232595,-0.0
45410,-0.9545011981910869,2.2164924699227373,-0.0
45420,-0.9647121261366473,2.213880975717158,-0.0
45430,-0.9749259089893549,2.2112221453119805,-0.0
45440,-0.9851423398256173,2.2085158389633563,-0.0
45450,-0.9953612100032961,2.2057619175034446,-0.0
45460,-1.005582309157081,2.202960242356538,-0.0
45470,-1.0158054251939774,2.200110675555317,-0.0
45480,-1.0260303442889116,2.1972130797572373,-0.0
45490,-1.0362568508804588,2.1942673182610566,-0.0
45500,-1.0464847276666895,2.19127325502349,-0.0
45510,-1.0567137556011432,2.188230754675998,-0.0
45520,-1.06694371388893,2.185139682541717,-0.0
45530,-1.0771743799829576,2.181999904652508,-0.0
45540,-1.087405529580291,2.178811287766149,-0.0
45550,-1.0976369366186487,2.175573699383657,-0.0
45560,-1.1078683732730288,2.1722870077667356,-0.0
45570,-1.1180996099524778,2.168951081955358,-0.0
45580,-1.128330415296997,2.165565791785484,-0.0
45590,-1.1385605561745928,2.162131007906897,-0.0
45600,-1.1487897976784693,2.158646601801178,-0.0
45610,-1.1590179031243735,2.155112445799809,-0.0
45620,-1.1692446340480818,2.1515284131023957,-0.0
45630,-1.1794697502030442,2.1478943777950246,-0.0
45640,-1.1896930095581808,2.1442102148687456,-0.0
45650,-1.1999141682958356,2.1404758002381805,-0.0
45660,-1.2101329808098853,2.136691010760252,-0.0
45670,-1.2203491997040126,2.132855724253043,-0.0
45680,-1.2305625757901433,2.1289698195147757,-0.0
45690,-1.240772858087048,2.1250331763429147,-0.0
45700,-1.2509797938191083,2.121045675553387,-0.0
45710,-1.2611831284152613,2.117007198999933,-0.0
45720,-1.2713826055081097,2.112917629593562,-0.0
45730,-1.2815779669332121,2.1087768513221428,-0.0
45740,-1.291768952728548,2.1045847492700958,-0.0
45750,-1.3019553011341642,2.1003412096382132,-0.0
45760,-1.3121367485920048,2.0960461197635913,-0.0
45770,-1.322313029745924,2.091699368139674,-0.0
45780,-1.3324838774418868,2.087300844436409,-0.0
45790,-1.3426490227283607,2.0828504395205196,-0.0
45800,-1.3528081948568997,2.0783480454758863,-0.0
45810,-1.362961121282921,2.0737935556240323,-0.0
45820,-1.3731075276666789,2.069186864544721,-0.0
45830,-1.3832471378744446,2.0645278680966612,-0.0
45840,-1.3933796739798754,2.059816463438309,-0.0
45850,-1.4035048562656012,2.0550525490487845,-0.0
45860,-1.4136224032250104,2.0502360247488802,-0.0
45870,-1.4237320315642468,2.0453667917221723,-0.0
45880,-1.4338334562044206,2.0404447525362377,-0.0
45890,-1.4439263902840285,2.035469811163956,-0.0
45900,-1.4540105451615954,2.0304418730049134,-0.0
45910,-1.4640856304185328,2.0253608449069023,-0.0
45920,-1.4741513538622173,2.0202266351875036,-0.0
45930,-1.4842074215292989,2.0150391536557724,-0.0
45940,-1.4942535376892254,2.0097983116339955,-0.0
45950,-1.504289404848007,2.004504021979551,-0.0
45960,-1.514314723752204,1.9991561991068387,-0.0
45970,-1.5243291933931489,1.9937547590092994,-0.0
45980,-1.5343325110114108,1.9882996192815168,-0.0
45990,-1.544324372101487,1.9827906991413882,-0.0
46000,-1.5543044704167464,1.9772279194523783,-0.0
46010,-1.56427249797461,1.9716112027458492,-0.0
46020,-1.574228145061977,1.965940473243451,-0.0
46030,-1.5841711002408987,1.96021565687959,-0.0
46040,-1.5941010503545041,1.9544366813239646,-0.0
46050,-1.6040176805331798,1.9486034760041617,-0.0
46060,-1.6139206742009946,1.9427159721283103,-0.0
46070,-1.6238097130823979,1.9367741027078136,-0.0
46080,-1.6336844772091565,1.93077780258011,-0.0
46090,-1.6435446449275743,1.9247270084315167,-0.0
46100,-1.65338989290596,1.9186216588201082,-0.0
46110,-1.6632198961423639,1.912461694198643,-0.0
46120,-1.6730343279725932,1.906247056937554,-0.0
46130,-1.6828328600784834,1.8999776913479627,-0.0
46140,-1.6926151624964478,1.8936535437047441,-0.0
46150,-1.7023809036263076,1.8872745622696323,-0.0
46160,-1.7121297502403892,1.8808406973143574,-0.0
46170,-1.721861367492908,1.8743519011438143,-0.0
46180,-1.7315754189296262,1.8678081281192631,-0.0
46190,-1.7412715664978007,1.8612093346815548,-0.0
46200,-1.750949470556413,1.8545554793743846,-0.0
46210,-1.7606087898866836,1.8478465228675558,-0.0
46220,-1.770249181702883,1.8410824279802764,-0.0
46230,-1.7798703016634214,1.8342631597044492,-0.0
46240,-1.7894718038822446,1.8273886852279912,-0.0
46250,-1.7990533409405205,1.8204589739581538,-0.0
46260,-1.8086145638986117,1.813473997544838,-0.0
46270,-1.818155122308368,1.8064337299039295,-0.0
46280,-1.8276746642256982,1.7993381472406111,-0.0
46290,-1.837172836223456,1.7921872280726827,-0.0
46300,-1.8466492834046282,1.7849809532538636,-0.0
46310,-1.8561036494158256,1.777719305997087,-0.0
46320,-1.8655355764610817,1.770402271897769,-0.0
46330,-1.8749447053159647,1.7630298389570702,-0.0
46340,-1.884330675341994,1.7556019976051203,-0.0
46350,-1.8936931245013713,1.7481187407242165,-0.0
46360,-1.9030316893720294,1.740580063672001,-0.0
46370,-1.9123460051629857,1.7329859643045848,-0.0
46380,-1.9216357057300244,1.725336442999647,-0.0
46390,-1.9309004235916878,1.7176315026794808,-0.0
46400,-1.9401397899455894,1.709871148833996,-0.0
46410,-1.9493534346850516,1.7020553895436703,-0.0
46420,-1.9585409864160566,1.6941842355024388,-0.0
46430,-1.9677020724745287,1.6862577000405317,-0.0
46440,-1.9768363189439362,1.6782757991472403,-0.0
46450,-1.9859433506732203,1.6702385514936207,-0.0
46460,-1.995022791295048,1.6621459784551178,-0.0
46470,-2.004074263244397,1.6539981041341194,-0.0
46480,-2.013097387777462,1.6457949553824234,-0.0
46490,-2.0220917849908986,1.6375365618236224,-0.0
46500,-2.0310570738413913,1.629222955875397,-0.0
46510,-2.0399928721655503,1.6208541727717116,-0.0
46520,-2.0488987967001493,1.6124302505849164,-0.0
46530,-2.057774463102688,1.6039512302477432,-0.0
46540,-2.066619485972287,1.5954171555751882,-0.0
46550,-2.0754334788709237,1.586828073286292,-0.0
46560,-2.0842160543449895,1.578184033025788,-0.0
46570,-2.0929668239471995,1.5694850873856425,-0.0
46580,-2.101685398258815,1.5607312919264578,-0.0
46590,-2.1103713869122256,1.5519227051987499,-0.0
46600,-2.1190243986138415,1.5430593887640807,-0.0
46610,-2.1276440411673443,1.5341414072160604,-0.0
46620,-2.1362299214972587,1.525168828201194,-0.0
46630,-2.1447816456728646,1.5161417224395806,-0.0
46640,-2.153298818932444,1.5070601637454526,-0.0
46650,-2.161781045707872,1.4979242290475643,-0.0
46660,-2.170227929649525,1.4887339984093937,-0.0
46670,-2.1786390736515475,1.4794895550491989,-0.0
46680,-2.1870140798774296,1.470190985359874,-0.0
46690,-2.195352549785945,1.4608383789286434,-0.0
46700,-2.203654084157401,1.4514318285565515,-0.0
46710,-2.2119182831202324,1.441971430277776,-0.0
46720,-2.220144746177935,1.4324572833787366,-0.0
46730,-2.2283330722363153,1.4228894904170004,-0.0
46740,-2.2364828596310855,1.4132681572399837,-0.0
46750,-2.244593706155789,1.4035933930034412,-0.0
46760,-2.252665209090045,1.3938653101897343,-0.0
46770,-2.260696965228137,1.3840840246258796,-0.0
46780,-2.2686885709079174,1.374249655501367,-0.0
46790,-2.2766396220400473,1.3643623253857449,-0.0
46800,-2.284549714137558,1.3544221602459665,-0.0
46810,-2.2924184423457357,1.34442928946349,-0.0
46820,-2.3002454014723392,1.3343838458511361,-0.0
46830,-2.308030186018121,1.3242859656696762,-0.0
46840,-2.315772390207685,1.3141357886441765,-0.0
46850,-2.323471608020663,1.303933457980068,-0.0
46860,-2.331127433223188,1.2936791203789404,-0.0
46870,-2.3387394593997124,1.2833729260540756,-0.0
46880,-2.3463072799851092,1.2730150287456774,-0.0
46890,-2.3538304882971124,1.2626055857358347,-0.0
46900,-2.361308677569039,1.252144757863177,-0.0
46910,-2.368741440982844,1.2416327095372401,-0.0
46920,-2.376128371702456,1.2310696087525228,-0.0
46930,-2.383469062907439,1.2204556271022402,-0.0
46940,-2.3907631078269325,1.2097909397917581,-0.0
46950,-2.3980100997739,1.1990757256517077,-0.0
46960,-2.405209632179675,1.18831016715078,-0.0
46970,-2.41236129862879,1.177494450408182,-0.0
46980,-2.419464692894097,1.1666287652057614,-0.0
46990,-2.4265194089721844,1.1557133049997947,-0.0
47000,-2.4335250411190614,1.144748266932416,-0.0
47010,-2.4404811838861376,1.1337338518427076,-0.0
47020,-2.4473874321564613,1.1226702642774213,-0.0
47030,-2.4542433811812567,1.1115577125013478,-0.0
47040,-2.461048626616707,1.1003964085073088,-0.0
47050,-2.4678027645610165,1.0891865680257813,-0.0
47060,-2.474505391591741,1.0779284105341447,-0.0
47070,-2.48115610480336,1.0666221592655365,-0.0
47080,-2.4877545018451266,1.0552680412173296,-0.0
47090,-2.4943001809591525,1.0438662871592066,-0.0
47100,-2.5007927410187487,1.0324171316408406,-0.0
47110,-2.5072317815670084,1.0209208129991678,-0.0
47120,-2.5136169028556337,1.009377573365255,-0.0
47130,-2.519947705883989,0.9977876586707486,-0.0
47140,-2.526223792438394,0.9861513186539052,-0.0
47150,-2.5324447651316393,0.9744688068652007,-0.0
47160,-2.53861022744273,0.9627403806725076,-0.0
47170,-2.5447197837568347,0.9509663012658358,-0.0
47180,-2.5507730394054624,0.9391468336616411,-0.0
47190,-2.556769600706837,0.9272822467066821,-0.0
47200,-2.5627090750064774,0.915372813081435,-0.0
47210,-2.5685910707179804,0.9034188093030516,-0.0
47220,-2.574415197363987,0.8914205157278589,-0.0
47230,-2.5801810656173494,0.8793782165534008,-0.0
47240,-2.5858882873424687,0.8672921998200065,-0.0
47250,-2.591536475636814,0.8551627574118916,-0.0
47260,-2.5971252448726165,0.842990185057783,-0.0
47270,-2.602654210738726,0.8307747823310621,-0.0
47280,-2.608122990282624,0.8185168526494228,-0.0
47290,-2.6135312019526036,0.8062167032740446,-0.0
47300,-2.6188784656400825,0.793874645308269,-0.0
47310,-2.6241644027220703,0.7814909936957787,-0.0
47320,-2.6293886361037657,0.7690660672182782,-0.0
47330,-2.6345507902612963,0.7566001884926706,-0.0
47340,-2.639650491284555,0.7440936839677172,-0.0
47350,-2.6446873669201914,0.731546883920197,-0.0
47360,-2.6496610466146833,0.7189601224505374,-0.0
47370,-2.6545711615575347,0.7063337374779352,-0.0
47380,-2.6594173447245555,0.6936680707349457,-0.0
47390,-2.664199230921247,0.680963467761551,-0.0
47400,-2.668916456826266,0.6682202778986941,-0.0
47410,-2.673568661034962,0.6554388542812791,-0.0
47420,-2.678155484102994,0.6426195538306374,-0.0
47430,-2.682676568590014,0.6297627372464512,-0.0
47440,-2.687131559103393,0.6168687689981338,-0.0
47450,-2.691520102342014,0.6039380173156667,-0.0
47460,-2.6958418471400973,0.5909708541798832,-0.0
47470,-2.7000964445110625,0.5779676553122042,-0.0
47480,-2.7042835476914204,0.5649288001638177,-0.0
47490,-2.7084028121846915,0.5518546719043036,-0.0
47500,-2.7124538958053246,0.5387456574096956,-0.0
47510,-2.7164364587226286,0.5256021472499847,-0.0
47520,-2.7203501635047047,0.5124245356760584,-0.0
47530,-2.724194675162362,0.49921322060607193,-0.0
47540,-2.727969661193021,0.4859686036112553,-0.0
47550,-2.7316747916245894,0.4726910899011462,-0.0
47560,-2.7353097390593017,0.4593810883082552,-0.0
47570,-2.73887417871752,0.4460390112721545,-0.0
47580,-2.742367788481487,0.43266527482299516,-0.0
47590,-2.7457902489390227,0.4192602985644462,-0.0
47600,-2.749141243427141,0.40582450565605493,-0.0
47610,-2.7524204580756138,0.39235832279503274,-0.0
47620,-2.755627581850437,0.37886218019745743,-0.0
47630,-2.758762306597215,0.3653365115788966,-0.0
47640,-2.761824327084433,0.3517817541344495,-0.0
47650,-2.7648133410466453,0.338198348518207,-0.0
47660,-2.7677290492275204,0.324586738822128,-0.0
47670,-2.7705711554227817,0.31094737255433436,-0.0
47680,-2.773339366523002,0.2972807006168206,-0.0
47690,-2.776033392556274,0.283587177282583,-0.0
47700,-2.778652946730709,0.2698672601721621,-0.0
47710,-2.7811977454767915,0.2561214102296042,-0.0
47720,-2.783667508489558,0.2423500916978385,-0.0
47730,-2.7860619587706106,0.22855377209347252,-0.0
47740,-2.788380822669934,0.21473292218100512,-0.0
47750,-2.7906238299275303,0.20088801594645808,-0.0
47760,-2.7927907137148305,0.18701953057042614,-0.0
47770,-2.7948812106759213,0.17312794640054952,-0.0
47780,-2.796895060968538,0.15921374692340637,-0.0
47790,-2.798832008304829,0.14527741873582842,-0.0
47800,-2.800691799991881,0.13131945151564042,-0.0
47810,-2.8024741869719993,0.11734033799182576,-0.0
47820,-2.8041789238627435,0.1033405739141196,-0.0
47830,-2.8058057689966778,0.08932065802203037,-0.0
47840,-2.8073544844608627,0.07528109201329342,-0.0
47850,-2.8088248361360653,0.06122238051175746,-0.0
47860,-2.810216593735672,0.04714503103470679,-0.0
47870,-2.811529530844303,0.033049553959621523,-0.0
47880,-2.812763424956124,0.01893646249037849,-0.0
47890,-2.8139180575128275,0.004806272622895504,-0.0
47900,-2.814993213941309,-0.009340496889778104,-0.0
47910,-2.815988683690984,-0.023503324572921775,-0.0
47920,-2.816904260270782,-0.03768168626615143,-0.0
47930,-2.817739741285771,-0.05187505515997148,-0.0
47940,-2.8184949284734353,-0.06608290183286739,-0.0
47950,-2.819169627739571,-0.08030469428893552,-0.0
47960,-2.819763649193812,-0.09453989799604612,-0.0
47970,-2.820276807184769,-0.10878797592453579,-0.0
47980,-2.820708920334756,-0.12304838858642492,-0.0
47990,-2.821059811574143,-0.13732059407515665,-0.0
48000,-2.82132930817526,-0.15160404810585162,-0.0
48010,-2.8215172417859153,-0.16589820405607614,-0.0
48020,-2.821623448462449,-0.1802025130071159,-0.0
48030,-2.8216477687023787,-0.19451642378575393,-0.0
48040,-2.821590047476582,-0.20883938300654528,-0.0
48050,-2.8214501342610228,-0.22317083511458394,-0.0
48060,-2.821227883068027,-0.23751022242875736,-0.0
48070,-2.820923152477073,-0.2518569851854821,-0.0
48080,-2.8205358056651146,-0.2662105615829164,-0.0
48090,-2.820065710436413,-0.2805703878256419,-0.0
48100,-2.819512739251866,-0.294935898169811,-0.0
48110,-2.8188767692578462,-0.3093065249687519,-0.0
48120,-2.8181576823145225,-0.32368169871902586,-0.0
48130,-2.8173553650236607,-0.3380608481069313,-0.0
48140,-2.8164697087559043,-0.35244340005544633,-0.0
48150,-2.8155006096775175,-0.3668287797716048,-0.0
48160,-2.8144479687765895,-0.3812164107942989,-0.0
48170,-2.813311691888684,-0.3956057150424996,-0.0
48180,-2.812091689721944,-0.4099961128638912,-0.0
48190,-2.810787877881627,-0.4243870230839103,-0.0
48200,-2.8094001768940706,-0.4387778630551824,-0.0
48210,-2.8079285122300757,-0.45316804870734834,-0.0
48220,-2.8063728143277267,-0.4675569945972764,-0.0
48230,-2.804733018614594,-0.4819441139596462,-0.0
48240,-2.8030090655293565,-0.49632881875790175,-0.0
48250,-2.801200900542822,-0.5107105197355657,-0.0
48260,-2.7993084741783196,-0.5250886264679004,-0.0
48270,-2.797331742031505,-0.5394625474139186,-0.0
48280,-2.7952706647895105,-0.5538316899687228,-0.0
48290,-2.7931252082494957,-0.5681954605161763,-0.0
48300,-2.790895343336547,-0.58255326448189,-0.0
48310,-2.7885810461209326,-0.596904506386517,-0.0
48320,-2.786182297834736,-0.6112485898993535,-0.0
48330,-2.7836990848878065,-0.6255849178922233,-0.0
48340,-2.781131398883082,-0.639912892493654,-0.0
48350,-2.778479236631227,-0.6542319151433199,-0.0
48360,-2.775742600164618,-0.6685413866467536,-0.0
48370,-2.772921496750652,-0.6828407072303111,-0.0
48380,-2.7700159389043724,-0.6971292765963825,-0.0
48390,-2.7670259444004257,-0.711406493978841,-0.0
48400,-2.7639515362843246,-0.7256717581987179,-0.0
48410,-2.7607927428830177,-0.739924467720093,-0.0
48420,-2.7575495978147737,-0.754164020706196,-0.0
48430,-2.7542221399983506,-0.7683898150757008,-0.0
48440,-2.7508104136614904,-0.782601248559213,-0.0
48450,-2.747314468348671,-0.7967977187559295,-0.0
48460,-2.7437343589281817,-0.81097862319047,-0.0
48470,-2.7400701455984633,-0.8251433593698643,-0.0
48480,-2.736321893893739,-0.8392913248406852,-0.0
48490,-2.732489674688925,-0.8534219172463201,-0.0
48500,-2.7285735642038214,-0.8675345343843699,-0.0
48510,-2.7245736440065724,-0.8816285742641621,-0.0
48520,-2.7204900010163993,-0.8957034351643692,-0.0
48530,-2.716322727505604,-0.9097585156907241,-0.0
48540,-2.7120719211008417,-0.9237932148338192,-0.0
48550,-2.707737684783655,-0.9378069320269773,-0.0
48560,-2.7033201268902687,-0.9517990672041872,-0.0
48570,-2.6988193611106595,-0.9657690208580942,-0.0
48580,-2.6942355064868635,-0.9797161940980262,-0.0
48590,-2.689568687410563,-0.993639988708055,-0.0
48600,-2.6848190336199185,-1.0075398072050754,-0.0
48610,-2.6799866801956607,-1.0214150528968957,-0.0
48620,-2.675071767556438,-1.0352651299403217,-0.0
48630,-2.6700744414534134,-1.049089443399232,-0.0
48640,-2.664994852964126,-1.0628873993026258,-0.0
48650,-2.6598331584855983,-1.076658404702641,-0.0
48660,-2.6545895197266987,-1.0904018677325207,-0.0
48670,-2.649264103699759,-1.1041171976645234,-0.0
48680,-2.6438570827114423,-1.1178038049677699,-0.0
48690,-2.6383686343528745,-1.1314611013660048,-0.0
48700,-2.63279894148902,-1.145088499895275,-0.0
48710,-2.6271481922473208,-1.1586854149614998,-0.0
48720,-2.621416580005586,-1.1722512623979318,-0.0
48730,-2.6156043033791514,-1.1857854595224988,-0.0
48740,-2.6097115662072814,-1.1992874251950048,-0.0
48750,-2.6037385775388446,-1.2127565798741882,-0.0
48760,-2.5976855516172477,-1.2261923456746258,-0.0
48770,-2.591552707864637,-1.2395941464234685,-0.0
48780,-2.585340270865363,-1.252961407716998,-0.0
48790,-2.5790484703487113,-1.266293556976995,-0.0
48800,-2.5726775411709144,-1.2795900235069082,-0.0
48810,-2.5662277232964303,-1.2928502385478136,-0.0
48820,-2.5596992617784946,-1.3060736353341469,-0.0
48830,-2.5530924067389678,-1.3192596491492143,-0.0
48840,-2.546407413347446,-1.3324077173804492,-0.0
48850,-2.5396445417996714,-1.3455172795744215,-0.0
48860,-2.532804057295231,-1.3585877774915827,-0.0
48870,-2.525886230014542,-1.3716186551607326,-0.0
48880,-2.5188913350951436,-1.3846093589332058,-0.0
48890,-2.511819652607287,-1.3975593375367605,-0.0
48900,-2.504671467528829,-1.41046804212916,-0.0
48910,-2.497447069719439,-1.4233349263514377,-0.0
48920,-2.490146753894118,-1.4361594463808394,-0.0
48930,-2.4827708195960487,-1.448941060983429,-0.0
48940,-2.4753195711687463,-1.4616792315663378,-0.0
48950,-2.4677933177275664,-1.4743734222296743,-0.0
48960,-2.46019237313053,-1.4870230998180505,-0.0
48970,-2.452517055948496,-1.4996277339717448,-0.0
48980,-2.444767689434676,-1.5121867971774705,-0.0
48990,-2.436944601493511,-1.524699764818755,-0.0
49000,-2.429048124648885,-1.5371661152259055,-0.0
49010,-2.4210785960117343,-1.5495853297255753,-0.0
49020,-2.4130363572469866,-1.5619568926898841,-0.0
49030,-2.404921754539921,-1.5742802915851308,-0.0
49040,-2.396735138561871,-1.586555017020041,-0.0
49050,-2.388476864435348,-1.5987805627935818,-0.0
49060,-2.3801472916985356,-1.610956425942301,-0.0
49070,-2.3717467842692153,-1.6230821067872143,-0.0
49080,-2.3632757104080766,-1.6351571089801982,-0.0
49090,-2.35473444268146,-1.6471809395499093,-0.0
49100,-2.3461233579235237,-1.6591531089472042,-0.0
49110,-2.3374428371978424,-1.6710731310900622,-0.0
49120,-2.328693265758443,-1.682940523407986,-0.0
49130,-2.3198750330102937,-1.6947548068858977,-0.0
49140,-2.3109885324692465,-1.706515506107499,-0.0
49150,-2.302034161721447,-1.7182221492981002,-0.0
49160,-2.293012322382218,-1.7298742683669135,-0.0
49170,-2.283923420054412,-1.741471398948783,-0.0
49180,-2.2747678642862774,-1.7530130804453743,-0.0
49190,-2.2655460685287925,-1.7644988560657875,-0.0
49200,-2.256258450092532,-1.7759282728666104,-0.0
49210,-2.2469054301040363,-1.7873008817913878,-0.0
49220,-2.2374874334617036,-1.7986162377095063,-0.0
49230,-2.228004888791223,-1.8098738994544952,-0.0
49240,-2.2184582284005465,-1.8210734298617226,-0.0
49250,-2.2088478882344083,-1.8322143958054953,-0.0
49260,-2.1991743078284114,-1.843296368235541,-0.0
49270,-2.1894379302626783,-1.8543189222128849,-0.0
49280,-2.1796392021150917,-1.8652816369451015,-0.0
49290,-2.1697785734141077,-1.8761840958209368,-0.0
49300,-2.1598564975911843,-1.8870258864443032,-0.0
49310,-2.149873431432808,-1.8978066006676346,-0.0
49320,-2.139829835032145,-1.9085258346246048,-0.0
49330,-2.1297261717403115,-1.9191831887621857,-0.0
49340,-2.1195629081172958,-1.9297782678720736,-0.0
49350,-2.109340513882514,-1.9403106811214403,-0.0
49360,-2.099059461865033,-1.9507800420830337,-0.0
49370,-2.08872022795346,-1.9611859687646132,-0.0
49380,-2.078323291045504,-1.9715280836377087,-0.0
49390,-2.0678691329972394,-1.9818060136657216,-0.0
49400,-2.0573582385720512,-1.9920193903313288,-0.0
49410,-2.046791095389302,-2.0021678496632243,-0.0
49420,-2.0361681938727165,-2.0122510322621703,-0.0
49430,-2.0254900271984866,-2.0222685833263587,-0.0
49440,-2.014757091243132,-2.032220152676091,-0.0
49450,-2.003969884531098,-2.0421053947777574,-0.0
49460,-1.993128908182118,-2.0519239687671234,-0.0
49470,-1.9822346658583583,-2.0616755384719285,-0.0
49480,-1.971287663711326,-2.071359772433767,-0.0
49490,-1.9602884103285831,-2.08097634392928,-0.0
49500,-1.949237416680266,-2.090524930990644,-0.0
49510,-1.9381351960654063,-2.1000052164253464,-0.0
49520,-1.9269822640580865,-2.109416887835256,-0.0
49530,-1.9157791384534293,-2.1187596376349918,-0.0
49540,-1.9045263392134275,-2.128033163069572,-0.0
49550,-1.8932243884126405,-2.137237166231364,-0.0
49560,-1.8818738101837418,-2.1463713540763063,-0.0
49570,-1.8704751306629621,-2.155435438439437,-0.0
49580,-1.8590288779354072,-2.1644291360496934,-0.0
49590,-1.8475355819802803,-2.1733521685440103,-0.0
49600,-1.8359957746160134,-2.182204262480699,-0.0
49610,-1.8244099894453156,-2.190985149352109,-0.0
49620,-1.8127787618001578,-2.1996945655965914,-0.0
49630,-1.8011026286866876,-2.20833225260973,-0.0
49640,-1.7893821287301097,-2.216897956754877,-0.0
49650,-1.7776178021195124,-2.2253914293729653,-0.0
49660,-1.7658101905526828,-2.233812426791621,-0.0
49670,-1.753959837180887,-2.242160710333554,-0.0
49680,-1.7420672865536577,-2.250436046324251,-0.0
49690,-1.7301330845635745,-2.258638206098956,-0.0
49700,-1.7181577783910666,-2.2667669660089476,-0.0
49710,-1.70614191644923,-2.2748221074271084,-0.0
49720,-1.6940860483286848,-2.282803416752802,-0.0
49730,-1.6819907247424692,-2.290710685416034,-0.0
49740,-1.669856497470999,-2.298543709880937,-0.0
49750,-1.657683919307075,-2.3063022916485387,-0.0
49760,-1.645473544000977,-2.313986237258853,-0.0
49770,-1.6332259262056323,-2.3215953582922686,-0.0
49780,-1.6209416214218864,-2.3291294713702664,-0.0
49790,-1.6086211859438617,-2.336588398155432,-0.0
49800,-1.5962651768044445,-2.3439719653508013,-0.0
49810,-1.583874151720887,-2.3512800046985305,-0.0
49820,-1.5714486690405332,-2.3585123529778738,-0.0
49830,-1.5589892876867004,-2.3656688520025124,-0.0
49840,-1.546496567104695,-2.3727493486171953,-0.0
49850,-1.5339710672080011,-2.379753694693733,-0.0
49860,-1.5214133483246273,-2.3866817471263246,-0.0
49870,-1.5088239711436349,-2.393533367826226,-0.0
49880,-1.4962034966618512,-2.4003084237157717,-0.0
49890,-1.4835524861307774,-2.4070067867217495,-0.0
49900,-1.4708715010037035,-2.413628333768132,-0.0
49910,-1.4581611028830284,-2.420172946768167,-0.0
49920,-1.4454218534678092,-2.4266405126158426,-0.0
49930,-1.4326543145015314,-2.433030923176714,-0.0
49940,-1.4198590477201256,-2.439344075278119,-0.0
49950,-1.407036614800219,-2.4455798706987575,-0.0
49960,-1.3941875773076524,-2.451738216157685,-0.0
49970,-1.3813124966462498,-2.4578190233026667,-0.0
49980,-1.368411934006863,-2.463822208697959,-0.0
49990,-1.3554864503166932,-2.4697476938114766,-0.0
50000,-1.342536606188892,-2.475595405001366,-0.0
50010,-1.3295629618724667,-2.481365273502017,-0.0
50020,-1.3165660772024723,-2.487057235409463,-0.0
50030,-1.303546511550521,-2.4926712316662356,-0.0
50040,-1.2905048237756012,-2.4982072080456335,-0.0
50050,-1.2774415721752221,-2.503665115135445,-0.0
50060,-1.264357314436881,-2.5090449083211,-0.0
50070,-1.2512526075898716,-2.5143465477682883,-0.0
50080,-1.2381280079574324,-2.5195699984050255,-0.0
50090,-1.224984071109245,-2.5247152299031925,-0.0
50100,-1.2118213518142822,-2.529782216659532,-0.0
50110,-1.1986404039940257,-2.5347709377761416,-0.0
50120,-1.1854417806760462,-2.539681377040433,-0.0
50130,-1.1722260339479573,-2.544513522904597,-0.0
50140,-1.1589937149117537,-2.549267368464562,-0.0
50150,-1.1457453736385246,-2.553942911438445,-0.0
50160,-1.1324815591235704,-2.558540154144538,-0.0
50170,-1.1192028192419106,-2.5630591034788015,-0.0
50180,-1.1059097007041885,-2.567499770891875,-0.0
50190,-1.0926027490129924,-2.5718621723656403,-0.0
50200,-1.0792825084195838,-2.576146328389312,-0.0
50210,-1.0659495218810437,-2.580352263935083,-0.0
50220,-1.0526043310178397,-2.584480008433318,-0.0
50230,-1.0392474760718255,-2.5885295957473207,-0.0
50240,-1.0258794958646649,-2.5925010641476627,-0.0
50250,-1.0125009277566963,-2.596394456286093,-0.0
50260,-0.9991123076062378,-2.600209819169038,-0.0
50270,-0.9857141697293317,-2.603947204130681,-0.0
50280,-0.9723070468599435,-2.607606666805657,-0.0
50290,-0.9588914701106122,-2.6111882671013538,-0.0
50300,-0.9454679689335521,-2.614692069169815,-0.0
50310,-0.93203707108222,-2.6181181413792847,-0.0
50320,-0.9185993025733445,-2.6214665562853745,-0.0
50330,-0.9051551876494182,-2.624737390601865,-0.0
50340,-0.8917052487416666,-2.627930725171171,-0.0
50350,-0.8782500064334828,-2.63104664493444,-0.0
50360,-0.8647899794243453,-2.6340852389013287,-0.0
50370,-0.8513256844942075,-2.6370466001194424,-0.0
50380,-0.8378576364683751,-2.6399308256434577,-0.0
50390,-0.8243863481828639,-2.642738016503924,-0.0
50400,-0.8109123304502456,-2.645468277675768,-0.0
50410,-0.7974360920259806,-2.6481217180464856,-0.0
50420,-0.7839581395752464,-2.6506984503840663,-0.0
50430,-0.7704789776402523,-2.6531985913046046,-0.0
50440,-0.756999108608056,-2.655622261239668,-0.0
50450,-0.7435190326788713,-2.657969584403369,-0.0
50460,-0.7300392478348783,-2.6602406887591994,-0.0
50470,-0.7165602498095311,-2.662435705986604,-0.0
50480,-0.7030825320573688,-2.6645547714473126,-0.0
50490,-0.6896065857243263,-2.66659802415143,-0.0
50500,-0.6761328996185519,-2.6685656067233077,-0.0
50510,-0.6626619601817282,-2.6704576653671896,-0.0
50520,-0.649194251460899,-2.6722743498326476,-0.0
50530,-0.6357302550808014,-2.674015813379803,-0.0
50540,-0.6222704502167081,-2.6756822127443685,-0.0
50550,-0.6088153135677742,-2.6772737081024847,-0.0
50560,-0.5953653193308944,-2.6787904630353827,-0.0
50570,-0.5819209391750656,-2.680232644493862,-0.0
50580,-0.568482642216263,-2.681600422762621,-0.0
50590,-0.5550508949928189,-2.6828939714244067,-0.0
50600,-0.5416261614413156,-2.6841134673240283,-0.0
50610,-0.5282089028729834,-2.6852590905322167,-0.0
50620,-0.5147995779506066,-2.686331024309351,-0.0
50630,-0.5013986426659399,-2.6873294550690545,-0.0
50640,-0.4880065503176298,-2.688254572341673,-0.0
50650,-0.4746237514896436,-2.689106568737628,-0.0
50660,-0.4612506940302037,-2.689885639910669,-0.0
50670,-0.4478878230312291,-2.6905919845210295,-0.0
50680,-0.43453558080827803,-2.691225804198477,-0.0
50690,-0.42119440688099685,-2.691787303505288,-0.0
50700,-0.4078647379540689,-2.6922766898991397,-0.0
50710,-0.3945470078986664,-2.6926941736959282,-0.0
50720,-0.3812416477343992,-2.6930399680325223,-0.0
50730,-0.3679490856117642,-2.693314288829457,-0.0
50740,-0.35466974679509083,-2.6935173547535807,-0.0
50750,-0.341404053645981,-2.693649387180655,-0.0
50760,-0.32815242560724267,-2.693710610157907,-0.0
50770,-0.31491527918731527,-2.693701250366566,-0.0
50780,-0.30169302794518543,-2.6936215370843666,-0.0
50790,-0.28848608247578933,-2.6934717021480314,-0.0
50800,-0.2752948503959016,-2.693251979915746,-0.0
50810,-0.2621197363305077,-2.6929626072296244,-0.0
50820,-0.2489611418996576,-2.692603823378184,-0.0
50830,-0.2358194657057985,-2.692175870058813,-0.0
50840,-0.2226951033215848,-2.6916789913402637,-0.0
50850,-0.2095884472781618,-2.691113433625159,-0.0
50860,-0.19649988705392135,-2.6904794456125263,-0.0
50870,-0.1834298090637271,-2.689777278260363,-0.0
50880,-0.17037859664860525,-2.6890071847482337,-0.0
50890,-0.1573466300659002,-2.6881694204399205,-0.0
50900,-0.14433428647989063,-2.6872642428461164,-0.0
50910,-0.13134193995286295,-2.686291911587165,-0.0
50920,-0.11836996143664133,-2.685252688355881,-0.0
50930,-0.10541871876456858,-2.6841468368804158,-0.0
50940,-0.09248857664393632,-2.682974622887205,-0.0
50950,-0.07957989664886149,-2.68173631406399,-0.0
50960,-0.06669303721360492,-2.680432180022922,-0.0
50970,-0.05382835362632953,-2.679062492263752,-0.0
50980,-0.04098619802329477,-2.677627524137116,-0.0
50990,-0.02816691938348337,-2.6761275508079088,-0.0
51000,-0.015370863523657836,-2.674562849218774,-0.0
51010,-0.002598373093842379,-2.6729336980536917,-0.0
51020,0.010150212426772741,-2.671240377701677,-0.0
51030,0.022874556733508185,-2.6694831702206043,-0.0
51040,0.03557432669945746,-2.667662359301144,-0.0
51050,0.048249192378337434,-2.665778230230829,-0.0
51060,0.060898827006931285,-2.663831069858259,-0.0
51070,0.07352290700712731,-2.6618211665574236,-0.0
51080,0.08612111198755797,-2.6597488101921836,-0.0
51090,0.09869312474484222,-2.6576142920808783,-0.0
51100,0.11123863126443596,-2.655417904961101,-0.0
51110,0.12375732072109347,-2.6531599429546047,-0.0
51120,0.1362488854789447,-2.6508407015323807,-0.0
51130,0.14871302109119214,-2.648460477479893,-0.0
51140,0.16114942629943055,-2.646019568862475,-0.0
51150,0.17355780303259474,-2.643518274990889,-0.0
51160,0.18593785640553903,-2.640956896387074,-0.0
51170,0.19828929471725162,-2.6383357347500453,-0.0
51180,0.21061182944871018,-2.635655092922,-0.0
51190,0.22290517526037995,-2.6329152748545805,-0.0
51200,0.23516904998936058,-2.630116585575336,-0.0
51210,0.24740317464618608,-2.627259331154376,-0.0
51220,0.2596072734112801,-2.6243438186712056,-0.0
51230,0.27178107363107257,-2.6213703561817683,-0.0
51240,0.2839243058137819,-2.618339252685675,-0.0
51250,0.29603670362486617,-2.61525081809365,-0.0
51260,0.308118003882147,-2.612105363195163,-0.0
51270,0.3201679465506127,-2.608903199626284,-0.0
51280,0.3321862747369044,-2.6056446398377493,-0.0
51290,0.34417273468348575,-2.602329997063222,-0.0
51300,0.35612707576250624,-2.5989595852877865,-0.0
51310,0.3680490504693594,-2.5955337192166574,-0.0
51320,0.3799384144159395,-2.592052714244107,-0.0
51330,0.39179492632360335,-2.588516886422611,-0.0
51340,0.40361834801583907,-2.5849265524322247,-0.0
51350,0.4154084444106503,-2.5812820295501933,-0.0
51360,0.4271649835126543,-2.5775836356207837,-0.0
51370,0.43888773640490303,-2.573831689025341,-0.0
51380,0.45057647724043026,-2.5700265086525964,-0.0
51390,0.4622309832335294,-2.5661684138692067,-0.0
51400,0.47385103465076317,-2.562257724490513,-0.0
51410,0.4854364148017156,-2.558294760751567,-0.0
51420,0.4969869100294855,-2.554279843278379,-0.0
51430,0.5085023097009279,-2.550213293059416,-0.0
51440,0.5199824061966482,-2.5460954314173474,-0.0
51450,0.5314269949007498,-2.5419265799810233,-0.0
51460,0.5428358741903484,-2.5377070606577252,-0.0
51470,0.5542088454248445,-2.5334371956056367,-0.0
51480,0.5655457129349692,-2.5291173072065867,-0.0
51490,0.5768462840116035,-2.5247477180390367,-0.0
51500,0.5881103688943742,-2.5203287508513146,-0.0
51510,0.5993377807600329,-2.515860728535116,-0.0
51520,0.6105283357106213,-2.511343974099248,-0.0
51530,0.6216818527614275,-2.506778810643636,-0.0
51540,0.6327981538287364,-2.5021655613335847,-0.0
51550,0.6438770637173806,-2.497504549374299,-0.0
51560,0.6549184101080944,-2.492796097985664,-0.0
51570,0.665922023544674,-2.488040530377279,-0.0
51580,0.6768877374209518,-2.4832381697237573,-0.0
51590,0.687815387967585,-2.47838933914029,-0.0
51600,0.6987048142386642,-2.4734943616584553,-0.0
51610,0.7095558580981477,-2.468553560202313,-0.0
51620,0.720368364206123,-2.463567257564741,-0.0
51630,0.7311421800049002,-2.458535776384045,-0.0
51640,0.7418771557049421,-2.4534594391208286,-0.0
51650,0.752573144270636,-2.4483385680351284,-0.0
51660,0.7632300014059084,-2.4431734851638076,-0.0
51670,0.7738475855396876,-2.4379645122982208,-0.0
51680,0.7844257578112226,-2.43271197096214,-0.0
51690,0.7949643820552498,-2.427416182389936,-0.0
51700,0.8054633247870302,-2.4220774675050403,-0.0
51710,0.8159224551872454,-2.416696146898661,-0.0
51720,0.8263416450867574,-2.4112725408087563,-0.0
51730,0.8367207689512491,-2.4058069690992867,-0.0
51740,0.8470597038657341,-2.400299751239725,-0.0
51750,0.8573583295189452,-2.3947512062848184,-0.0
51760,0.8676165281876114,-2.3891616528546353,-0.0
51770,0.8778341847206151,-2.383531409114855,-0.0
51780,0.8880111865230429,-2.37786079275733,-0.0
51790,0.8981474235401308,-2.3721501209809106,-0.0
51800,0.9082427882411065,-2.366399710472529,-0.0
51810,0.9182971756029302,-2.3606098773885424,-0.0
51820,0.9283104830939447,-2.35478093733634,-0.0
51830,0.9382826106574291,-2.3489132053562094,-0.0
51840,0.9482134606950685,-2.343006995903463,-0.0
51850,0.9581029380503344,-2.3370626228308202,-0.0
51860,0.9679509499917872,-2.3310803993710514,-0.0
51870,0.9777574061962989,-2.325060638119879,-0.0
51880,0.987522218732201,-2.31900365101913,-0.0
51890,0.9972453020423621,-2.312909749340154,-0.0
51900,1.0069265729271952,-2.3067792436674854,-0.0
51910,1.0165659505276023,-2.300612443882767,-0.0
51920,1.026163356307857,-2.2944096591489256,-0.0
51930,1.0357187140384272,-2.2881711978946004,-0.0
51940,1.0452319497787432,-2.2818973677988157,-0.0
51950,1.0547029918599136,-2.275588475775917,-0.0
51960,1.0641317708673916,-2.269244827960742,-0.0
51970,1.0735182196235968,-2.2628667296940534,-0.0
51980,1.08286227317049,-2.2564544855082063,-0.0
51990,1.0921638687521127,-2.2500083991130735,-0.0
52000,1.101422945797086,-2.2435287733822054,-0.0
52010,1.1106394459010742,-2.237015910339237,-0.0
52020,1.1198133128092225,-2.230470111144545,-0.0
52030,1.1289444923985568,-2.2238916760821326,-0.0
52040,1.1380329326603689,-2.2172809045467647,-0.0
52050,1.1470785836825672,-2.2106380950313365,-0.0
52060,1.1560813976320163,-2.203963545114485,-0.0
52070,1.1650413287368508,-2.197257551448425,-0.0
52080,1.1739583332687826,-2.1905204097470388,-0.0
52090,1.1828323695253866,-2.1837524147741783,-0.0
52100,1.1916633978123843,-2.176953860332216,-0.0
52110,1.2004513804259143,-2.170125039250815,-0.0
52120,1.2091962816348,-2.163266243375934,-0.0
52130,1.2178980676628162,-2.156377763559059,-0.0
52140,1.2265567066709535,-2.1494598896466606,-0.0
52150,1.2351721687396877,-2.1425129104698786,-0.0
52160,1.243744425851247,-2.135537113834419,-0.0
52170,1.252273451871899,-2.1285327865106956,-0.0
52180,1.2607592225342332,-2.121500214224163,-0.0
52190,1.2692017154194617,-2.1144396816458886,-0.0
52200,1.277600909939737,-2.107351472383337,-0.0
52210,1.2859567873204776,-2.1002358689713643,-0.0
52220,1.2942693305827182,-2.0930931528634327,-0.0
52230,1.3025385245254764,-2.0859236044230336,-0.0
52240,1.3107643557081456,-2.078727502915325,-0.0
52250,1.3189468124329065,-2.0715051264989697,-0.0
52260,1.327085884727168,-2.0642567522181916,-0.0
52270,1.335181564326041,-2.056982655995031,-0.0
52280,1.3432338446548309,-2.049683112621803,-0.0
52290,1.3512427208115756,-2.0423583957537654,-0.0
52300,1.3592081895496042,-2.035008777901975,-0.0
52310,1.367130249260145,-2.0276345304263588,-0.0
52320,1.3750088999549581,-2.0202359235289657,-0.0
52330,1.3828441432490197,-2.0128132262474288,-0.0
52340,1.3906359823432326,-2.005366706448606,-0.0
52350,1.398384422007197,-1.99789663082243,-0.0
52360,1.4060894685620113,-1.9904032648759347,-0.0
52370,1.413751129863125,-1.982886872927473,-0.0
52380,1.421369415283241,-1.975347718101131,-0.0
52390,1.4289443356952618,-1.9677860623213117,-0.0
52400,1.4364759034552907,-1.960202166307514,-0.0
52410,1.4439641323856853,-1.952596289569292,-0.0
52420,1.4514090377581594,-1.944968690401385,-0.0
52430,1.4588106362769488,-1.937319625879039,-0.0
52440,1.4661689460620244,-1.9296493518534927,-0.0
52450,1.47348398663237,-1.9219581229476443,-0.0
52460,1.4807557788893149,-1.9142461925518903,-0.0
52470,1.4879843450999344,-1.9065138128201369,-0.0
52480,1.495169708880498,-1.898761234665971,-0.0
52490,1.5023118951799987,-1.8909887077590155,-0.0
52500,1.5094109302637306,-1.8831964805214336,-0.0
52510,1.5164668416969431,-1.8753848001246072,-0.0
52520,1.5234796583285561,-1.8675539124859746,-0.0
52530,1.5304494102749429,-1.8597040622660255,-0.0
52540,1.537376128903788,-1.8518354928654626,-0.0
52550,1.5442598468180049,-1.8439484464225082,-0.0
52560,1.5511005978397372,-1.8360431638103805,-0.0
52570,1.5578984169944174,-1.8281198846349063,-0.0
52580,1.5646533404949146,-1.820178847232302,-0.0
52590,1.5713654057257407,-1.8122202886670895,-0.0
52600,1.5780346512273464,-1.804244444730175,-0.0
52610,1.58466111668048,-1.7962515499370593,-0.0
52620,1.5912448428906298,-1.7882418375262006,-0.0
52630,1.597785871772546,-1.7802155394575232,-0.0
52640,1.6042842463348366,-1.7721728864110595,-0.0
52650,1.6107400106646415,-1.7641141077857339,-0.0
52660,1.617153209912392,-1.7560394316982881,-0.0
52670,1.62352389027665,-1.747949084982338,-0.0
52680,1.6298520989890217,-1.7398432931875651,-0.0
52690,1.6361378842991654,-1.7317222805790435,-0.0
52700,1.642381295459871,-1.7235862701366944,-0.0
52710,1.6485823827122303,-1.7154354835548693,-0.0
52720,1.6547411972708872,-1.7072701412420643,-0.0
52730,1.6608577913093758,-1.6990904623207537,-0.0
52740,1.666932217945547,-1.6908966646273593,-0.0
52750,1.6729645312270691,-1.6826889647123255,-0.0
52760,1.6789547861170264,-1.674467577840327,-0.0
52770,1.684903038479605,-1.6662327179905962,-0.0
52780,1.6908093450658548,-1.6579845978573564,-0.0
52790,1.6966737634995563,-1.6497234288503861,-0.0
52800,1.7024963522631582,-1.641449421095682,-0.0
52810,1.708277170683817,-1.6331627834362483,-0.0
52820,1.7140162789195217,-1.624863723432986,-0.0
52830,1.719713737945307,-1.6165524473656991,-0.0
52840,1.7253696095395574,-1.608229160234203,-0.0
52850,1.730983956270403,-1.5998940657595409,-0.0
52860,1.7365568414822043,-1.5915473663853066,-0.0
52870,1.7420883292821314,-1.583189263279069,-0.0
52880,1.7475784845268283,-1.574819956333893,-0.0
52890,1.7530273728091756,-1.5664396441699688,-0.0
52900,1.7584350604451418,-1.5580485241363335,-0.0
52910,1.7638016144607283,-1.549646792312693,-0.0
52920,1.769127102579004,-1.541234643511332,-0.0
52930,1.7744115932072377,-1.5328122712791286,-0.0
52940,1.7796551554241156,-1.5243798678996512,-0.0
52950,1.784857858967062,-1.5159376243953528,-0.0
52960,1.7900197742196429,-1.5074857305298504,-0.0
52970,1.7951409721990685,-1.499024374810292,-0.0
52980,1.8002215245437905,-1.4905537444898143,-0.0
52990,1.805261503501189,-1.482074025570082,-0.0
53000,1.8102609819153515,-1.4735854028039055,-0.0
53010,1.8152200332149566,-1.465088059697956,-0.0
53020,1.820138731401234,-1.4565821785155395,-0.0
53030,1.8250171510360345,-1.4480679402794696,-0.0
53040,1.8298553672299853,-1.439545524775006,-0.0
53050,1.834653455630739,-1.4310151105528743,-0.0
53060,1.8394114924113216,-1.4224768749323597,-0.0
53070,1.844129554258569,-1.4139309940044733,-0.0
53080,1.8488077183616596,-1.4053776426351932,-0.0
53090,1.8534460624007405,-1.3968169944687738,-0.0
53100,1.858044664535649,-1.3882492219311264,-0.0
53110,1.862603603394723,-1.379674496233267,-0.0
53120,1.8671229580637105,-1.3710929873748328,-0.0
53130,1.87160280807477,-1.3625048641476623,-0.0
53140,1.8760432333955634,-1.353910294139443,-0.0
53150,1.880444314418442,-1.3453094437374156,-0.0
53160,1.8848061319497305,-1.3367024781321506,-0.0
53170,1.8891287671990977,-1.3280895613213748,-0.0
53180,1.8934123017690219,-1.319470856113865,-0.0
53190,1.897656817644352,-1.3108465241333958,-0.0
53200,1.9018623971819562,-1.3022167258227455,-0.0
53210,1.9060291231004667,-1.2935816204477577,-0.0
53220,1.9101570784701172,-1.2849413661014601,-0.0
53230,1.9142463467026682,-1.2762961197082319,-0.0
53240,1.9182970115414277,-1.2676460370280267,-0.0
53250,1.9223091570513602,-1.2589912726606467,-0.0
53260,1.9262828676092891,-1.2503319800500632,-0.0
53270,1.9302182278941964,-1.241668311488796,-0.0
53280,1.9341153228775947,-1.2330004181223244,-0.0
53290,1.9379742378140115,-1.2243284499535596,-0.0
53300,1.9417950582315509,-1.2156525558473574,-0.0
53310,1.9455778699225463,-1.2069728835350717,-0.0
53320,1.9493227589343083,-1.1982895796191568,-0.0
53330,1.9530298115599554,-1.1896027895778107,-0.0
53340,1.95669911432934,-1.1809126577696587,-0.0
53350,1.960330754000056,-1.1722193274384762,-0.0
53360,1.9639248175485438,-1.1635229407179546,-0.0
53370,1.9674813921612744,-1.1548236386365014,-0.0
53380,1.971000565226029,-1.1461215611220812,-0.0
53390,1.974482424323261,-1.1374168470070898,-0.0
53400,1.9779270572175491,-1.128709634033268,-0.0
53410,1.98133455184913,-1.120000058856641,-0.0
53420,1.9847049963255277,-1.1112882570525024,-0.0
53430,1.988038478913262,-1.1025743631204237,-0.0
53440,1.9913350880296459,-1.093858510489298,-0.0
53450,1.9945949122346627,-1.0851408315224096,-0.0
53460,1.9978180402229402,-1.0764214575225435,-0.0
53470,2.0010045608157925,-1.06770051873711,-0.0
53480,2.004154562953365,-1.0589781443633122,-0.0
53490,2.0072681356868434,-1.0502544625533257,-0.0
53500,2.010345368170766,-1.0415296004195174,-0.0
53510,2.0133863496554016,-1.032803684039681,-0.0
53520,2.0163911694792245,-1.0240768384623022,-0.0
53530,2.01935991706146,-1.0153491877118441,-0.0
53540,2.022292681894718,-1.0066208547940572,-0.0
53550,2.025189553537708,-0.9978919617013116,-0.0
53560,2.028050621608033,-0.9891626294179502,-0.0
53570,2.030875975775065,-0.9804329779256626,-0.0
53580,2.0336657057529006,-0.9717031262088782,-0.0
53590,2.036419901293394,-0.9629731922601776,-0.0
53600,2.0391386521792763,-0.9542432930857261,-0.0
53610,2.041822048217341,-0.9455135447107179,-0.0
53620,2.0444701792317255,-0.9367840621848457,-0.0
53630,2.047083135057251,-0.9280549595877772,-0.0
53640,2.0496610055328546,-0.919326350034653,-0.0
53650,2.052203880495093,-0.9105983456815993,-0.0
53660,2.0547118497717216,-0.9018710577312502,-0.0
53670,2.0571850031753516,-0.8931445964382868,-0.0
53680,2.059623430497184,-0.884419071114987,-0.0
53690,2.0620272215008124,-0.8756945901367902,-0.0
53700,2.064396465916113,-0.8669712609478694,-0.0
53710,2.0667312534331925,-0.8582491900667151,-0.0
53720,2.0690316736964247,-0.849528483091732,-0.0
53730,2.0712978162985527,-0.8408092447068414,-0.0
53740,2.073529770774864,-0.8320915786870942,-0.0
53750,2.075727626597438,-0.8233755879042904,-0.0
53760,2.0778914731694744,-0.8146613743326112,-0.0
53770,2.0800213998196755,-0.8059490390542494,-0.0
53780,2.082117495796716,-0.7972386822650557,-0.0
53790,2.0841798502637783,-0.788530403280184,-0.0
53800,2.086208552293149,-0.7798243005397445,-0.0
53810,2.0882036908608987,-0.7711204716144622,-0.0
53820,2.090165354841623,-0.7624190132113381,-0.0
53830,2.0920936330032514,-0.7537200211793154,-0.0
53840,2.0939886140019306,-0.7450235905149484,-0.0
53850,2.0958503863769664,-0.7363298153680727,-0.0
53860,2.097679038545846,-0.7276387890474821,-0.0
53870,2.0994746587993065,-0.7189506040265994,-0.0
53880,2.101237335296492,-0.710265351949156,-0.0
53890,2.1029671560601626,-0.701583123634868,-0.0
53900,2.104664208971974,-0.6929040090851146,-0.0
53910,2.106328581767817,-0.684228097488614,-0.0
53920,2.1079603620332272,-0.6755554772271006,-0.0
53930,2.109559637198854,-0.6668862358809998,-0.0
53940,2.111126494535998,-0.6582204602351033,-0.0
53950,2.112661021152203,-0.6495582362842388,-0.0
53960,2.114163303986921,-0.6408996492389423,-0.0
53970,2.115633429807227,-0.6322447835311213,-0.0
53980,2.1170714852036108,-0.6235937228197224,-0.0
53990,2.1184775565858076,-0.6149465499963859,-0.0
54000,2.1198517301787163,-0.606303347191107,-0.0
54010,2.1211940920183534,-0.5976641957778838,-0.0
54020,2.1225047279478817,-0.5890291763803654,-0.0
54030,2.123783723613691,-0.5803983688774931,-0.0
54040,2.125031164461538,-0.5717718524091356,-0.0
54050,2.12624713573275,-0.5631497053817217,-0.0
54060,2.1274317224604777,-0.5545320054738619,-0.0
54070,2.128585009466013,-0.5459188296419676,-0.0
54080,2.1297070813551544,-0.5373102541258608,-0.0
54090,2.1307980225146395,-0.528706354454378,-0.0
54100,2.1318579171086283,-0.5201072054509674,-0.0
54110,2.1328868490752337,-0.5115128812392756,-0.0
54120,2.1338849021231248,-0.5029234552487285,-0.0
54130,2.134852159728166,-0.49433900022010385,-0.0
54140,2.135788705130124,-0.4857595882110928,-0.0
54150,2.1366946213294193,-0.47718529060185605,-0.0
54160,2.1375699910839367,-0.4686161781005677,-0.0
54170,2.1384148969058807,-0.46005232074895025,-0.0
54180,2.1392294210586944,-0.4514937879278014,-0.0
54190,2.1400136455540215,-0.4429406483625095,-0.0
54200,2.14076765214872,-0.43439297012855876,-0.0
54210,2.1414915223419273,-0.42585082065702307,-0.0
54220,2.142185337372182,-0.4173142667400523,-0.0
54230,2.1428491782145893,-0.40878337453634395,-0.0
54240,2.1434831255780287,-0.4002582095766049,-0.0
54250,2.144087259902429,-0.39173883676900223,-0.0
54260,2.1446616613560785,-0.3832253204046026,-0.0
54270,2.1452064098329844,-0.3747177241627979,-0.0
54280,2.1457215849502846,-0.3662161111167209,-0.0
54290,2.146207266045703,-0.3577205437386479,-0.0
54300,2.146663532175054,-0.3492310839053877,-0.0
54310,2.147090462109791,-0.3407477929036601,-0.0
54320,2.1474881343346026,-0.33227073143546015,-0.0
54330,2.1478566270450576,-0.3237999596234096,-0.0
54340,2.1481960181452857,-0.31533553701609474,-0.0
54350,2.1485063852457125,-0.306877522593392,-0.0
54360,2.1487878056608376,-0.29842597477177946,-0.0
54370,2.1490403564070464,-0.2899809514096335,-0.0
54380,2.149264114200483,-0.2815425098125138,-0.0
54390,2.14945915545495,-0.273110706738433,-0.0
54400,2.1496255562798594,-0.2646855984031117,-0.0
54410,2.149763392478224,-0.25626724048522065,-0.0
54420,2.149872739544692,-0.24785568813160794,-0.0
54430,2.149953672663619,-0.23945099596251074,-0.0
54440,2.150006266707187,-0.23105321807675375,-0.0
54450,2.1500305962335577,-0.22266240805693202,-0.0
54460,2.150026735485076,-0.21427861897457948,-0.0
54470,2.149994758386498,-0.20590190339532133,-0.0
54480,2.149934738543274,-0.19753231338401261,-0.0
54490,2.149846749239861,-0.18916990050986077,-0.0
54500,2.1497308634380814,-0.18081471585153336,-0.0
54510,2.149587153775512,-0.17246681000224975,-0.0
54520,2.149415692563916,-0.16412623307485774,-0.0
54530,2.149216551787714,-0.1557930347068945,-0.0
54540,2.1489898031024888,-0.14746726406563174,-0.0
54550,2.1487355178335252,-0.13914896985310504,-0.0
54560,2.148453766974401,-0.13083820031112786,-0.0
54570,2.148144621185584,-0.12253500322628835,-0.0
54580,2.1478081507931064,-0.11423942593493217,-0.0
54590,2.1474444257872345,-0.10595151532812705,-0.0
54600,2.1470535158211996,-0.0976713178566129,-0.0
54610,2.146635490209958,-0.08939887953573515,-0.0
54620,2.146190417928972,-0.08113424595036142,-0.0
54630,2.14571836761305,-0.07287746225978281,-0.0
54640,2.145219407555199,-0.06462857320259818,-0.0
54650,2.144693605705518,-0.0563876231015822,-0.0
54660,2.144141029670125,-0.04815465586853708,-0.0
54670,2.143561746710124,-0.039929715009127995,-0.0
54680,2.142955823740585,-0.03171284362770153,-0.0
54690,2.1423233273295783,-0.02350408443208812,-0.0
54700,2.1416643236972255,-0.015303479738387589,-0.0
54710,2.1409788787147903,-0.007111071475738307,-0.0
54720,2.1402670579037917,0.0010730988089303914,-0.0
54730,2.139528926435165,0.009248989946162309,-0.0
54740,2.1387645491284295,0.01741656113925521,-0.0
54750,2.1379739904509103,0.025575771959558274,-0.0
54760,2.137157314516971,0.0337265823417862,-0.0
54770,2.1363145850872876,0.041868952579350034,-0.0
54780,2.1354458655681503,0.050002843319704685,-0.0
54790,2.1345512190107905,0.05812821555971307,-0.0
54800,2.1336307081107355,0.066245030641027,-0.0
54810,2.1326843952072023,0.07435325024548488,-0.0
54820,2.131712342282508,0.0824528363905259,-0.0
54830,2.1307146109615087,0.09054375142462097,-0.0
54840,2.1296912625110767,0.09862595802272035,-0.0
54850,2.128642357839593,0.1066994191817182,-0.0
54860,2.1275679574964763,0.11476409821593325,-0.0
54870,2.126468121671729,0.12281995875260668,-0.0
54880,2.125342910195523,0.13086696472741624,-0.0
54890,2.124192382537794,0.13890508038000707,-0.0
54900,2.123016597807882,0.1469342702495394,-0.0
54910,2.121815614754184,0.15495449917025236,-0.0
54920,2.120589491763831,0.16296573226704458,-0.0
54930,2.1193382868624036,0.1709679349510714,-0.0
54940,2.1180620577136584,0.1789610729153584,-0.0
54950,2.1167608616192832,0.18694511213043113,-0.0
54960,2.1154347555186845,0.1949200188399621,-0.0
54970,2.1140837959887917,0.20288575955643348,-0.0
54980,2.1127080392438806,0.21084230105681587,-0.0
54990,2.1113075411354334,0.21878961037826433,-0.0
55000,2.1098823571520158,0.22672765481383028,-0.0
55010,2.108432542419173,0.23465640190818898,-0.0
55020,2.1069581516993545,0.242575819453384,-0.0
55030,2.1054592393918647,0.2504858754845882,-0.0
55040,2.103935859532826,0.2583865382758794,-0.0
55050,2.102388065795174,0.26627777633603333,-0.0
55060,2.100815911488669,0.27415955840433237,-0.0
55070,2.099219449559933,0.28203185344638987,-0.0
55080,2.0975987325925063,0.2898946306499903,-0.0
55090,2.0959538128069273,0.29774785942094656,-0.0
55100,2.094284742060831,0.30559150937897084,-0.0
55110,2.092591571849073,0.31342555035356345,-0.0
55120,2.0908743533038696,0.321249952379916,-0.0
55130,2.089133137194959,0.32906468569483016,-0.0
55140,2.0873679739297937,0.3368697207326539,-0.0
55150,2.085578913553732,0.3446650281212295,-0.0
55160,2.083766005750274,0.3524505786778617,-0.0
55170,2.0819292998412973,0.3602263434052971,-0.0
55180,2.0800688447873243,0.3679922934877211,-0.0
55190,2.078184689187807,0.37574840028677015,-0.0
55200,2.076276881281427,0.38349463533755795,-0.0
55210,2.0743454689464196,0.3912309703447182,-0.0
55220,2.0723904997009153,0.39895737717846097,-0.0
55230,2.070412020703296,0.40667382787064527,-0.0
55240,2.068410078752583,0.41438029461086634,-0.0
55250,2.066384720288825,0.42207674974255693,-0.0
55260,2.0643359913935155,0.4297631657591045,-0.0
55270,2.062263937790033,0.4374395152999823,-0.0
55280,2.0601686048440873,0.4451057711468959,-0.0
55290,2.0580500375641906,0.452761906219943,-0.0
55300,2.055908280602145,0.46040789357378925,-0.0
55310,2.053743378253554,0.46804370639385795,-0.0
55320,2.0515553744583337,0.47566931799253304,-0.0
55330,2.0493443128012627,0.48328470180537814,-0.0
55340,2.0471102365125353,0.4908898313873685,-0.0
55350,2.0448531884683354,0.49848468040913685,-0.0
55360,2.0425732111914323,0.5060692226532361,-0.0
55370,2.0402703468517798,0.5136434320104102,-0.0
55380,2.0379446372671515,0.5212072824758868,-0.0
55390,2.035596123903772,0.5287607481456753,-0.0
55400,2.033224847876982,0.536303803212886,-0.0
55410,2.0308308499519048,0.5438364219640569,-0.0
55420,2.028414170544142,0.5513585787754998,-0.0
55430,2.025974849720476,0.5588702481096534,-0.0
55440,2.023512927199592,0.5663714045114564,-0.0
55450,2.0210284423528124,0.5738620226047284,-0.0
55460,2.018521434204857,0.5813420770885688,-0.0
55470,2.015991941434603,0.5888115427337632,-0.0
55480,2.0134400023758734,0.5962703943792101,-0.0
55490,2.010865655018233,0.6037186069283531,-0.0
55500,2.0082689370078057,0.6111561553456322,-0.0
55510,2.005649885648103,0.6185830146529439,-0.0
55520,2.0030085379008624,0.6259991599261149,-0.0
55530,2.000344930386915,0.6334045662913901,-0.0
55540,1.9976590993870553,0.640799208921933,-0.0
55550,1.994951080842926,0.6481830630343344,-0.0
55560,1.9922209103579276,0.6555561038851399,-0.0
55570,1.989468623198132,0.6629183067673851,-0.0
55580,1.9866942542932138,0.6702696470071445,-0.0
55590,1.9838978382373964,0.6776100999600926,-0.0
55600,1.981079409290418,0.6849396410080784,-0.0
55610,1.978239001378499,0.6922582455557086,-0.0
55620,1.9753766480953314,0.699565889026945,-0.0
55630,1.9724923827030878,0.706862546861715,-0.0
55640,1.9695862381334308,0.7141481945125301,-0.0
55650,1.9666582469885454,0.7214228074411188,-0.0
55660,1.9637084415421848,0.7286863611150708,-0.0
55670,1.9607368537407277,0.7359388310044921,-0.0
55680,1.9577435152042484,0.7431801925786721,-0.0
55690,1.9547284572276031,0.7504104213027601,-0.0
55700,1.9516917107815275,0.7576294926344569,-0.0
55710,1.948633306513751,0.7648373820207127,-0.0
55720,1.9455532747501205,0.7720340648944407,-0.0
55730,1.942451645495735,0.779219516671237,-0.0
55740,1.93932844843611,0.7863937127461184,-0.0
55750,1.936183712938328,0.7935566284902609,-0.0
55760,1.933017468052226,0.8007082392477588,-0.0
55770,1.9298297425115858,0.807848520332389,-0.0
55780,1.926620564735338,0.814977447024387,-0.0
55790,1.9233899628287778,0.8220949945672332,-0.0
55800,1.9201379645848,0.8292011381644512,-0.0
55810,1.916864597485139,0.8362958529764138,-0.0
55820,1.9135698887016295,0.8433791141171623,-0.0
55830,1.9102538650974705,0.8504508966512326,-0.0
55840,1.9069165532285124,0.8575111755904941,-0.0
55850,1.9035579793445536,0.8645599258909984,-0.0
55860,1.9001781693906423,0.8715971224498352,-0.0
55870,1.8967771490084036,0.8786227401020026,-0.0
55880,1.8933549435373713,0.885636753617283,-0.0
55890,1.889911578016332,0.8926391376971307,-0.0
55900,1.8864470771846897,0.89962986697157,-0.0
55910,1.8829614654838307,0.9066089159960989,-0.0
55920,1.8794547670585147,0.9135762592486095,-0.0
55930,1.8759270057582673,0.9205318711263094,-0.0
55940,1.8723782051387932,0.9274757259426585,-0.0
55950,1.8688083884633957,0.934407797924312,-0.0
55960,1.8652175787044165,0.9413280612080759,-0.0
55970,1.8616057985446781,0.9482364898378672,-0.0
55980,1.8579730703789457,0.9551330577616847,-0.0
55990,1.854319416315404,0.9620177388285921,-0.0
56000,1.8506448581771393,0.9688905067857061,-0.0
56010,1.8469494175036372,0.9757513352751936,-0.0
56020,1.843233115552296,0.98260019783128,-0.0
56030,1.8394959732999494,0.9894370678772649,-0.0
56040,1.8357380114444017,0.996261918722546,-0.0
56050,1.8319592504059747,1.0030747235596502,-0.0
56060,1.8281597103290779,1.009875455461281,-0.0
56070,1.8243394110837696,1.01666408737736,-0.0
56080,1.8204983722673536,1.0234405921320928,-0.0
56090,1.8166366132059755,1.030204942421031,-0.0
56100,1.8127541529562332,1.0369571108081486,-0.0
56110,1.8088510103068034,1.0436970697229255,-0.0
56120,1.8049272037800783,1.0504247914574376,-0.0
56130,1.800982751633819,1.057140248163458,-0.0
56140,1.7970176718628126,1.0638434118495623,-0.0
56150,1.7930319822005532,1.0705342543782448,-0.0
56160,1.789025700120929,1.077212747463043,-0.0
56170,1.7849988428399224,1.0838788626656657,-0.0
56180,1.780951427317328,1.0905325713931358,-0.0
56190,1.7768834702584744,1.0971738448949335,-0.0
56200,1.7727949881159704,1.103802654260152,-0.0
56210,1.768685997091455,1.1104189704146616,-0.0
56220,1.764556513137364,1.1170227641182757,-0.0
56230,1.7604065519587095,1.1236140059619302,-0.0
56240,1.7562361290148727,1.1301926663648674,-0.0
56250,1.7520452595214093,1.1367587155718282,-0.0
56260,1.7478339584518685,1.1433121236502537,-0.0
56270,1.7436022405396259,1.149852860487489,-0.0
56280,1.7393501202797241,1.1563808957879973,-0.0
56290,1.7350776119307392,1.1628961990705857,-0.0
56300,1.730784729516644,1.1693987396656287,-0.0
56310,1.7264714868287019,1.175888486712309,-0.0
56320,1.7221378974273582,1.1823654091558555,-0.0
56330,1.717783974644158,1.1888294757447988,-0.0
56340,1.7134097315836678,1.195280655028223,-0.0
56350,1.7090151811254204,1.201718915353036,-0.0
56360,1.7046003359258604,1.2081442248612353,-0.0
56370,1.7001652084203205,1.2145565514871912,-0.0
56380,1.6957098108249933,1.2209558629549273,-0.0
56390,1.6912341551389338,1.227342126775418,-0.0
56400,1.6867382531460613,1.2337153102438818,-0.0
56410,1.682222116417187,1.240075380437092,-0.0
56420,1.6776857563120515,1.24642230421069,-0.0
56430,1.6731291839813676,1.2527560481964977,-0.0
56440,1.6685524103688953,1.2590765787998535,-0.0
56450,1.663955446213513,1.2653838621969375,-0.0
56460,1.6593383020513193,1.2716778643321172,-0.0
56470,1.6547009882177344,1.2779585509152913,-0.0
56480,1.6500435148496246,1.284225887419242,-0.0
56490,1.6453658918874408,1.2904798390769987,-0.0
56500,1.64066812907737,1.2967203708792008,-0.0
56510,1.6359502359735016,1.3029474475714744,-0.0
56520,1.6312122219400083,1.309161033651809,-0.0
56530,1.6264540961533431,1.315361093367947,-0.0
56540,1.621675867604451,1.3215475907147758,-0.0
56550,1.6168775451009954,1.3277204894317283,-0.0
56560,1.612059137269598,1.3338797530001878,-0.0
56570,1.6072206525580979,1.340025344640903,-0.0
56580,1.602362099237822,1.3461572273114066,-0.0
56590,1.597483485405874,1.352275363703443,-0.0
56600,1.5925848189874376,1.3583797162404,-0.0
56610,1.5876661077380922,1.3644702470747476,-0.0
56620,1.582727359246152,1.370546918085487,-0.0
56630,1.5777685809350124,1.376609690875601,-0.0
56640,1.5727897800655186,1.3826585267695144,-0.0
56650,1.5677909637383458,1.3886933868105598,-0.0
56660,1.5627721388964004,1.3947142317584513,-0.0
56670,1.5577333123272286,1.4007210220867612,-0.0
56680,1.5526744906654537,1.406713717980409,-0.0
56690,1.5475956803952209,1.4126922793331544,-0.0
56700,1.5424968878526575,1.4186566657450925,-0.0
56710,1.5373781192283587,1.4246068365201658,-0.0
56720,1.5322393805698797,1.4305427506636716,-0.0
56730,1.527080677784255,1.4364643668797878,-0.0
56740,1.5219020166405204,1.442371643569092,-0.0
56750,1.5167034027722703,1.4482645388261026,-0.0
56760,1.5114848416802167,1.4541430104368127,-0.0
56770,1.5062463387347729,1.460007015876241,-0.0
56780,1.5009878991786525,1.4658565123059841,-0.0
56790,1.495709528129489,1.4716914565717794,-0.0
56800,1.4904112305824646,1.4775118052010685,-0.0
56810,1.4850930114129688,1.483317514400578,-0.0
56820,1.4797548753792642,1.4891085400538968,-0.0
56830,1.474396827125178,1.4948848377190698,-0.0
56840,1.4690188711828052,1.5006463626261897,-0.0
56850,1.4636210119752335,1.506393069675003,-0.0
56860,1.4582032538192886,1.5121249134325208,-0.0
56870,1.4527656009282914,1.5178418481306362,-0.0
56880,1.4473080574148398,1.5235438276637496,-0.0
56890,1.441830627293607,1.5292308055864032,-0.0
56900,1.436333314484158,1.5349027351109183,-0.0
56910,1.4308161228137863,1.540559569105047,-0.0
56920,1.4252790560203679,1.546201260089624,-0.0
56930,1.4197221177552377,1.5518277602362334,-0.0
56940,1.4141453115860798,1.557439021364875,-0.0
56950,1.408548640999843,1.563034994941648,-0.0
56960,1.4029321094056746,1.5686156320764346,-0.0
56970,1.3972957201378675,1.574180883520595,-0.0
56980,1.391639476458838,1.5797306996646692,-0.0
56990,1.3859633815621142,1.5852650305360887,-0.0
57000,1.38026743857535,1.590783825796896,-0.0
57010,1.3745516505633568,1.5962870347414697,-0.0
57020,1.3688160205311566,1.601774606294261,-0.0
57030,1.3630605514270542,1.6072464890075377,-0.0
57040,1.3572852461457316,1.6127026310591357,-0.0
57050,1.3514901075313643,1.618142980250221,-0.0
57060,1.3456751383807537,1.623567484003059,-0.0
57070,1.3398403414464848,1.628976089358792,-0.0
57080,1.3339857194401068,1.6343687429752294,-0.0
57090,1.328111275035326,1.63974539112464,-0.0
57100,1.3222170108712332,1.6451059796915624,-0.0
57110,1.3163029295555408,1.6504504541706158,-0.0
57120,1.3103690336678486,1.6557787596643256,-0.0
57130,1.3044153257629287,1.661090840880958,-0.0
57140,1.298441808374035,1.666386642132362,-0.0
57150,1.2924484840162291,1.6716661073318222,-0.0
57160,1.2864353551897376,1.6769291799919215,-0.0
57170,1.2804024243833232,1.682175803222416,-0.0
57180,1.2743496940776815,1.6874059197281137,-0.0
57190,1.2682771667488637,1.6926194718067717,-0.0
57200,1.2621848448717161,1.6978164013469945,-0.0
57210,1.256072730923348,1.7029966498261522,-0.0
57220,1.2499408273866213,1.7081601583083048,-0.0
57230,1.243789136753659,1.7133068674421321,-0.0
57240,1.2376176615293848,1.7184367174588855,-0.0
57250,1.231426404235081,1.7235496481703425,-0.0
57260,1.2252153674119692,1.7286455989667737,-0.0
57270,1.2189845536248212,1.7337245088149253,-0.0
57280,1.212733965465586,1.7387863162560073,-0.0
57290,1.2064636055570477,1.743830959403699,-0.0
57300,1.200173476556503,1.7488583759421599,-0.0
57310,1.1938635811594662,1.7538685031240595,-0.0
57320,1.1875339221033958,1.7588612777686146,-0.0
57330,1.18118450217145,1.7638366362596403,-0.0
57340,1.1748153241962633,1.7687945145436155,-0.0
57350,1.1684263910637485,1.7737348481277524,-0.0
57360,1.1620177057169285,1.7786575720780964,-0.0
57370,1.1555892711597857,1.7835626210176183,-0.0
57380,1.1491410904611428,1.7884499291243336,-0.0
57390,1.142673166758569,1.7933194301294333,-0.0
57400,1.1361855032623085,1.7981710573154235,-0.0
57410,1.129678103259237,1.803004743514281,-0.0
57420,1.1231509701168443,1.8078204211056266,-0.0
57430,1.1166041072872432,1.8126180220149062,-0.0
57440,1.1100375183112048,1.8173974777115922,-0.0
57450,1.1034512068222184,1.8221587192073954,-0.0
57460,1.0968451765505811,1.8269016770544955,-0.0
57470,1.0902194313275129,1.8316262813437818,-0.0
57480,1.0835739750892952,1.8363324617031132,-0.0
57490,1.0769088118814447,1.8410201472955938,-0.0
57500,1.0702239458629037,1.84568926681786,-0.0
57510,1.0635193813102688,1.8503397484983892,-0.0
57520,1.0567951226220391,1.8549715200958221,-0.0
57530,1.0500511743228924,1.8595845088972975,-0.0
57540,1.043287541067996,1.8641786417168125,-0.0
57550,1.0365042276473384,1.8687538448935934,-0.0
57560,1.0297012389900893,1.8733100442904806,-0.0
57570,1.0228785801689932,1.877847165292344,-0.0
57580,1.016036256404788,1.8823651328045012,-0.0
57590,1.0091742730706494,1.8868638712511634,-0.0
57600,1.002292635696668,1.8913433045738919,-0.0
57610,0.9953913499743524,1.8958033562300831,-0.0
57620,0.9884704217611655,1.9002439491914647,-0.0
57630,0.9815298570850819,1.9046650059426082,-0.0
57640,0.9745696621491828,1.9090664484794737,-0.0
57650,0.9675898433362756,1.9134481983079599,-0.0
57660,0.9605904072135415,1.9178101764424809,-0.0
57670,0.9535713605372181,1.922152303404565,-0.0
57680,0.946532710257305,1.9264744992214673,-0.0
57690,0.9394744635223055,1.9307766834248126,-0.0
57700,0.9323966276839918,1.935058775049248,-0.0
57710,0.9252992103022056,1.939320692631127,-0.0
57720,0.9181822191496869,1.94356235420721,-0.0
57730,0.9110456622169302,1.9477836773133854,-0.0
57740,0.9038895477170765,1.9519845789834211,-0.0
57750,0.8967138840908305,1.956164975747726,-0.0
57760,0.8895186800114119,1.960324783632149,-0.0
57770,0.8823039443895356,1.9644639181567873,-0.0
57780,0.875069686378425,1.9685822943348323,-0.0
57790,0.8678159153788493,1.9726798266714214,-0.0
57800,0.860542641044203,1.9767564291625352,-0.0
57810,0.8532498732856064,1.980812015293905,-0.0
57820,0.8459376222770438,1.9848464980399494,-0.0
57830,0.8386058984605288,1.988859789862737,-0.0
57840,0.8312547125513019,1.9928518027109705,-0.0
57850,0.8238840755430625,1.9968224480190064,-0.0
57860,0.8164939987132306,2.000771636705893,-0.0
57870,0.8090844936282371,2.0046992791744347,-0.0
57880,0.8016555721488519,2.008605285310292,-0.0
57890,0.7942072464355378,2.0124895644810956,-0.0
57900,0.7867395289538429,2.0163520255356064,-0.0
57910,0.7792524324798172,2.0201925768028843,-0.0
57920,0.7717459701054689,2.0240111260915032,-0.0
57930,0.7642201552442475,2.0278075806887808,-0.0
57940,0.7566750016365625,2.0315818473600507,-0.0
57950,0.7491105233553323,2.035333832347953,-0.0
57960,0.7415267348115666,2.039063441371765,-0.0
57970,0.7339236507599802,2.042770579626754,-0.0
57980,0.7263012863046411,2.0464551517835687,-0.0
57990,0.7186596569046504,2.050117061987661,-0.0
58000,0.710998778379854,2.0537562138587324,-0.0
58010,0.7033186669165874,2.057372510490224,-0.0
58020,0.6956193390734547,2.0609658544488325,-0.0
58030,0.6879008117871384,2.06453614777406,-0.0
58040,0.6801631023782427,2.0680832919777994,-0.0
58050,0.6724062285571716,2.0716071880439575,-0.0
58060,0.6646302084300353,2.0751077364281,-0.0
58070,0.6568350605045955,2.078584837057152,-0.0
58080,0.6490208036962392,2.082038389329114,-0.0
58090,0.6411874573339871,2.0854682921128274,-0.0
58100,0.6333350411665354,2.088874443747771,-0.0
58110,0.6254635753683304,2.0922567420438964,-0.0
58120,0.6175730805456755,2.0956150842814987,-0.0
58130,0.6096635777428717,2.098949367211129,-0.0
58140,0.6017350884483931,2.102259487053543,-0.0
58150,0.5937876346010913,2.105545339499688,-0.0
58160,0.5858212385964371,2.1088068197107326,-0.0
58170,0.5778359232927934,2.112043822318132,-0.0
58180,0.5698317120177206,2.115256241423739,-0.0
58190,0.5618086285743166,2.118443970599951,-0.0
58200,0.5537666972475888,2.1216069028899027,-0.0
58210,0.5457059428108599,2.1247449308077013,-0.0
58220,0.5376263905322057,2.127857946338696,-0.0
58230,0.5295280661809268,2.130945840939804,-0.0
58240,0.5214109960340534,2.1340085055398714,-0.0
58250,0.5132752068828808,2.1370458305400772,-0.0
58260,0.5051207260395415,2.1400577058143897,-0.0
58270,0.49694758134360706,2.143044020710061,-0.0
58280,0.48875580116872386,2.1460046640481725,-0.0
58290,0.480545414429281,2.148939524124222,-0.0
58300,0.4723164505871113,2.1518484887087626,-0.0
58310,0.46406893965822577,2.1547314450480877,-0.0
58320,0.45580291221957786,2.157588279864963,-0.0
58330,0.44751839941586274,2.1604188793594057,-0.0
58340,0.43921543296634735,2.163223129209519,-0.0
58350,0.4308940451717333,2.166000914572373,-0.0
58360,0.42255426892105163,2.168752120084931,-0.0
58370,0.4141961376985896,2.1714766298650394,-0.0
58380,0.4058196855908488,2.174174327512455,-0.0
58390,0.3974249472935357,2.1768450961099357,-0.0
58400,0.38901195811858424,2.179488818224381,-0.0
58410,0.380580754001208,2.182105375908019,-0.0
58420,0.3721313715069854,2.18469465069966,-0.0
58430,0.36366384783897626,2.1872565236259973,-0.0
58440,0.3551782208448673,2.1897908752029625,-0.0
58450,0.3466745290241509,2.1922975854371387,-0.0
58460,0.33815281153533333,2.1947765338272354,-0.0
58470,0.3296131082031732,2.1972275993656085,-0.0
58480,0.32105545952595144,2.1996506605398545,-0.0
58490,0.31247990668276976,2.2020455953344436,-0.0
58500,0.3038864915408814,2.204412281232439,-0.0
58510,0.295275256663048,2.2067505952172395,-0.0
58520,0.2866462453149307,2.209060413774422,-0.0
58530,0.27799950147250596,2.2113416128936145,-0.0
58540,0.26933506982951405,2.21359406807045,-0.0
58550,0.26065299580493334,2.2158176543085704,-0.0
58560,0.2519533255504858,2.2180122461217024,-0.0
58570,0.2432361059581691,2.2201777175357926,-0.0
58580,0.23450138466781784,2.2223139420912115,-0.0
58590,0.22574921007469173,2.224420792845016,-0.0
58600,0.21697963133709147,2.226498142373281,-0.0
58610,0.20819269838400264,2.228545862773503,-0.0
58620,0.19938846192276563,2.2305638256670623,-0.0
58630,0.1905669734467726,2.2325519022017604,-0.0
58640,0.18172828524319057,2.2345099630544194,-0.0
58650,0.17287245040071056,2.236437878433554,-0.0
58660,0.16399952281732283,2.2383355180821196,-0.0
58670,0.15510955720811684,2.2402027512803198,-0.0
58680,0.14620260911310617,2.2420394468484943,-0.0
58690,0.1372787349050787,2.243845473150073,-0.0
58700,0.12833799179747044,2.245620698094612,-0.0
58710,0.11938043785226317,2.2473649891408862,-0.0
58720,0.11040613198790622,2.249078213300082,-0.0
58730,0.10141513398726046,2.250760237139037,-0.0
58740,0.09240750450556567,2.2524109267835786,-0.0
58750,0.08338330507842959,2.2540301479219247,-0.0
58760,0.07434259812983915,2.2556177658081675,-0.0
58770,0.06528544698019297,2.257173645265837,-0.0
58780,0.05621191585435467,2.25869765069154,-0.0
58790,0.04712206988972662,2.260189646058673,-0.0
58800,0.03801597514434394,2.2616494949212336,-0.0
58810,0.028893698604987594,2.2630770604176917,-0.0
58820,0.019755308195316786,2.2644722052749566,-0.0
58830,0.010600872784019702,2.2658347918124195,-0.0
58840,0.0014304621929822087,2.2671646819460833,-0.0
58850,-0.007755852794525946,2.2684617371927747,-0.0
58860,-0.016958000425648073,2.2697258186744387,-0.0
58870,-0.026175907969721173,2.270956787122527,-0.0
58880,-0.03540950171004072,2.2721545028824592,-0.0
58890,-0.04465870693561029,2.273318825918183,-0.0
58900,-0.053923447932876636,2.274449615816816,-0.0
58910,-0.06320364797745062,2.2755467317933786,-0.0
58920,-0.07249922932581493,2.276610032695616,-0.0
58930,-0.08181011320701888,2.277639377008908,-0.0
58940,-0.0911362198143612,2.2786346228612704,-0.0
58950,-0.10047746829706126,2.2795956280284524,-0.0
58960,-0.10983377675191949,2.280522249939115,-0.0
58970,-0.11920506221496789,2.281414345680121,-0.0
58980,-0.12859124065311076,2.282271772001896,-0.0
58990,-0.13799222695575689,2.2830943853239045,-0.0
59000,-0.14740793492644377,2.283882041740209,-0.0
59010,-0.1568382772744544,2.2846345970251276,-0.0
59020,-0.16628316560642756,2.285351906638993,-0.0
59030,-0.1757425104179626,2.2860338257340023,-0.0
59040,-0.18521622108521882,2.286680209160173,-0.0
59050,-0.19470420585651035,2.287290911471385,-0.0
59060,-0.20420637184389898,2.287865786931544,-0.0
59070,-0.21372262501478248,2.2884046895208185,-0.0
59080,-0.22325287018348272,2.288907472942005,-0.0
59090,-0.23279701100283196,2.289373990626972,-0.0
59100,-0.2423549499557592,2.2898040957432233,-0.0
59110,-0.2519265883468779,2.290197641200559,-0.0
59120,-0.2615118262940744,2.290554479657837,-0.0
59130,-0.27111056272009987,2.2908744635298492,-0.0
59140,-0.2807226953441645,2.2911574449942878,-0.0
59150,-0.2903481206735382,2.2914032759988396,-0.0
59160,-0.29998673399515435,2.291611808268367,-0.0
59170,-0.3096384293672216,2.2917828933122117,-0.0
59180,-0.31930309961084147,2.291916382431595,-0.0
59190,-0.32898063630163565,2.292012126727138,-0.0
59200,-0.33867092976138224,2.292069977106486,-0.0
59210,-0.34837386904966183,2.292089784292049,-0.0
59220,-0.35808934195551495,2.2920713988288433,-0.0
59230,-0.3678172349891126,2.2920146710924563,-0.0
59240,-0.3775574333734394,2.291919451297117,-0.0
59250,-0.3873098210359926,2.291785589503888,-0.0
59260,-0.39707428060049554,2.2916129356289647,-0.0
59270,-0.4068506933786279,2.2914013394520856,-0.0
59280,-0.4166389393617752,2.2911506506250747,-0.0
59290,-0.42643889721279493,2.2908607186804777,-0.0
59300,-0.43625044425780696,2.2905313930403404,-0.0
59310,-0.4460734564780006,2.2901625230250806,-0.0
59320,-0.4559078085014675,2.289753957862492,-0.0
59330,-0.4657533735950581,2.28930554669687,-0.0
59340,-0.47561002365626115,2.2888171385982408,-0.0
59350,-0.4854776292051126,2.288288582571732,-0.0
59360,-0.49535605937612814,2.2877197275670387,-0.0
59370,-0.50524518191027,2.2871104224880447,-0.0
59380,-0.5151448631469384,2.2864605162025273,-0.0
59390,-0.5250549680159979,2.2857698575520153,-0.0
59400,-0.5349753600298355,2.2850382953617525,-0.0
59410,-0.5449059012754529,2.284265678450796,-0.0
59420,-0.5548464524065948,2.283451855642227,-0.0
59430,-0.5647968726359138,2.2825966757735023,-0.0
59440,-0.5747570197271721,2.2816999877069066,-0.0
59450,-0.584726749987488,2.280761640340168,-0.0
59460,-0.5947059182596163,2.2797814826171567,-0.0
59470,-0.6046943779142766,2.278759363538744,-0.0
59480,-0.6146919808425253,2.277695132173775,-0.0
59490,-0.6246985774481706,2.276588637670169,-0.0
59500,-0.6347140166402366,2.275439729266151,-0.0
59510,-0.6447381458254757,2.27424825630161,-0.0
59520,-0.6547708109009318,2.273014068229594,-0.0
59530,-0.6648118562465525,2.2717370146279183,-0.0
59540,-0.6748611247178591,2.2704169452109246,-0.0
59550,-0.6849184576386671,2.2690537098413563,-0.0
59560,-0.6949836947938656,2.2676471585423665,-0.0
59570,-0.7050566744222555,2.266197141509668,-0.0
59580,-0.7151372332094443,2.2647035091237973,-0.0
59590,-0.7252252062808059,2.263166111962527,-0.0
59600,-0.7353204271945022,2.2615848008134045,-0.0
59610,-0.7454227279345675,2.2599594266864194,-0.0
59620,-0.755531938904064,2.258289840826812,-0.0
59630,-0.7656478889182993,2.2565758947280057,-0.0
59640,-0.7757704051981215,2.254817440144685,-0.0
59650,-0.7858993133632789,2.2530143291059983,-0.0
59660,-0.7960344374258573,2.2511664139288934,-0.0
59670,-0.8061755997837913,2.2492735472315957,-0.0
59680,-0.8163226212144562,2.2473355819472216,-0.0
59690,-0.8264753208683298,2.245352371337509,-0.0
59700,-0.8366335162627477,2.2433237690067083,-0.0
59710,-0.8467970232757308,2.2412496289155905,-0.0
59720,-0.8569656561399027,2.239129805395596,-0.0
59730,-0.8671392274364912,2.236964153163118,-0.0
59740,-0.8773175480894208,2.2347525273339257,-0.0
59750,-0.8875004273594929,2.232494783437716,-0.0
59760,-0.8976876728386601,2.2301907774328065,-0.0
59770,-0.9078790904443939,2.2278403657209607,-0.0
59780,-0.9180744844141492,2.2254434051623537,-0.0
59790,-0.9282736572999246,2.2229997530906616,-0.0
59800,-0.9384764099629284,2.220509267328304,-0.0
59810,-0.94868254156834,2.2179718062018066,-0.0
59820,-0.9588918495801815,2.2153872285573084,-0.0
59830,-0.9691041297562931,2.212755393776203,-0.0
59840,-0.9793191761434145,2.2100761617909055,-0.0
59850,-0.989536781072383,2.2073493931007735,-0.0
59860,-0.9997567351534377,2.2045749487881428,-0.0
59870,-1.0099788272716417,2.201752690534508,-0.0
59880,-1.020202844582424,2.1988824806368434,-0.0
59890,-1.030428572507233,2.195964182024043,-0.0
59900,-1.0406557947293176,2.192997658273504,-0.0
59910,-1.0508842931896274,2.189982773627843,-0.0
59920,-1.061113848082845,2.1869193930117485,-0.0
59930,-1.071344237853535,2.183807382048953,-0.0
59940,-1.0815752391924347,2.1806466070793573,-0.0
59950,-1.0918066270328695,2.1774369351762695,-0.0
59960,-1.102038174547305,2.174178234163787,-0.0
59970,-1.1122696531440337,2.1708703726342984,-0.0
59980,-1.1225008324640064,2.167513219966133,-0.0
59990,-1.1327314803777975,2.164106646341321,-0.0
60000,-1.1429613629827182,2.1606505227634987,-0.0
60010,-1.153190244600074,2.1571447210759316,-0.0
60020,-1.1634178877725696,2.1535891139796726,-0.0
60030,-1.173644053261868,2.1499835750518463,-0.0
60040,-1.1838685000462938,2.1463279787640577,-0.0
60050,-1.1940909853187052,2.142622200500932,-0.0
60060,-1.2043112644845066,2.1388661165787726,-0.0
60070,-1.2145290911598339,2.1350596042643497,-0.0
60080,-1.2247442171698975,2.1312025417938116,-0.0
60090,-1.2349563925474878,2.1272948083917167,-0.0
60100,-1.2451653655316501,2.1233362842901884,-0.0
60110,-1.2553708825665282,2.119326850748193,-0.0
60120,-1.2655726883003795,2.115266390070937,-0.0
60130,-1.275770525584763,2.1111547856293806,-0.0
60140,-1.2859641354739022,2.1069919218798687,-0.0
60150,-1.296153257224236,2.102777684383891,-0.0
60160,-1.3063376282941368,2.098511959827939,-0.0
60170,-1.3165169843438194,2.094194636043488,-0.0
60180,-1.3266910592354422,2.0898256020271,-0.0
60190,-1.3368595850333838,2.08540474796062,-0.0
60200,-1.3470222920047195,2.080931965231501,-0.0
60210,-1.3571789086198875,2.0764071464532297,-0.0
60220,-1.3673291615535559,2.0718301854858625,-0.0
60230,-1.3774727756856784,2.0672009774566686,-0.0
60240,-1.3876094741027596,2.0625194187808766,-0.0
60250,-1.3977389780993181,2.057785407182531,-0.0
60260,-1.4078610071795608,2.052998841715446,-0.0
60270,-1.4179752790592552,2.048159622784259,-0.0
60280,-1.4280815096678212,2.0432676521655893,-0.0
60290,-1.4381794131506354,2.0383228330292913,-0.0
60300,-1.4482687018715426,2.0333250699598024,-0.0
60310,-1.458349086415594,2.028274268977591,-0.0
60320,-1.4684202755919984,2.023170337560687,-0.0
60330,-1.478481976437304,2.0180131846663154,-0.0
60340,-1.4885338942187947,2.0128027207526094,-0.0
60350,-1.4985757324381241,2.0075388578004163,-0.0
60360,-1.5086071928351699,2.002221509335183,-0.0
60370,-1.518627975392131,1.996850590448934,-0.0
60380,-1.5286377783378482,1.9914260178223209,-0.0
60390,-1.538636298152368,1.9859477097467526,-0.0
60400,-1.5486232295717461,1.980415586146611,-0.0
60410,-1.558598265593091,1.9748295686015334,-0.0
60420,-1.5685610974798487,1.969189580368765,-0.0
60430,-1.5785114147673427,1.9634955464055959,-0.0
60440,-1.5884489052685478,1.957747393391845,-0.0
60450,-1.5983732550801346,1.951945049752435,-0.0
60460,-1.6082841485887487,1.9460884456800067,-0.0
60470,-1.6181812684775574,1.940177513157611,-0.0
60480,-1.6280642957330491,1.9342121859814496,-0.0
60490,-1.6379329096520967,1.9281923997836834,-0.0
60500,-1.6477867878492778,1.922118092055276,-0.0
60510,-1.657625606264466,1.9159892021689073,-0.0
60520,-1.6674490391706835,1.9098056714019223,-0.0
60530,-1.6772567591822292,1.9035674429593334,-0.0
60540,-1.6870484372630692,1.8972744619968565,-0.0
60550,-1.6968237427355117,1.8909266756439986,-0.0
60560,-1.7065823432891485,1.8845240330271729,-0.0
60570,-1.7163239049900758,1.878066485292849,-0.0
60580,-1.7260480922904018,1.8715539856307428,-0.0
60590,-1.7357545680380289,1.8649864892970265,-0.0
60600,-1.7454429934867175,1.8583639536375607,-0.0
60610,-1.7551130283064456,1.8516863381111586,-0.0
60620,-1.7647643305940512,1.8449536043128674,-0.0
60630,-1.7743965568841618,1.8381657159972553,-0.0
60640,-1.7840093621604178,1.8313226391017228,-0.0
60650,-1.793602399866997,1.824424341769819,-0.0
60660,-1.8031753219204172,1.8174707943745578,-0.0
60670,-1.812727778721657,1.8104619695417494,-0.0
60680,-1.8222594191685637,1.8033978421733217,-0.0
60690,-1.8317698906685649,1.7962783894706384,-0.0
60700,-1.8412588391516793,1.7891035909578095,-0.0
60710,-1.8507259090838433,1.781873428504995,-0.0
60720,-1.860170743480532,1.7745878863516877,-0.0
60730,-1.869592983920695,1.76724695112998,-0.0
60740,-1.8789922705609963,1.7598506118878052,-0.0
60750,-1.888368242150374,1.7523988601121616,-0.0
60760,-1.8977205360449028,1.7448916897522928,-0.0
60770,-1.9070487882229803,1.7373290972428503,-0.0
60780,-1.9163526333008205,1.7297110815270027,-0.0
60790,-1.9256317045482694,1.7220376440795147,-0.0
60800,-1.9348856339049367,1.7143087889297723,-0.0
60810,-1.9441140519966515,1.7065245226847716,-0.0
60820,-1.9533165881522343,1.6986848545520346,-0.0
60830,-1.9624928704205902,1.6907897963624823,-0.0
60840,-1.9716425255881327,1.6828393625932412,-0.0
60850,-1.9807651791965277,1.674833570390385,-0.0
60860,-1.9898604555607593,1.6667724395915997,-0.0
60870,-1.99892797778753,1.6586559927487825,-0.0
60880,-2.007967367793987,1.6504842551505596,-0.0
60890,-2.016978246326769,1.642257254844713,-0.0
60900,-2.0259602329813973,1.6339750226605334,-0.0
60910,-2.0349129462219815,1.6256375922310662,-0.0
60920,-2.0438360034012693,1.6172450000152732,-0.0
60930,-2.0527290207810216,1.6087972853200838,-0.0
60940,-2.0615916135527184,1.600294490322344,-0.0
60950,-2.070423395858605,1.591736660090658,-0.0
60960,-2.07922398081307,1.5831238426071121,-0.0
60970,-2.0879929805243473,1.5744560887888728,-0.0
60980,-2.0967300061165695,1.5657334525096736,-0.0
60990,-2.1054346677521427,1.55695599062116,-0.0
61000,-2.1141065746544654,1.5481237629741078,-0.0
61010,-2.1227453351309737,1.5392368324394998,-0.0
61020,-2.1313505565965363,1.5302952649294603,-0.0
61030,-2.139921845597169,1.5212991294180382,-0.0
61040,-2.148458807834096,1.5122484979618402,-0.0
61050,-2.1569610481881463,1.503143445720504,-0.0
61060,-2.165428170744479,1.493984050977004,-0.0
61070,-2.1738597788176524,1.4847703951577984,-0.0
61080,-2.1822554749770218,1.4755025628527911,-0.0
61090,-2.19061486107248,1.4661806418351249,-0.0
61100,-2.19893753826052,1.456804723080782,-0.0
61110,-2.207223107030647,1.4473749007880048,-0.0
61120,-2.21547116723211,1.4378912723965154,-0.0
61130,-2.223681318100979,1.4283539386065391,-0.0
61140,-2.2318531582875454,1.418763003397625,-0.0
61150,-2.2399862858840565,1.4091185740472525,-0.0
61160,-2.248080298452782,1.3994207611492286,-0.0
61170,-2.2561347930544082,1.3896696786318576,-0.0
61180,-2.264149366276766,1.3798654437758957,-0.0
61190,-2.272123614263877,1.3700081772322654,-0.0
61200,-2.280057132745338,1.3600980030395384,-0.0
61210,-2.287949517066025,1.35013504864118,-0.0
61220,-2.295800362216111,1.3401194449025369,-0.0
61230,-2.3036092628614315,1.3300513261275861,-0.0
61240,-2.3113758133741413,1.3199308300754153,-0.0
61250,-2.3190996078637167,1.3097580979764476,-0.0
61260,-2.326780240208258,1.299533274548395,-0.0
61270,-2.3344173040861165,1.2892565080119387,-0.0
61280,-2.3420103930078318,1.2789279501061317,-0.0
61290,-2.3495591003483867,1.2685477561035166,-0.0
61300,-2.3570630193797624,1.25811608482495,-0.0
61310,-2.3645217433038117,1.247633098654137,-0.0
61320,-2.371934865285439,1.237098963551867,-0.0
61330,-2.3793019784860694,1.2265138490699334,-0.0
61340,-2.3866226760974376,1.215877928364752,-0.0
61350,-2.3938965513756623,1.205191378210657,-0.0
61360,-2.4011231976756253,1.1944543790128799,-0.0
61370,-2.4083022084856376,1.1836671148201947,-0.0
61380,-2.415433177462395,1.1728297733372308,-0.0
61390,-2.422515698466237,1.1619425459364583,-0.0
61400,-2.429549365596671,1.1510056276698133,-0.0
61410,-2.436533773228187,1.140019217279985,-0.0
61420,-2.443468516046354,1.1289835172113467,-0.0
61430,-2.4503531890841876,1.1178987336205235,-0.0
61440,-2.457187387758791,1.1067650763866002,-0.0
61450,-2.4639707079082673,1.0955827591209553,-0.0
61460,-2.470702745828892,1.0843519991767194,-0.0
61470,-2.4773830983125515,1.073073017657855,-0.0
61480,-2.484011362684441,1.0617460394278513,-0.0
61490,-2.490587136841008,1.0503712931180214,-0.0
61500,-2.4971100192881566,1.0389490111354112,-0.0
61510,-2.503579609179694,1.0274794296703027,-0.0
61520,-2.5099955063560166,1.0159627887033116,-0.0
61530,-2.5163573113830373,1.0043993320120725,-0.0
61540,-2.522664625591348,0.9927893071775094,-0.0
61550,-2.5289170511156005,0.9811329655896819,-0.0
61560,-2.535114190934134,0.969430562453208,-0.0
61570,-2.5412556489088005,0.9576823567922547,-0.0
61580,-2.5473410298250134,0.9458886114550871,-0.0
61590,-2.5533699394320215,0.9340495931181889,-0.0
61600,-2.559341984483356,0.9221655722899194,-0.0
61610,-2.5652567727775177,0.9102368233137379,-0.0
61620,-2.5711139131988303,0.8982636243709592,-0.0
61630,-2.5769130157584987,0.8862462574830575,-0.0
61640,-2.582653691635845,0.8741850085134998,-0.0
61650,-2.588335553219735,0.8620801671691163,-0.0
61660,-2.5939582141501725,0.849932027000994,-0.0
61670,-2.5995212893600548,0.8377408854048898,-0.0
61680,-2.605024395117113,0.8255070436211686,-0.0
61690,-2.61046714906599,0.8132308067342489,-0.0
61700,-2.6158491702704803,0.8009124836715603,-0.0
61710,-2.6211700792559123,0.7885523872020055,-0.0
61720,-2.6264294980516727,0.7761508339339235,-0.0
61730,-2.6316270502338677,0.7637081443125521,-0.0
61740,-2.636762360968102,0.7512246426169796,-0.0
61750,-2.6418350570523947,0.7387006569565905,-0.0
61760,-2.6468447669601867,0.7261365192669907,-0.0
61770,-2.651791120883491,0.7135325653054245,-0.0
61780,-2.6566737507761093,0.700889134645658,-0.0
61790,-2.661492290396975,0.6882065706723492,-0.0
61800,-2.666246375353555,0.6754852205748778,-0.0
61810,-2.6709356431453646,0.6627254353406542,-0.0
61820,-2.6755597332075274,0.6499275697478835,-0.0
61830,-2.6801182869544364,0.6370919823578007,-0.0
61840,-2.6846109478234386,0.6242190355063547,-0.0
61850,-2.68903736131861,0.6113090952953559,-0.0
61860,-2.6933971750545505,0.5983625315830716,-0.0
61870,-2.697690038800233,0.5853797179742737,-0.0
61880,-2.7019156045228803,0.5723610318097317,-0.0
61890,-2.706073526431864,0.5593068541551524,-0.0
61900,-2.710163461022628,0.5462175697895597,-0.0
61910,-2.7141850671206162,0.5330935671931157,-0.0
61920,-2.7181380059252045,0.5199352385343792,-0.0
61930,-2.722021941053623,0.5067429796569966,-0.0
61940,-2.7258365385848773,0.49351719006583167,-0.0
61950,-2.729581467103628,0.48025827291251955,-0.0
61960,-2.7332563977440616,0.46696663498045615,-0.0
61970,-2.736861004233715,0.4536426866692126,-0.0
61980,-2.740394962937252,0.44028684197837537,-0.0
61990,-2.743857952900194,0.4268995184908128,-0.0
62000,-2.7472496558925874,0.4134811373553632,-0.0
62010,-2.7505697564525957,0.40003212326894566,-0.0
62020,-2.7538179419300213,0.3865529044580924,-0.0
62030,-2.7569939025297407,0.3730439126598999,-0.0
62040,-2.7600973313550363,0.35950558310239933,-0.0
62050,-2.7631279244508438,0.34593835448434657,-0.0
62060,-2.766085380846868,0.3323426689544281,-0.0
62070,-2.7689694026005873,0.3187189720898845,-0.0
62080,-2.7717796948401414,0.30506771287455264,-0.0
62090,-2.77451596580706,0.29138934367632124,-0.0
62100,-2.777177926898869,0.2776843202240069,-0.0
62110,-2.7797652927115224,0.2639531015836427,-0.0
62120,-2.7822777810816905,0.2501961501341872,-0.0
62130,-2.7847151131288577,0.23641393154264745,-0.0
62140,-2.7870770132972593,0.22260691473862218,-0.0
62150,-2.7893632093976173,0.20877557188826176,-0.0
62160,-2.7915734326486796,0.194920378367647,-0.0
62170,-2.793707417718558,0.18104181273558867,-0.0
62180,-2.7957649027658493,0.16714035670584715,-0.0
62190,-2.797745629480533,0.15321649511877447,-0.0
62200,-2.7996493431246274,0.13927071591237905,-0.0
62210,-2.801475792572619,0.12530351009281618,-0.0
62220,-2.8032247303516327,0.11131537170430433,-0.0
62230,-2.804895912681347,0.09730679779846978,-0.0
62240,-2.8064890995136333,0.08327828840312103,-0.0
62250,-2.808004054571923,0.06923034649045569,-0.0
62260,-2.8094405453902915,0.05516347794470148,-0.0
62270,-2.8107983433522494,0.04107819152919409,-0.0
62280,-2.812077223729218,0.026974998852893842,-0.0
62290,-2.8132769657187024,0.012854414336344398,-0.0
62300,-2.814397352482144,-0.0012830448229239116,-0.0
62310,-2.8154381711824357,-0.015436858685543384,-0.0
62320,-2.816399213021109,-0.029606504606007472,-0.0
62330,-2.8172802732751605,-0.043791457268915465,-0.0
62340,-2.818081151333529,-0.05799118872575984,-0.0
62350,-2.8188016507332163,-0.07220516843225291,-0.0
62360,-2.8194415791950127,-0.08643286328618868,-0.0
62370,-2.820000748658862,-0.10067373766583651,-0.0
62380,-2.8204789753188213,-0.11492725346886232,-0.0
62390,-2.820876079657629,-0.12919287015177308,-0.0
62400,-2.8211918864808596,-0.1434700447698807,-0.0
62410,-2.821426224950664,-0.1577582320177803,-0.0
62420,-2.821578928619085,-0.17205688427033872,-0.0
62430,-2.8216498354609434,-0.18636545162418838,-0.0
62440,-2.8216387879062688,-0.20068338193972118,-0.0
62450,-2.8215456328722994,-0.21501012088357818,-0.0
62460,-2.821370221795005,-0.22934511197162885,-0.0
62470,-2.821112410660158,-0.24368779661243586,-0.0
62480,-2.8207720600339203,-0.25803761415119825,-0.0
62490,-2.8203490350929523,-0.27239400191416885,-0.0
62500,-2.81984320565403,-0.2867563952535393,-0.0
62510,-2.8192544462031637,-0.30112422759278673,-0.0
62520,-2.818582635924207,-0.31549693047247634,-0.0
62530,-2.8178276587269617,-0.32987393359651423,-0.0
62540,-2.8169894032747482,-0.3442546648788421,-0.0
62550,-2.8160677630114517,-0.35863855049056925,-0.0
62560,-2.815062636188037,-0.3730250149075352,-0.0
62570,-2.8139739258885137,-0.38741348095829486,-0.0
62580,-2.8128015400553457,-0.4018033698725193,-0.0
62590,-2.811545391514312,-0.4161941013298079,-0.0
62600,-2.810205397998795,-0.43058509350889984,-0.0
62610,-2.808781482173495,-0.44497576313728254,-0.0
62620,-2.807273571657571,-0.4593655255411859,-0.0
62630,-2.8056815990471895,-0.473753794695957,-0.0
62640,-2.8040055019374805,-0.488139983276806,-0.0
62650,-2.8022452229438946,-0.5025235027099164,-0.0
62660,-2.8004007097229606,-0.5169037632239124,-0.0
62670,-2.798471914992412,-0.5312801739016716,-0.0
62680,-2.796458796550715,-0.5456521427324798,-0.0
62690,-2.7943613172959627,-0.5600190766645177,-0.0
62700,-2.792179445244134,-0.5743803816576669,-0.0
62710,-2.789913153546722,-0.5887354627366348,-0.0
62720,-2.7875624205077183,-0.6030837240443813,-0.0
62730,-2.7851272295999494,-0.6174245688958455,-0.0
62740,-2.782607569480756,-0.6317573998319581,-0.0
62750,-2.780003434007017,-0.6460816186739337,-0.0
62760,-2.7773148222495068,-0.6603966265778316,-0.0
62770,-2.7745417385065894,-0.674701824089381,-0.0
62780,-2.7716841923172284,-0.6889966111990523,-0.0
62790,-2.768742198473323,-0.7032803873973728,-0.0
62800,-2.765715777031365,-0.7175525517304756,-0.0
62810,-2.7626049533234007,-0.7318125028558694,-0.0
62820,-2.759409757967302,-0.7460596390984211,-0.0
62830,-2.756130226876345,-0.7602933585065441,-0.0
62840,-2.752766401268086,-0.7745130589085774,-0.0
62850,-2.749318327672526,-0.7887181379693469,-0.0
62860,-2.745786057939582,-0.8029079932469046,-0.0
62870,-2.7421696492458323,-0.817082022249427,-0.0
62880,-2.7384691641005583,-0.8312396224922678,-0.0
62890,-2.734684670351056,-0.8453801915551519,-0.0
62900,-2.7308162411872376,-0.8595031271395042,-0.0
62910,-2.7268639551455074,-0.8736078271259,-0.0
62920,-2.7228278961118995,-0.8876936896316238,-0.0
62930,-2.7187081533245,-0.9017601130683323,-0.0
62940,-2.7145048213751375,-0.9158064961998085,-0.0
62950,-2.7102180002103236,-0.9298322381997907,-0.0
62960,-2.705847795131478,-0.9438367387098772,-0.0
62970,-2.701394316794399,-0.9578193978974826,-0.0
62980,-2.6968576812080065,-0.971779616513847,-0.0
62990,-2.6922380097323426,-0.9857167959520811,-0.0
63000,-2.68753542907582,-0.9996303383052337,-0.0
63010,-2.68275007129174,-1.0135196464243785,-0.0
63020,-2.677882073774057,-1.0273841239767023,-0.0
63030,-2.6729315792524035,-1.0412231755035881,-0.0
63040,-2.667898735786368,-1.0550362064786798,-0.0
63050,-2.6627836967590266,-1.0688226233659182,-0.0
63060,-2.6575866208697247,-1.0825818336775355,-0.0
63070,-2.652307672126123,-1.096313246032004,-0.0
63080,-2.646947019835482,-1.1100162702119163,-0.0
63090,-2.6415048385952153,-1.1236903172217987,-0.0
63100,-2.635981308282691,-1.1373347993458365,-0.0
63110,-2.630376614044288,-1.1509491302055082,-0.0
63120,-2.6246909462837036,-1.1645327248171076,-0.0
63130,-2.6189245006495376,-1.1780849996491585,-0.0
63140,-2.6130774780221113,-1.1916053726796922,-0.0
63150,-2.607150084499562,-1.205093263453391,-0.0
63160,-2.6011425313831884,-1.2185480931385786,-0.0
63170,-2.5950550351620736,-1.2319692845840546,-0.0
63180,-2.588887817496964,-1.2453562623757541,-0.0
63190,-2.5826411052034106,-1.2587084528932202,-0.0
63200,-2.576315130234194,-1.2720252843658917,-0.0
63210,-2.5699101296610114,-1.2853061869291793,-0.0
63220,-2.5634263456554467,-1.29855059268033,-0.0
63230,-2.556864025469207,-1.3117579357340627,-0.0
63240,-2.5502234214136563,-1.3249276522779703,-0.0
63250,-2.5435047908386204,-1.3380591806276718,-0.0
63260,-2.5367083961104835,-1.3511519612817056,-0.0
63270,-2.5298345045895863,-1.3642054369761596,-0.0
63280,-2.522883388606897,-1.377219052739012,-0.0
63290,-2.5158553254400076,-1.3901922559441928,-0.0
63300,-2.508750597288419,-1.4031244963653413,-0.0
63310,-2.5015694912481323,-1.4160152262292476,-0.0
63320,-2.494312299285561,-1.4288639002689858,-0.0
63330,-2.4869793182107527,-1.4416699757767013,-0.0
63340,-2.4795708496499422,-1.4544329126560729,-0.0
63350,-2.4720872000174183,-1.4671521734744097,-0.0
63360,-2.4645286804867337,-1.4798272235143966,-0.0
63370,-2.456895606961251,-1.4924575308254682,-0.0
63380,-2.449188300044023,-1.505042566274794,-0.0
63390,-2.4414070850070306,-1.5175818035978854,-0.0
63400,-2.4335522917597747,-1.5300747194487954,-0.0
63410,-2.425624254817226,-1.5425207934499099,-0.0
63420,-2.417623313267133,-1.5549195082413194,-0.0
63430,-2.4095498107367264,-1.5672703495297722,-0.0
63440,-2.4014040953587754,-1.5795728061371763,-0.0
63450,-2.3931865197370508,-1.5918263700486668,-0.0
63460,-2.384897440911166,-1.6040305364602108,-0.0
63470,-2.37653722032083,-1.6161848038257551,-0.0
63480,-2.368106223769499,-1.6282886739038955,-0.0
63490,-2.359604821387445,-1.6403416518040699,-0.0
63500,-2.3510333875942435,-1.6523432460322587,-0.0
63510,-2.3423923010606957,-1.6642929685361905,-0.0
63520,-2.3336819446701766,-1.6761903347500366,-0.0
63530,-2.3249027054794396,-1.688034863638599,-0.0
63540,-2.316054974678863,-1.6998260777409708,-0.0
63550,-2.3071391475521588,-1.7115635032136647,-0.0
63560,-2.2981556234355573,-1.7232466698732163,-0.0
63570,-2.2891048056764567,-1.7348751112382272,-0.0
63580,-2.279987101591565,-1.7464483645708666,-0.0
63590,-2.2708029224245294,-1.757965970917807,-0.0
63600,-2.2615526833030697,-1.7694274751505956,-0.0
63610,-2.2522368031956326,-1.7808324260054602,-0.0
63620,-2.242855704867542,-1.7921803761225172,-0.0
63630,-2.2334098148367016,-1.8034708820844083,-0.0
63640,-2.2238995633288168,-1.8147035044543374,-0.0
63650,-2.214325384232178,-1.8258778078135134,-0.0
63660,-2.204687715051985,-1.836993360797975,-0.0
63670,-2.194986996864245,-1.8480497361348165,-0.0
63680,-2.1852236742692455,-1.8590465106777898,-0.0
63690,-2.175398195344606,-1.869983265442288,-0.0
63700,-2.165511011597924,-1.8808595856396888,-0.0
63710,-2.1555625779190293,-1.8916750607110806,-0.0
63720,-2.1455533525318424,-1.902429284360334,-0.0
63730,-2.135483796945866,-1.9131218545865398,-0.0
63740,-2.1253543759072944,-1.9237523737157902,-0.0
63750,-2.115165557349783,-1.9343204484323104,-0.0
63760,-2.104917812344853,-1.9448256898089338,-0.0
63770,-2.0946116150519734,-1.9552677133369107,-0.0
63780,-2.084247442668301,-1.9656461389550475,-0.0
63790,-2.073825775378119,-1.975960591078186,-0.0
63800,-2.0633470963019502,-1.986210698624996,-0.0
63810,-2.0528118914453937,-1.9963960950451003,-0.0
63820,-2.0422206496476565,-2.0065164183455066,-0.0
63830,-2.031573862529822,-2.016571311116369,-0.0
63840,-2.0208720244428466,-2.0265604205560455,-0.0
63850,-2.0101156324153022,-2.03648339849548,-0.0
63860,-1.9993051861008777,-2.0463399014218813,-0.0
63870,-1.9884411877256363,-2.056129590501704,-0.0
63880,-1.9775241420350615,-2.065852131602942,-0.0
63890,-1.966554556240883,-2.075507195316711,-0.0
63900,-1.9555329399676966,-2.0850944569781276,-0.0
63910,-1.9444598051994033,-2.0946135966864983,-0.0
63920,-1.9333356662254575,-2.104064299324784,-0.0
63930,-1.922161039586942,-2.113446254578364,-0.0
63940,-1.9109364440224965,-2.1227591569530966,-0.0
63950,-1.8996624004140807,-2.132002705792662,-0.0
63960,-1.8883394317326085,-2.141176605295195,-0.0
63970,-1.8769680629834509,-2.150280564529211,-0.0
63980,-1.8655488211518176,-2.159314297448811,-0.0
63990,-1.8540822351480402,-2.168277522908184,-0.0
64000,-1.8425688357527468,-2.1771699646753846,-0.0
64010,-1.8310091555619599,-2.185991351445409,-0.0
64020,-1.8194037289321152,-2.194741416852547,-0.0
64030,-1.8077530919250149,-2.20341989948203,-0.0
64040,-1.79605778225273,-2.212026542880963,-0.0
64050,-1.784318339222447,-2.2205610955685366,-0.0
64060,-1.7725353036812987,-2.2290233110455464,-0.0
64070,-1.7607092179611563,-2.2374129478031843,-0.0
64080,-1.748840625823416,-2.2457297693311298,-0.0
64090,-1.7369300724037806,-2.253973544124933,-0.0
64100,-1.7249781041570478,-2.2621440456926862,-0.0
64110,-1.7129852688019196,-2.2702410525609986,-0.0
64120,-1.7009521152658345,-2.2782643482802603,-0.0
64130,-1.6888791936298402,-2.2862137214292106,-0.0
64140,-1.676767055073517,-2.2940889656188057,-0.0
64150,-1.6646162518199548,-2.301889879495391,-0.0
64160,-1.6524273370807971,-2.3096162667431717,-0.0
64170,-1.6402008650013677,-2.3172679360860062,-0.0
64180,-1.6279373906058827,-2.324844701288497,-0.0
64190,-1.6156374697427582,-2.3323463811564036,-0.0
64200,-1.6033016590300218,-2.339772799536362,-0.0
64210,-1.5909305158008513,-2.3471237853149414,-0.0
64220,-1.578524598049229,-2.354399172417011,-0.0
64230,-1.5660844643757337,-2.361598799803434,-0.0
64240,-1.553610673933479,-2.3687225114681008,-0.0
64250,-1.5411037863742063,-2.3757701564342866,-0.0
64260,-1.5285643617945364,-2.382741588750351,-0.0
64270,-1.5159929606823979,-2.389636667484784,-0.0
64280,-1.5033901438636357,-2.3964552567205977,-0.0
64290,-1.4907564724488043,-2.403197225549052,-0.0
64300,-1.4780925077801688,-2.4098624480627637,-0.0
64310,-1.4653988113789047,-2.4164508033481504,-0.0
64320,-1.4526759448925184,-2.4229621754772537,-0.0
64330,-1.4399244700424914,-2.429396453498923,-0.0
64340,-1.4271449485721568,-2.4357535314293766,-0.0
64350,-1.4143379421948201,-2.44203330824215,-0.0
64360,-1.4015040125421174,-2.448235687857401,-0.0
64370,-1.388643721112651,-2.4543605791306446,-0.0
64380,-1.3757576292208726,-2.460407895840849,-0.0
64390,-1.3628462979462441,-2.466377556677943,-0.0
64400,-1.34991028808269,-2.4722694852297407,-0.0
64410,-1.3369501600883207,-2.4780836099682597,-0.0
64420,-1.3239664740354642,-2.483819864235464,-0.0
64430,-1.3109597895609972,-2.4894781862284363,-0.0
64440,-1.2979306658169885,-2.495058518983971,-0.0
64450,-1.2848796614216549,-2.5005608103626074,-0.0
64460,-1.2718073344106506,-2.5059850130321033,-0.0
64470,-1.2587142421886772,-2.5113310844503545,-0.0
64480,-1.2456009414814433,-2.516598986847771,-0.0
64490,-1.2324679882879612,-2.5217886872091206,-0.0
64500,-1.2193159378331977,-2.5269001572548193,-0.0
64510,-1.2061453445210844,-2.5319333734217233,-0.0
64520,-1.1929567618878874,-2.536888316843377,-0.0
64530,-1.1797507425559544,-2.541764973329767,-0.0
64540,-1.1665278381878321,-2.5465633333465596,-0.0
64550,-1.1532885994407667,-2.5512833919938376,-0.0
64560,-1.1400335759215943,-2.5559251489843566,-0.0
64570,-1.1267633161420239,-2.560488608621308,-0.0
64580,-1.1134783674743207,-2.5649737797756087,-0.0
64590,-1.1001792761073894,-2.5693806758627145,-0.0
64600,-1.0868665870032712,-2.573709314818974,-0.0
64610,-1.0735408438540537,-2.5779597190775285,-0.0
64620,-1.0602025890392013,-2.582131915543762,-0.0
64630,-1.0468523635833071,-2.5862259355703054,-0.0
64640,-1.0334907071142787,-2.5902418149316158,-0.0
64650,-1.0201181578219518,-2.5941795937981222,-0.0
64660,-1.0067352524171458,-2.5980393167099507,-0.0
64670,-0.9933425260911595,-2.601821032550249,-0.0
64680,-0.9799405124757147,-2.605524794518096,-0.0
64690,-0.9665297436033482,-2.609150660101025,-0.0
64700,-0.953110749868258,-2.612698691047144,-0.0
64710,-0.9396840599876104,-2.616168953336896,-0.0
64720,-0.9262502009633035,-2.619561517154428,-0.0
64730,-0.9128096980442006,-2.622876456858606,-0.0
64740,-0.8993630746888257,-2.626113850953659,-0.0
64750,-0.8859108525285396,-2.6292737820594994,-0.0
64760,-0.8724535513311791,-2.632356336881668,-0.0
64770,-0.8589916889651821,-2.6353616061809713,-0.0
64780,-0.8455257813641894,-2.638289684742779,-0.0
64790,-0.8320563424921292,-2.6411406713460077,-0.0
64800,-0.8185838843087869,-2.6439146687317923,-0.0
64810,-0.8051089167358628,-2.6466117835718537,-0.0
64820,-0.7916319476235207,-2.649232126436578,-0.0
64830,-0.7781534827174252,-2.6517758117627945,-0.0
64840,-0.7646740256262773,-2.6542429578212947,-0.0
64850,-0.7511940777898419,-2.6566336866840583,-0.0
64860,-0.7377141384474756,-2.658948124191231,-0.0
64870,-0.7242347046071498,-2.6611863999178373,-0.0
64880,-0.710756271014981,-2.663348647140254,-0.0
64890,-0.6972793301252558,-2.6654350028024316,-0.0
64900,-0.6838043720709635,-2.6674456074818957,-0.0
64910,-0.6703318846348317,-2.669380605355516,-0.0
64920,-0.6568623532208663,-2.671240144165055,-0.0
64930,-0.6433962608263996,-2.6730243751825222,-0.0
64940,-0.6299340880146426,-2.6747334531753073,-0.0
64950,-0.6164763128877464,-2.6763675363711337,-0.0
64960,-0.6030234110603722,-2.677926786422823,-0.0
64970,-0.5895758556337662,-2.6794113683728717,-0.0
64980,-0.5761341171703468,-2.680821450617871,-0.0
64990,-0.5626986636687985,-2.6821572048727518,-0.0
65000,-0.5492699605396736,-2.683418806134875,-0.0
65010,-0.5358484705815053,-2.6846064326479824,-0.0
65020,-0.5224346539574266,-2.685720265865998,-0.0
65030,-0.5090289681722976,-2.6867604904166917,-0.0
65040,-0.4956318680503413,-2.687727294065226,-0.0
65050,-0.4822438057132862,-2.688620867677582,-0.0
65060,-0.46886523055901475,-2.689441405183869,-0.0
65070,-0.4554965892407167,-2.690189103541525,-0.0
65080,-0.44213832564655126,-2.690864162698441,-0.0
65090,-0.4287908808798066,-2.6914667855559644,-0.0
65100,-0.4154546932395689,-2.6919971779318477,-0.0
65110,-0.4021301982018879,-2.6924555485230988,-0.0
65120,-0.38881782840144546,-2.6928421088687786,-0.0
65130,-0.37551801361372245,-2.6931570733127246,-0.0
65140,-0.3622311807376627,-2.693400658966221,-0.0
65150,-0.3489577537788348,-2.693573085670632,-0.0
65160,-0.3356981538330854,-2.6936745759599745,-0.0
65170,-0.3224527990706873,-2.6937053550234635,-0.0
65180,-0.3092221047209788,-2.6936656506680423,-0.0
65190,-0.29600648305748894,-2.693555693280862,-0.0
65200,-0.28280634338355326,-2.693375715791771,-0.0
65210,-0.26962209201841236,-2.6931259536357834,-0.0
65220,-0.25645413228379327,-2.6928066447155476,-0.0
65230,-0.24330286449097202,-2.6924180293638154,-0.0
65240,-0.23016868592831338,-2.691960350305923,-0.0
65250,-0.21705199084928714,-2.6914338526222914,-0.0
65260,-0.20395317046095682,-2.6908387837109378,-0.0
65270,-0.1908726129129399,-2.690175393250031,-0.0
65280,-0.17781070328683532,-2.689443933160467,-0.0
65290,-0.16476782358611636,-2.688644657568484,-0.0
65300,-0.15174435272648643,-2.6877778227683375,-0.0
65310,-0.13874066652669478,-2.6868436871850156,-0.0
65320,-0.12575713769980773,-2.6858425113370066,-0.0
65330,-0.11279413584493497,-2.6847745577991384,-0.0
65340,-0.09985202743940631,-2.683640091165488,-0.0
65350,-0.08693117583139562,-2.6824393780123525,-0.0
65360,-0.0740319412329897,-2.681172686861313,-0.0
65370,-0.06115468071369821,-2.67984028814237,-0.0
65380,-0.04829974819440141,-2.6784424541571723,-0.0
65390,-0.03546749444173303,-2.6769794590423537,-0.0
65400,-0.022658267062893596,-2.675451578732942,-0.0
65410,-0.009872410500892251,-2.6738590909258986,-0.0
65420,0.0028897339697876055,-2.6722022750437526,-0.0
65430,0.015627828247101832,-2.670481412198357,-0.0
65440,0.028341537404941917,-2.6686967851547543,-0.0
65450,0.041030529696217954,-2.6668486782951786,-0.0
65460,0.05369447655553174,-2.6649373775831733,-0.0
65470,0.06633305260144395,-2.6629631705278505,-0.0
65480,0.07894593563833906,-2.660926346148286,-0.0
65490,0.09153280665789164,-2.658827194938051,-0.0
65500,0.10409334984013814,-2.6566660088298892,-0.0
65510,0.11662725255415823,-2.6544430811605544,-0.0
65520,0.1291342053583692,-2.6521587066357957,-0.0
65530,0.14161390200043722,-2.6498131812954893,-0.0
65540,0.1540660394168105,-2.6474068024789554,-0.0
65550,0.1664903177318772,-2.644939868790421,-0.0
65560,0.1788864402567524,-2.642412680064659,-0.0
65570,0.19125411348769955,-2.639825537332811,-0.0
65580,0.20359304710418794,-2.6371787427883624,-0.0
65590,0.21590295396659304,-2.63447259975333,-0.0
65600,0.22818355011354155,-2.6317074126445976,-0.0
65610,0.2404345547589076,-2.628883486940477,-0.0
65620,0.2526556902884625,-2.6260011291474274,-0.0
65630,0.2648466822561825,-2.6230606467669837,-0.0
65640,0.2770072593802201,-2.6200623482628846,-0.0
65650,0.2891371535385421,-2.6170065430283938,-0.0
65660,0.30123609976423826,-2.613893541353822,-0.0
65670,0.31330383624050595,-2.610723654394264,-0.0
65680,0.32534010429531457,-2.6074971941375353,-0.0
65690,0.3373446483957547,-2.6042144733723327,-0.0
65700,0.34931721614207406,-2.600875805656591,-0.0
65710,0.36125755826140815,-2.5974815052860714,-0.0
65720,0.3731654286012072,-2.5940318872631636,-0.0
65730,0.3850405841223642,-2.590527267265909,-0.0
65740,0.39688278489204976,-2.5869679616172516,-0.0
65750,0.4086917940762569,-2.583354287254511,-0.0
65760,0.42046737793205996,-2.579686561699087,-0.0
65770,0.4322093057995931,-2.575965103026392,-0.0
65780,0.4439173500937516,-2.572190229836019,-0.0
65790,0.45559128629562184,-2.5683622612221466,-0.0
65800,0.4672308929436421,-2.5644815167441717,-0.0
65810,0.47883595162450066,-2.5605483163975906,-0.0
65820,0.490406246963775,-2.556562980585118,-0.0
65830,0.501941566616316,-2.552525830088046,-0.0
65840,0.5134417012563802,-2.5484371860378445,-0.0
65850,0.5249064445675188,-2.544297369888014,-0.0
65860,0.5363355932322219,-2.5401067033861797,-0.0
65870,0.5477289469213279,-2.535865508546435,-0.0
65880,0.559086308283199,-2.53157410762194,-0.0
65890,0.5704074829326663,-2.5272328230777594,-0.0
65900,0.5816922794397519,-2.522841977563962,-0.0
65910,0.5929405093181723,-2.5184018938889725,-0.0
65920,0.604151987013623,-2.513912894993178,-0.0
65930,0.6153265298918523,-2.5093753039227824,-0.0
65940,0.6264639582265288,-2.504789443803924,-0.0
65950,0.6375640951869056,-2.5001556378170586,-0.0
65960,0.6486267668252833,-2.495474209171578,-0.0
65970,0.6596518020642826,-2.4907454810807135,-0.0
65980,0.6706390326839201,-2.4859697767366766,-0.0
65990,0.6815882933085051,-2.481147419286081,-0.0
66000,0.6924994213933482,-2.4762787318056083,-0.0
66010,0.7033722572112938,-2.4713640372779433,-0.0
66020,0.7142066438390801,-2.466403658567972,-0.0
66030,0.7250024271435255,-2.4613979183992347,-0.0
66040,0.7357594557675543,-2.456347139330661,-0.0
66050,0.7464775811160538,-2.451251643733534,-0.0
66060,0.7571566573415816,-2.4461117537687618,-0.0
66070,0.7677965413299115,-2.440927791364371,-0.0
66080,0.7783970926854333,-2.4357000781932916,-0.0
66090,0.7889581737164081,-2.430428935651396,-0.0
66100,0.7994796494200771,-2.425114684835802,-0.0
66110,0.809961387467635,-2.4197576465234367,-0.0
66120,0.8204032581890713,-2.414358141149879,-0.0
66130,0.8308051345578749,-2.408916488788442,-0.0
66140,0.8411668921756177,-2.403433009129542,-0.0
66150,0.8514884092564137,-2.39790802146032,-0.0
66160,0.8617695666112573,-2.3923418446445246,-0.0
66170,0.8720102476322488,-2.3867347971026662,-0.0
66180,0.8822103382767043,-2.3810871967924223,-0.0
66190,0.8923697270511629,-2.3753993611893214,-0.0
66200,0.9024883049952838,-2.36967160726767,-0.0
66210,0.912565965665647,-2.3639042514817556,-0.0
66220,0.9226026051194539,-2.3580976097473063,-0.0
66230,0.9325981218981347,-2.352251997423206,-0.0
66240,0.9425524170108669,-2.3463677292934757,-0.0
66250,0.9524653939180053,-2.340445119549514,-0.0
66260,0.9623369585144268,-2.3344844817725856,-0.0
66270,0.972167019112803,-2.3284861289165875,-0.0
66280,0.9819554864267842,-2.3224503732910486,-0.0
66290,0.9917022735541223,-2.316377526544409,-0.0
66300,1.0014072959597142,-2.3102678996475348,-0.0
66310,1.011070471458583,-2.3041218028774977,-0.0
66320,1.0206917201987946,-2.2979395458016074,-0.0
66330,1.0302709646443178,-2.2917214372617036,-0.0
66340,1.0398081295578177,-2.2854677853586765,-0.0
66350,1.0493031419834056,-2.2791788974372693,-0.0
66360,1.058755931229331,-2.272855080071105,-0.0
66370,1.06816642885063,-2.2664966390479804,-0.0
66380,1.077534568631726,-2.260103879355395,-0.0
66390,1.0868602865689887,-2.2536771051663314,-0.0
66400,1.0961435208532562,-2.247216619825283,-0.0
66410,1.1053842118523176,-2.240722725834523,-0.0
66420,1.1145823020933692,-2.234195724840621,-0.0
66430,1.123737736245431,-2.227635917621195,-0.0
66440,1.132850461101743,-2.2210436040719066,-0.0
66450,1.1419204255621331,-2.214419083193701,-0.0
66460,1.1509475806153666,-2.207762653080278,-0.0
66470,1.1599318793214706,-2.2010746109058013,-0.0
66480,1.1688732767940475,-2.194355252912847,-0.0
66490,1.1777717301825719,-2.187604874400581,-0.0
66500,1.1866271986546768,-2.1808237697131787,-0.0
66510,1.1954396433784285,-2.174012232228459,-0.0
66520,1.2042090275045993,-2.1671705543467645,-0.0
66530,1.212935316148934,-2.1602990274800677,-0.0
66540,1.221618476374413,-2.1533979420412916,-0.0
66550,1.230258477173522,-2.1464675874338726,-0.0
66560,1.23885528945052,-2.1395082520415376,-0.0
66570,1.2474088860037127,-2.132520223218303,-0.0
66580,1.2559192415077398,-2.125503787278701,-0.0
66590,1.2643863324958649,-2.118459229488222,-0.0
66600,1.2728101373422849,-2.111386834053972,-0.0
66610,1.2811906362444487,-2.1042868841155515,-0.0
66620,1.2895278112053963,-2.0971596617361477,-0.0
66630,1.2978216460161125,-2.0900054478938315,-0.0
66640,1.3060721262379102,-2.0828245224730852,-0.0
66650,1.314279239184826,-2.0756171642565198,-0.0
66660,1.3224429739060493,-2.0683836509168096,-0.0
66670,1.330563321168374,-2.0611242590088357,-0.0
66680,1.3386402734386824,-2.05383926396203,-0.0
66690,1.3466738248664565,-2.046528940072924,-0.0
66700,1.3546639712663262,-2.0391935604978975,-0.0
66710,1.3626107101006497,-2.0318333972461327,-0.0
66720,1.3705140404621292,-2.0244487211727575,-0.0
66730,1.3783739630564698,-2.017039801972195,-0.0
66740,1.386190480185072,-2.0096069081716976,-0.0
66750,1.393963595727774,-2.0021503071250866,-0.0
66760,1.4016933151256277,-1.9946702650066688,-0.0
66770,1.409379645363728,-1.987167046805354,-0.0
66780,1.4170225949540864,-1.9796409163189568,-0.0
66790,1.4246221739185494,-1.972092136148679,-0.0
66800,1.4321783937717742,-1.964520967693789,-0.0
66810,1.4396912675042468,-1.9569276711464683,-0.0
66820,1.447160809565359,-1.9493125054868494,-0.0
66830,1.4545870358465403,-1.9416757284782322,-0.0
66840,1.4619699636644408,-1.9340175966624717,-0.0
66850,1.4693096117441755,-1.9263383653555475,-0.0
66860,1.4766060002026233,-1.9186382886433002,-0.0
66870,1.483859150531791,-1.910917619377349,-0.0
66880,1.4910690855822366,-1.9031766091711746,-0.0
66890,1.498235829546546,-1.8954155083963635,-0.0
66900,1.5053594079428902,-1.8876345661790324,-0.0
66910,1.5124398475986343,-1.8798340303964098,-0.0
66920,1.5194771766340165,-1.8720141476735805,-0.0
66930,1.526471424445895,-1.8641751633803934,-0.0
66940,1.5334226216915636,-1.8563173216285276,-0.0
66950,1.5403308002726344,-1.8484408652687205,-0.0
66960,1.5471959933189892,-1.8405460358881403,-0.0
66970,1.554018235172813,-1.8326330738079315,-0.0
66980,1.5607975613726863,-1.8247022180808958,-0.0
66990,1.5675340086377594,-1.8167537064893318,-0.0
67000,1.5742276148519965,-1.8087877755430195,-0.0
67010,1.5808784190485,-1.800804660477361,-0.0
67020,1.58748646139391,-1.7928045952516571,-0.0
67030,1.5940517831728742,-1.7847878125475292,-0.0
67040,1.6005744267726056,-1.776754543767487,-0.0
67050,1.6070544356675118,-1.7687050190336355,-0.0
67060,1.6134918544039092,-1.7606394671865182,-0.0
67070,1.6198867285848129,-1.752558115784099,-0.0
67080,1.6262391048548093,-1.7444611911008778,-0.0
67090,1.6325490308850141,-1.736348918127143,-0.0
67100,1.6388165553581087,-1.728221520568352,-0.0
67110,1.645041727953456,-1.7200792208446394,-0.0
67120,1.6512245993323134,-1.7119222400904617,-0.0
67130,1.657365221123117,-1.7037507981543636,-0.0
67140,1.6634636459068561,-1.6955651135988656,-0.0
67150,1.6695199272025336,-1.6873654037004815,-0.0
67160,1.6755341194527134,-1.6791518844498556,-0.0
67170,1.6815062780091503,-1.6709247705520145,-0.0
67180,1.6874364591185147,-1.662684275426747,-0.0
67190,1.6933247199081962,-1.654430611209091,-0.0
67200,1.699171118372203,-1.6461639887499422,-0.0
67210,1.7049757133571446,-1.6378846176167714,-0.0
67220,1.7107385645483084,-1.6295927060944575,-0.0
67230,1.716459732455821,-1.6212884611862264,-0.0
67240,1.7221392784009026,-1.6129720886147025,-0.0
67250,1.7277772645022118,-1.6046437928230657,-0.0
67260,1.7333737536622782,-1.5963037769763115,-0.0
67270,1.7389288095540298,-1.587952242962619,-0.0
67280,1.744442496607406,-1.5795893913948151,-0.0
67290,1.7499148799960735,-1.5712154216119496,-0.0
67300,1.7553460256242173,-1.5628305316809559,-0.0
67310,1.7607360001134384,-1.5544349183984207,-0.0
67320,1.7660848707897365,-1.5460287772924426,-0.0
67330,1.7713927056705876,-1.5376123026245907,-0.0
67340,1.7766595734521122,-1.5291856873919492,-0.0
67350,1.7818855434963423,-1.5207491233292645,-0.0
67360,1.7870706858185696,-1.512302800911167,-0.0
67370,1.7922150710748002,-1.5038469093544955,-0.0
67380,1.7973187705492977,-1.495381636620704,-0.0
67390,1.8023818561422127,-1.4869071694183482,-0.0
67400,1.8074044003573186,-1.478423693205667,-0.0
67410,1.8123864762898296,-1.4699313921932358,-0.0
67420,1.8173281576143214,-1.461430449346711,-0.0
67430,1.8222295185727373,-1.4529210463896456,-0.0
67440,1.8270906339624966,-1.444403363806391,-0.0
67450,1.8319115791246896,-1.4358775808450708,-0.0
67460,1.8366924299323715,-1.4273438755206325,-0.0
67470,1.8414332627789447,-1.4188024246179713,-0.0
67480,1.8461341545666423,-1.4102534036951313,-0.0
67490,1.8507951826951012,-1.4016969870865768,-0.0
67500,1.8554164250500234,-1.3931333479065267,-0.0
67510,1.8599979599919438,-1.3845626580523716,-0.0
67520,1.864539866345081,-1.3759850882081486,-0.0
67530,1.8690422233862851,-1.3674008078480835,-0.0
67540,1.8735051108340783,-1.3588099852402018,-0.0
67550,1.877928608837792,-1.3502127874500014,-0.0
67560,1.8823127979667926,-1.3416093803441889,-0.0
67570,1.8866577591998015,-1.3329999285944736,-0.0
67580,1.890963573914311,-1.3243845956814297,-0.0
67590,1.8952303238760886,-1.3157635438984074,-0.0
67600,1.8994580912287773,-1.3071369343555088,-0.0
67610,1.9036469584835887,-1.29850492698362,-0.0
67620,1.9077970085090818,-1.289867680538492,-0.0
67630,1.9119083245210449,-1.2812253526048856,-0.0
67640,1.9159809900724574,-1.2725780996007598,-0.0
67650,1.9200150890435537,-1.263926076781519,-0.0
67660,1.9240107056319697,-1.2552694382443053,-0.0
67670,1.9279679243429908,-1.2466083369323475,-0.0
67680,1.9318868299798777,-1.2379429246393505,-0.0
67690,1.9357675076342917,-1.2292733520139347,-0.0
67700,1.9396100426768124,-1.2205997685641272,-0.0
67710,1.9434145207475368,-1.2119223226618892,-0.0
67720,1.9471810277467743,-1.2032411615476926,-0.0
67730,1.9509096498258351,-1.1945564313351424,-0.0
67740,1.954600473377892,-1.18586827701563,-0.0
67750,1.9582535850289537,-1.177176842463042,-0.0
67760,1.9618690716289071,-1.1684822704384965,-0.0
67770,1.9654470202426606,-1.1597847025951273,-0.0
67780,1.968987518141365,-1.151084279482897,-0.0
67790,1.9724906527937371,-1.142381140553459,-0.0
67800,1.9759565118574525,-1.1336754241650415,-0.0
67810,1.9793851831706384,-1.1249672675873765,-0.0
67820,1.9827767547434494,-1.1162568070066596,-0.0
67830,1.9861313147497281,-1.1075441775305432,-0.0
67840,1.9894489515187521,-1.0988295131931585,-0.0
67850,1.9927297535270687,-1.0901129469601742,-0.0
67860,1.9959738093904125,-1.0813946107338819,-0.0
67870,1.999181207855711,-1.0726746353583125,-0.0
67880,2.0023520377931674,-1.0639531506243773,-0.0
67890,2.005486388188438,-1.0552302852750444,-0.0
67900,2.0085843481348835,-1.046506167010532,-0.0
67910,2.01164600682591,-1.037780922493536,-0.0
67920,2.01467145354739,-1.0290546773544775,-0.0
67930,2.017660777670169,-1.0203275561967788,-0.0
67940,2.0206140686426464,-1.0115996826021565,-0.0
67950,2.023531415983447,-1.0028711791359421,-0.0
67960,2.026412909274168,-0.9941421673524239,-0.0
67970,2.029258638152212,-0.9854127678002091,-0.0
67980,2.0320686923036955,-0.9766831000276057,-0.0
67990,2.034843161456436,-0.9679532825880225,-0.0
68000,2.037582135373026,-0.9592234330453915,-0.0
68010,2.0402857038439812,-0.9504936679796059,-0.0
68020,2.042953956680963,-0.9417641029919737,-0.0
68030,2.0455869837100886,-0.9330348527106903,-0.0
68040,2.048184874765316,-0.9243060307963288,-0.0
68050,2.0507477196818993,-0.9155777499473375,-0.0
68060,2.053275608289926,-0.9068501219055599,-0.0
68070,2.0557686304079366,-0.8981232574617652,-0.0
68080,2.0582268758366067,-0.88939726646119,-0.0
68090,2.0606504343525196,-0.8806722578090969,-0.0
68100,2.063039395701999,-0.8719483394763383,-0.0
68110,2.0653938495950293,-0.8632256185049382,-0.0
68120,2.0677138856992414,-0.854504201013679,-0.0
68130,2.069999593633976,-0.8457841922036996,-0.0
68140,2.0722510629644164,-0.837065696364105,-0.0
68150,2.0744683831958013,-0.8283488168775808,-0.0
68160,2.0766516437677027,-0.8196336562260178,-0.0
68170,2.078800934048376,-0.8109203159961438,-0.0
68180,2.080916343329185,-0.8022088968851594,-0.0
68190,2.082997960819096,-0.7934994987063858,-0.0
68200,2.085045875639244,-0.7847922203949128,-0.0
68210,2.0870601768175616,-0.7760871600132533,-0.0
68220,2.0890409532834897,-0.7673844147570044,-0.0
68230,2.090988293862742,-0.7586840809605081,-0.0
68240,2.092902287272151,-0.7499862541025214,-0.0
68250,2.0947830221145765,-0.7412910288118851,-0.0
68260,2.09663058687388,-0.732598498873195,-0.0
68270,2.098445069909967,-0.7239087572324773,-0.0
68280,2.1002265594539007,-0.7152218960028642,-0.0
68290,2.101975143603072,-0.7065380064702704,-0.0
68300,2.103690910316444,-0.69785717909907,-0.0
68310,2.1053739474098583,-0.6891795035377747,-0.0
68320,2.1070243425514046,-0.6805050686247096,-0.0
68330,2.108642183256855,-0.6718339623936898,-0.0
68340,2.110227556885165,-0.6631662720796949,-0.0
68350,2.1117805506340295,-0.6545020841245411,-0.0
68360,2.1133012515355136,-0.6458414841825539,-0.0
68370,2.114789746451734,-0.6371845571262339,-0.0
68380,2.1162461220706072,-0.6285313870519232,-0.0
68390,2.1176704649016647,-0.619882057285468,-0.0
68400,2.1190628612719147,-0.6112366503878747,-0.0
68410,2.1204233973217783,-0.6025952481609661,-0.0
68420,2.121752159001071,-0.5939579316530266,-0.0
68430,2.1230492320650676,-0.5853247811644526,-0.0
68440,2.1243147020705955,-0.5766958762533868,-0.0
68450,2.125548654372205,-0.568071295741353,-0.0
68460,2.1267511741183993,-0.5594511177188844,-0.0
68470,2.12792234624791,-0.5508354195511445,-0.0
68480,2.1290622554860374,-0.5422242778835399,-0.0
68490,2.13017098634105,-0.5336177686473318,-0.0
68500,2.1312486231006287,-0.5250159670652317,-0.0
68510,2.13229524982838,-0.5164189476569973,-0.0
68520,2.133310950360393,-0.5078267842450155,-0.0
68530,2.1342958083018617,-0.4992395499598799,-0.0
68540,2.1352499070237525,-0.4906573172459586,-0.0
68550,2.1361733296595267,-0.4820801578669528,-0.0
68560,2.1370661591019213,-0.4735081429114471,-0.0
68570,2.137928477999781,-0.4649413427984509,-0.0
68580,2.1387603687549377,-0.4563798272829292,-0.0
68590,2.1395619135191484,-0.4478236654613237,-0.0
68600,2.14033319419108,-0.4392729257770638,-0.0
68610,2.1410742924133466,-0.43072767602606743,-0.0
68620,2.1417852895695995,-0.422187983362232,-0.0
68630,2.1424662667816645,-0.41365391430291226,-0.0
68640,2.143117304906727,-0.4051255347343892,-0.0
68650,2.143738484534575,-0.396602909917327,-0.0
68660,2.1443298859848805,-0.38808610449221803,-0.0
68670,2.144891589304535,-0.37957518248481636,-0.0
68680,2.14542367426503,-0.3710702073115593,-0.0
68690,2.1459262203598946,-0.3625712417849771,-0.0
68700,2.1463993068021607,-0.35407834811908956,-0.0
68710,2.1468430125218956,-0.3455915879347906,-0.0
68720,2.147257416163768,-0.33711102226522016,-0.0
68730,2.1476425960846672,-0.3286367115611232,-0.0
68740,2.14799863035136,-0.32016871569619476,-0.0
68750,2.1483255967381973,-0.3117070939724126,-0.0
68760,2.148623572724865,-0.30325190512535605,-0.0
68770,2.148892635494185,-0.2948032073295126,-0.0
68780,2.149132861929945,-0.2863610582035678,-0.0
68790,2.1493443286147853,-0.2779255148156836,-0.0
68800,2.1495271118281187,-0.26949663368876225,-0.0
68810,2.1496812875441096,-0.26107447080569623,-0.0
68820,2.149806931429668,-0.2526590816146019,-0.0
68830,2.149904118842514,-0.24425052103404157,-0.0
68840,2.1499729248292594,-0.23584884345822862,-0.0
68850,2.150013424123555,-0.2274541027622198,-0.0
68860,2.150025691144249,-0.21906635230709073,-0.0
68870,2.1500097999936134,-0.210685644945098,-0.0
68880,2.149965824455592,-0.2023120330248255,-0.0
68890,2.1498938379940973,-0.19394556839631588,-0.0
68900,2.149793913751342,-0.18558630241618673,-0.0
68910,2.1496661245462096,-0.17723428595273064,-0.0
68920,2.149510542872663,-0.1688895693910009,-0.0
68930,2.1493272408981965,-0.16055220263788114,-0.0
68940,2.1491162904623153,-0.1522222351271392,-0.0
68950,2.1488777630750637,-0.14389971582446553,-0.0
68960,2.1486117299155767,-0.1355846932324954,-0.0
68970,2.1483182618306826,-0.12727721539581585,-0.0
68980,2.1479974293335315,-0.11897732990595618,-0.0
68990,2.1476493026022623,-0.1106850839063625,-0.0
69000,2.1472739514787076,-0.10240052409735653,-0.0
69010,2.146871445467128,-0.09412369674107769,-0.0
69020,2.1464418537329886,-0.0858546476664096,-0.0
69030,2.145985245101765,-0.07759342227388985,-0.0
69040,2.1455016880577826,-0.0693400655406038,-0.0
69050,2.144991250743091,-0.061094622025061704,-0.0
69060,2.1444540009563755,-0.05285713587205986,-0.0
69070,2.1438900061518944,-0.04462765081752487,-0.0
69080,2.1432993334384567,-0.036406210193341816,-0.0
69090,2.142682049578424,-0.028192856932165646,-0.0
69100,2.142038220986749,-0.019987633572216165,-0.0
69110,2.1413679137300496,-0.011790582262056454,-0.0
69120,2.140671193525709,-0.0036017447653546916,-0.0
69130,2.139948125741001,0.00457883753437071,-0.0
69140,2.1391987753922637,0.012751123629022495,-0.0
69150,2.138423207144087,0.020915072881212683,-0.0
69160,2.137621485308537,0.02907064501956731,-0.0
69170,2.136793673844412,0.037217800134047886,-0.0
69180,2.135939836356523,0.04535649867128949,-0.0
69190,2.135060036095008,0.05348670142995559,-0.0
69200,2.134154335954672,0.0616083695561095,-0.0
69210,2.1332227984743595,0.06972146453860269,-0.0
69220,2.1322654858363523,0.07782594820447956,-0.0
69230,2.131282459865793,0.0859217827143991,-0.0
69240,2.1302737820301463,0.09400893055807318,-0.0
69250,2.1292395134386735,0.10208735454972136,-0.0
69260,2.128179714841948,0.11015701782354273,-0.0
69270,2.127094446631386,0.11821788382920388,-0.0
69280,2.1259837688388163,0.1262699163273442,-0.0
69290,2.124847741136064,0.13431307938509696,-0.0
69300,2.123686422834569,0.14234733737162786,-0.0
69310,2.122499872885027,0.15037265495368937,-0.0
69320,2.1212881498770564,0.15838899709119222,-0.0
69330,2.120051312038895,0.16639632903279333,-0.0
69340,2.1187894172371067,0.17439461631149947,-0.0
69350,2.117502522976342,0.18238382474028902,-0.0
69360,2.116190686399087,0.19036392040774824,-0.0
69370,2.11485396428547,0.19833486967372563,-0.0
69380,2.1134924130530677,0.2062966391650016,-0.0
69390,2.1121060887567507,0.21424919577097454,-0.0
69400,2.110695047088543,0.22219250663936396,-0.0
69410,2.109259343377515,0.2301265391719294,-0.0
69420,2.1077990325896874,0.23805126102020513,-0.0
69430,2.106314169327969,0.24596664008125196,-0.0
69440,2.1048048078321098,0.2538726444934239,-0.0
69450,2.103271001978683,0.26176924263215295,-0.0
69460,2.1017128052810827,0.2696564031057474,-0.0
69470,2.100130270889547,0.2775340947512079,-0.0
69480,2.0985234515912095,0.2854022866300594,-0.0
69490,2.096892399810154,0.29326094802419755,-0.0
69500,2.0952371676075154,0.30111004843175315,-0.0
69510,2.0935578066815803,0.30894955756297,-0.0
69520,2.0918543683679207,0.3167794453361,-0.0
69530,2.0901269036395447,0.3245996818733139,-0.0
69540,2.088375463107071,0.3324102374966272,-0.0
69550,2.086600097018916,0.34021108272384104,-0.0
69560,2.0848008552615096,0.3480021882644999,-0.0
69570,2.082977787359533,0.3557835250158643,-0.0
69580,2.081130942476159,0.36355506405889737,-0.0
69590,2.0792603694133396,0.37131677665427004,-0.0
69600,2.077366116612084,0.37906863423837706,-0.0
69610,2.075448232152778,0.3868106084193721,-0.0
69620,2.073506763755513,0.3945426709732158,-0.0
69630,2.071541758780438,0.40226479383974034,-0.0
69640,2.069553264228116,0.40997694911872595,-0.0
69650,2.0675413267399287,0.4176791090659973,-0.0
69660,2.0655059925984673,0.4253712460895291,-0.0
69670,2.063447307727963,0.43305333274557123,-0.0
69680,2.0613653176947295,0.44072534173478584,-0.0
69690,2.059260067707618,0.44838724589839934,-0.0
69700,2.057131602618498,0.45603901821437004,-0.0
69710,2.054979966922755,0.4636806317935692,-0.0
69720,2.0528052047597987,0.4713120598759769,-0.0
69730,2.0506073599135943,0.478933275826892,-0.0
69740,2.0483864758132126,0.48654425313315647,-0.0
69750,2.0461425955333947,0.4941449653993948,-0.0
69760,2.043875761795129,0.5017353863442653,-0.0
69770,2.041586016966253,0.5093154897967269,-0.0
69780,2.0392734030620705,0.5168852496923209,-0.0
69790,2.0369379617459766,0.5244446400694636,-0.0
69800,2.034579734330112,0.5319936350657555,-0.0
69810,2.032198761776028,0.539532208914304,-0.0
69820,2.0297950846953583,0.547060335940056,-0.0
69830,2.027368743350524,0.5545779905561496,-0.0
69840,2.0249197776554424,0.5620851472602753,-0.0
69850,2.0224482271762585,0.5695817806310525,-0.0
69860,2.0199541311320828,0.5770678653244172,-0.0
69870,2.017437528395755,0.5845433760700253,-0.0
69880,2.0148984574946196,0.5920082876676682,-0.0
69890,2.0123369566113136,0.5994625749837005,-0.0
69900,2.0097530635845735,0.606906212947482,-0.0
69910,2.007146815910053,0.6143391765478305,-0.0
69920,2.004518250741164,0.6217614408294916,-0.0
69930,2.001867404889921,0.6291729808896152,-0.0
69940,1.999194314827811,0.6365737718742505,-0.0
69950,1.9964990166866694,0.6439637889748481,-0.0
69960,1.993781546259581,0.6513430074247818,-0.0
69970,1.9910419390017822,0.6587114024958731,-0.0
69980,1.9882802300315876,0.6660689494949363,-0.0
69990,1.9854964541313287,0.6734156237603327,-0.0
70000,1.9826906457483062,0.6807514006585353,-0.0
70010,1.9798628389957542,0.6880762555807085,-0.0
70020,1.9770130676538247,0.6953901639392986,-0.0
70030,1.974141365170576,0.7026931011646338,-0.0
70040,1.9712477646629887,0.709985042701541,-0.0
70050,1.9683322989179832,0.7172659640059699,-0.0
70060,1.9653950003934575,0.7245358405416303,-0.0
70070,1.9624359012193366,0.731794647776641,-0.0
70080,1.9594550331986376,0.7390423611801904,-0.0
70090,1.9564524278085464,0.7462789562192081,-0.0
70100,1.953428116201506,0.7535044083550465,-0.0
70110,1.950382129206326,0.760718693040177,-0.0
70120,1.9473144973292982,0.7679217857148944,-0.0
70130,1.9442252507553228,0.7751136618040313,-0.0
70140,1.9411144193490626,0.7822942967136887,-0.0
70150,1.9379820326560901,0.7894636658279702,-0.0
70160,1.9348281199040682,0.7966217445057348,-0.0
70170,1.9316527100039282,0.8037685080773534,-0.0
70180,1.9284558315510685,0.8109039318414802,-0.0
70190,1.9252375128265657,0.8180279910618338,-0.0
70200,1.9219977817983993,0.825140660963988,-0.0
70210,1.9187366661226826,0.8322419167321718,-0.0
70220,1.9154541931449205,0.839331733506085,-0.0
70230,1.9121503899012633,0.8464100863777162,-0.0
70240,1.9088252831197887,0.8534769503881781,-0.0
70250,1.905478899221785,0.8605323005245478,-0.0
70260,1.9021112643230549,0.867576111716721,-0.0
70270,1.8987224042352275,0.8746083588342716,-0.0
70280,1.8953123444670854,0.8816290166833266,-0.0
70290,1.8918811102259059,0.8886380600034465,-0.0
70300,1.888428726418808,0.8956354634645166,-0.0
70310,1.8849552176541233,0.9026212016636491,-0.0
70320,1.8814606082427663,0.9095952491220919,-0.0
70330,1.8779449221996307,0.9165575802821508,-0.0
70340,1.8744081832449893,0.9235081695041181,-0.0
70350,1.8708504148059097,0.9304469910632114,-0.0
70360,1.8672716400176823,0.9373740191465221,-0.0
70370,1.8636718817252587,0.9442892278499707,-0.0
70380,1.86005116248471,0.9511925911752763,-0.0
70390,1.8564095045646878,0.9580840830269294,-0.0
70400,1.8527469299479062,0.964963677209178,-0.0
70410,1.8490634603326292,0.9718313474230179,-0.0
70420,1.845359117134177,0.9786870672631988,-0.0
70430,1.8416339214864428,0.9855308102152315,-0.0
70440,1.8378878942434191,0.9923625496524096,-0.0
70450,1.8341210559807417,0.9991822588328362,-0.0
70460,1.8303334269972429,1.0059899108964614,-0.0
70470,1.8265250273165181,1.0127854788621269,-0.0
70480,1.8226958766885064,1.0195689356246203,-0.0
70490,1.8188459945910804,1.026340253951735,-0.0
70500,1.8149754002316556,1.0330994064813441,-0.0
70510,1.8110841125488006,1.039846365718474,-0.0
70520,1.8071721502138773,1.0465811040323962,-0.0
70530,1.8032395316326724,1.053303593653717,-0.0
70540,1.799286274947064,1.060013806671484,-0.0
70550,1.7953123980366843,1.0667117150302965,-0.0
70560,1.791317918520599,1.0733972905274212,-0.0
70570,1.7873028537590085,1.0800705048099235,-0.0
70580,1.7832672208549478,1.086731329371797,-0.0
70590,1.7792110366560137,1.0933797355511117,-0.0
70600,1.775134317756089,1.1000156945271569,-0.0
70610,1.7710370804970974,1.1066391773176056,-0.0
70620,1.766919340970754,1.1132501547756746,-0.0
70630,1.7627811150203443,1.1198485975873012,-0.0
70640,1.7586224182425059,1.1264344762683214,-0.0
70650,1.7544432659890248,1.1330077611616582,-0.0
70660,1.7502436733686513,1.1395684224345182,-0.0
70670,1.7460236552489188,1.1461164300755908,-0.0
70680,1.741783226257988,1.1526517538922636,-0.0
70690,1.7375224007864916,1.159174363507835,-0.0
70700,1.733241192989403,1.1656842283587419,-0.0
70710,1.7289396167879116,1.172181317691789,-0.0
70720,1.7246176858713156,1.1786656005613902,-0.0
70730,1.720275413698925,1.1851370458268136,-0.0
70740,1.7159128135019805,1.1915956221494344,-0.0
70750,1.7115298982855867,1.198041297989996,-0.0
70760,1.7071266808306558,1.2044740416058777,-0.0
70770,1.7027031736958653,1.210893821048367,-0.0
70780,1.6982593892196354,1.2173006041599437,-0.0
70790,1.6937953395221133,1.2236943585715674,-0.0
70800,1.6893110365071713,1.23007505169997,-0.0
70810,1.6848064918644265,1.2364426507449613,-0.0
70820,1.6802817170712663,1.242797122686736,-0.0
70830,1.6757367233948912,1.249138434283191,-0.0
70840,1.6711715218943741,1.2554665520672452,-0.0
70850,1.6665861234227284,1.2617814423441713,-0.0
70860,1.6619805386289959,1.2680830711889313,-0.0
70870,1.6573547779603448,1.2743714044435173,-0.0
70880,1.6527088516641868,1.280646407714305,-0.0
70890,1.6480427697903042,1.2869080463694065,-0.0
70900,1.6433565421929912,1.293156285536033,-0.0
70910,1.6386501785332186,1.299391090097868,-0.0
70920,1.6339236882808,1.30561242469244,-0.0
70930,1.6291770807165817,1.3118202537085049,-0.0
70940,1.6244103649346506,1.318014541283441,-0.0
70950,1.6196235498445424,1.3241952513006368,-0.0
70960,1.614816644173483,1.3303623473869006,-0.0
70970,1.6099896564686327,1.3365157929098666,-0.0
70980,1.6051425950993519,1.3426555509754132,-0.0
70990,1.6002754682594753,1.3487815844250812,-0.0
71000,1.595388283969613,1.3548938558335089,-0.0
71010,1.5904810500794553,1.3609923275058624,-0.0
71020,1.5855537742700974,1.3670769614752807,-0.0
71030,1.5806064640563866,1.3731477195003259,-0.0
71040,1.5756391267892729,1.3792045630624359,-0.0
71050,1.5706517696581856,1.3852474533633876,-0.0
71060,1.5656443996934233,1.3912763513227697,-0.0
71070,1.5606170237685526,1.3972912175754493,-0.0
71080,1.55556964860284,1.403292012469066,-0.0
71090,1.5505022807636792,1.4092786960615091,-0.0
71100,1.5454149266690531,1.4152512281184217,-0.0
71110,1.54030759259,1.4212095681106995,-0.0
71120,1.5351802846531033,1.4271536752120004,-0.0
71130,1.530033008842994,1.4330835082962587,-0.0
71140,1.524865771004874,1.4389990259352117,-0.0
71150,1.5196785768470524,1.4449001863959257,-0.0
71160,1.5144714319434995,1.450786947638332,-0.0
71170,1.5092443417364232,1.4566592673127727,-0.0
71180,1.5039973115388534,1.4625171027575494,-0.0
71190,1.498730346537254,1.4683604109964796,-0.0
71200,1.4934434517941437,1.474189148736461,-0.0
71210,1.48813663225074,1.480003272365043,-0.0
71220,1.4828098927296194,1.4858027379480028,-0.0
71230,1.4774632379373946,1.4915875012269342,-0.0
71240,1.4720966724674105,1.4973575176168363,-0.0
71250,1.4667102008024577,1.5031127422037138,-0.0
71260,1.4613038273175065,1.5088531297421848,-0.0
71270,1.4558775562824544,1.514578634653092,-0.0
71280,1.4504313918648988,1.5202892110211275,-0.0
71290,1.4449653381329228,1.5259848125924595,-0.0
71300,1.4394793990579013,1.5316653927723678,-0.0
71310,1.4339735785173267,1.5373309046228876,-0.0
71320,1.4284478802976541,1.542981300860463,-0.0
71330,1.4229023080971634,1.5486165338536018,-0.0
71340,1.4173368655288425,1.5542365556205449,-0.0
71350,1.4117515561232892,1.5598413178269395,-0.0
71360,1.4061463833316314,1.5654307717835199,-0.0
71370,1.400521350528471,1.5710048684437996,-0.0
71380,1.3948764610148434,1.5765635584017694,-0.0
71390,1.3892117180211958,1.5821067918896,-0.0
71400,1.383527124710393,1.5876345187753602,-0.0
71410,1.3778226841807328,1.5931466885607353,-0.0
71420,1.3720983994689917,1.5986432503787615,-0.0
71430,1.3663542735534833,1.6041241529915613,-0.0
71440,1.3605903093571419,1.6095893447880942,-0.0
71450,1.3548065097506259,1.615038773781911,-0.0
71460,1.3490028775554392,1.6204723876089169,-0.0
71470,1.3431794155470798,1.6258901335251499,-0.0
71480,1.3373361264581993,1.6312919584045564,-0.0
71490,1.3314730129817962,1.6366778087367881,-0.0
71500,1.3255900777744225,1.6420476306250018,-0.0
71510,1.3196873234594082,1.6474013697836627,-0.0
71520,1.3137647526301224,1.6527389715363736,-0.0
71530,1.3078223678532368,1.658060380813692,-0.0
71540,1.301860171672028,1.663365542150976,-0.0
71550,1.2958781666096897,1.6686543996862273,-0.0
71560,1.289876355172679,1.6739268971579524,-0.0
71570,1.283854739854069,1.6791829779030223,-0.0
71580,1.2778133231369402,1.6844225848545573,-0.0
71590,1.2717521074977853,1.68964566053981,-0.0
71600,1.265671095409939,1.6948521470780626,-0.0
71610,1.2595702893470295,1.700041986178535,-0.0
71620,1.2534496917864575,1.7052151191383043,-0.0
71630,1.24730930521289,1.710371486840231,-0.0
71640,1.2411491321217893,1.7155110297509035,-0.0
71650,1.2349691750229521,1.7206336879185815,-0.0
71660,1.2287694364440838,1.7257394009711642,-0.0
71670,1.2225499189343905,1.7308281081141617,-0.0
71680,1.2163106250681939,1.7358997481286758,-0.0
71690,1.210051557448576,1.7409542593694012,-0.0
71700,1.2037727187110439,1.7459915797626313,-0.0
71710,1.1974741115272172,1.7510116468042758,-0.0
71720,1.1911557386085452,1.7560143975578937,-0.0
71730,1.1848176027100452,1.7609997686527399,-0.0
71740,1.1784597066340672,1.765967696281819,-0.0
71750,1.1720820532340785,1.7709181161999508,-0.0
71760,1.1656846454184848,1.775850963721859,-0.0
71770,1.1592674861544643,1.7807661737202625,-0.0
71780,1.152830578471833,1.7856636806239807,-0.0
71790,1.1463739254669363,1.7905434184160594,-0.0
71800,1.1398975303065637,1.7954053206319005,-0.0
71810,1.1334013962318914,1.8002493203574144,-0.0
71820,1.1268855265624476,1.8050753502271784,-0.0
71830,1.120349924700111,1.8098833424226184,-0.0
71840,1.113794594133125,1.8146732286701923,-0.0
71850,1.1072195384401498,1.8194449402396027,-0.0
71860,1.1006247612943287,1.8241984079420082,-0.0
71870,1.0940102664673956,1.828933562128268,-0.0
71880,1.0873760578337957,1.8336503326871845,-0.0
71890,1.080722139374839,1.8383486490437688,-0.0
71900,1.074048515182886,1.843028440157529,-0.0
71910,1.0673551894655506,1.8476896345207583,-0.0
71920,1.060642166549937,1.8523321601568532,-0.0
71930,1.053909450886902,1.8569559446186394,-0.0
71940,1.0471570470553464,1.8615609149867218,-0.0
71950,1.0403849597665322,1.8661469978678422,-0.0
71960,1.033593193868431,1.8707141193932644,-0.0
71970,1.0267817543500946,1.8752622052171652,-0.0
71980,1.019950646346061,1.8797911805150536,-0.0
71990,1.0130998751407836,1.8843009699822006,-0.0
72000,1.0062294461730905,1.8887914978320917,-0.0
72010,0.9993393650406738,1.8932626877948922,-0.0
72020,0.9924296375046047,1.8977144631159397,-0.0
72030,0.9855002694938813,1.9021467465542454,-0.0
72040,0.9785512671099996,1.9065594603810205,-0.0
72050,0.9715826366315634,1.9109525263782257,-0.0
72060,0.9645943845189111,1.9153258658371293,-0.0
72070,0.9575865174187826,1.9196793995568953,-0.0
72080,0.9505590421690093,1.9240130478431885,-0.0
72090,0.9435119658032355,1.9283267305067975,-0.0
72100,0.9364452955556737,1.9326203668622868,-0.0
72110,0.92935903886588,1.9368938757266565,-0.0
72120,0.9222532033835712,1.9411471754180383,-0.0
72130,0.9151277969734626,1.945380183754402,-0.0
72140,0.9079828277201419,1.9495928180522917,-0.0
72150,0.9008183039329715,1.9537849951255801,-0.0
72160,0.8936342341510194,1.957956631284247,-0.0
72170,0.8864306271480255,1.9621076423331814,-0.0
72180,0.8792074919373928,1.9662379435710062,-0.0
72190,0.8719648377772139,1.9703474497889262,-0.0
72200,0.8647026741753269,1.9744360752696026,-0.0
72210,0.8574210108944023,1.9785037337860507,-0.0
72220,0.8501198579570592,1.982550338600559,-0.0
72230,0.8427992256510182,1.9865758024636404,-0.0
72240,0.8354591245342792,1.990580037613005,-0.0
72250,0.828099565440333,1.9945629557725542,-0.0
72260,0.8207205594834082,1.9985244681514123,-0.0
72270,0.8133221180637441,2.0024644854429767,-0.0
72280,0.8059042528728969,2.0063829178239914,-0.0
72290,0.7984669758990814,2.010279674953662,-0.0
72300,0.7910102994325389,2.0141546659727814,-0.0
72310,0.7835342360709422,2.0180077995029,-0.0
72320,0.7760387987248275,2.021838983645507,-0.0
72330,0.7685240006230653,2.02564812598126,-0.0
72340,0.760989855318356,2.029435133569227,-0.0
72350,0.7534363766927626,2.0331999129461678,-0.0
72360,0.7458635789632757,2.036942370125844,-0.0
72370,0.7382714766874082,2.0406624105983573,-0.0
72380,0.7306600847688246,2.04435993932952,-0.0
72390,0.7230294184630021,2.0480348607602563,-0.0
72400,0.7153794933829246,2.0516870788060384,-0.0
72410,0.7077103255048103,2.05531649685635,-0.0
72420,0.7000219311738701,2.0589230177741893,-0.0
72430,0.6923143271100997,2.0625065438955956,-0.0
72440,0.6845875304141041,2.0660669770292173,-0.0
72450,0.6768415585729579,2.069604218455914,-0.0
72460,0.6690764294660936,2.0731181689283877,-0.0
72470,0.6612921613712256,2.0766087286708514,-0.0
72480,0.6534887729703086,2.0800757973787376,-0.0
72490,0.6456662833555252,2.083519274218433,-0.0
72500,0.6378247120353109,2.086939057827063,-0.0
72510,0.6299640789404067,2.090335046312294,-0.0
72520,0.6220844044299529,2.0937071372522,-0.0
72530,0.6141857092976059,2.097055227695135,-0.0
72540,0.6062680147776965,2.1003792141596715,-0.0
72550,0.5983313425514177,2.103678992634563,-0.0
72560,0.5903757147530455,2.1069544585787465,-0.0
72570,0.5824011539761933,2.1102055069213925,-0.0
72580,0.5744076832801001,2.1134320320619864,-0.0
72590,0.5663953261959497,2.1166339278704527,-0.0
72600,0.5583641067332268,2.119811087687331,-0.0
72610,0.5503140493861018,2.1229634043239765,-0.0
72620,0.5422451791398512,2.1260907700628144,-0.0
72630,0.5341575214773105,2.129193076657638,-0.0
72640,0.5260511023853599,2.1322702153339397,-0.0
72650,0.5179259483614429,2.1353220767892984,-0.0
72660,0.5097820864201178,2.138348551193805,-0.0
72670,0.5016195440996428,2.141349528190533,-0.0
72680,0.49343834946859194,2.1443248968960558,-0.0
72690,0.48523853113250626,2.1472745459010114,-0.0
72700,0.477020118240575,2.15019836327071,-0.0
72710,0.4687831404923524,2.1530962365457933,-0.0
72720,0.4605276281445038,2.1559680527429412,-0.0
72730,0.45225361201758596,2.1588136983556194,-0.0
72740,0.4439611235028605,2.1616330593548923,-0.0
72750,0.4356501945691371,2.1644260211902644,-0.0
72760,0.42732085776965095,2.167192468790592,-0.0
72770,0.4189731462489711,2.1699322865650297,-0.0
72780,0.41060709374994225,2.172645358404042,-0.0
72790,0.4022227346206553,2.1753315676804514,-0.0
72800,0.39382010382145377,2.1779907972505597,-0.0
72810,0.3853992369319668,2.180622929455295,-0.0
72820,0.3769601701581791,2.1832278461214436,-0.0
72830,0.3685029403395276,2.1858054285629134,-0.0
72840,0.36002758495603066,2.1883555575820584,-0.0
72850,0.35153414213544965,2.190878113471062,-0.0
72860,0.34302265066047927,2.1933729760133778,-0.0
72870,0.33449314997596985,2.195840024485221,-0.0
72880,0.32594568019617937,2.1982791376571233,-0.0
72890,0.3173802821120554,2.200690193795539,-0.0
72900,0.30879699719854925,2.2030730706645243,-0.0
72910,0.300195867621956,2.2054276455274513,-0.0
72920,0.29157693624728886,2.2077537951488138,-0.0
72930,0.28294024664567907,2.210051395796067,-0.0
72940,0.2742858431018071,2.2123203232415416,-0.0
72950,0.26561377062136216,2.2145604527644176,-0.0
72960,0.25692407493853076,2.2167716591527626,-0.0
72970,0.24821680252351333,2.21895381670563,-0.0
72980,0.2394920005900692,2.221106799235225,-0.0
72990,0.2307497171030898,2.2232304800691316,-0.0
73000,0.22199000078619932,2.22532473205261,-0.0
73010,0.2132129011293824,2.2273894275509547,-0.0
73020,0.20441846839664,2.2294244384519266,-0.0
73030,0.1956067536336706,2.2314296361682415,-0.0
73040,0.18677780867557975,2.2334048916401454,-0.0
73050,0.1779316861546135,2.2353500753380335,-0.0
73060,0.16906843950791978,2.2372650572651644,-0.0
73070,0.16018812298533436,2.2391497069604265,-0.0
73080,0.15129079165719167,2.241003893501184,-0.0
73090,0.14237650142216118,2.2428274855061945,-0.0
73100,0.13344530901510787,2.244620351138594,-0.0
73110,0.12449727201497675,2.246382358108966,-0.0
73120,0.11553244885270084,2.2481133736784655,-0.0
73130,0.10655089881913322,2.2498132646620403,-0.0
73140,0.09755268207300108,2.2514818974317135,-0.0
73150,0.08853785964888286,2.2531191379199424,-0.0
73160,0.07950649346520718,2.2547248516230645,-0.0
73170,0.0704586463322733,2.256298903604807,-0.0
73180,0.06139438196029305,2.257841158499886,-0.0
73190,0.052313764967453304,2.259351480517683,-0.0
73200,0.04321686088799853,2.260829733445992,-0.0
73210,0.03410373618033344,2.2622757806548592,-0.0
73220,0.02497445823514472,2.2636894851005,-0.0
73230,0.01582909538354152,2.2650707093292937,-0.0
73240,0.006667716905214264,2.2664193154818646,-0.0
73250,-0.002509606963388752,2.2677351652972506,-0.0
73260,-0.011702805020867688,2.2690181201171473,-0.0
73270,-0.02091180509266074,2.2702680408902465,-0.0
73280,-0.030136534022817615,2.271484788176648,-0.0
73290,-0.03937691766575754,2.272668222152377,-0.0
73300,-0.04863288087801235,2.2738182026139704,-0.0
73310,-0.05790434750995501,2.274934588983157,-0.0
73320,-0.06719124039751481,2.276017240311636,-0.0
73330,-0.07649348135387897,2.27706601528593,-0.0
73340,-0.0858109911611821,2.2780807722323395,-0.0
73350,-0.09514368956218364,2.2790613691219814,-0.0
73360,-0.10449149525193423,2.280007663575925,-0.0
73370,-0.11385432586943152,2.2809195128704203,-0.0
73380,-0.12323209798926592,2.2817967739422085,-0.0
73390,-0.1326247271132578,2.282639303393949,-0.0
73400,-0.14203212766208564,2.2834469574997196,-0.0
73410,-0.1514542129669067,2.284219592210617,-0.0
73420,-0.16089089526097092,2.2849570631604688,-0.0
73430,-0.17034208567122844,2.2856592256716226,-0.0
73440,-0.17980769420993162,2.2863259347608462,-0.0
73450,-0.18928762976623215,2.286957045145317,-0.0
73460,-0.19878180009777546,2.287552411248724,-0.0
73470,-0.20829011182229,2.2881118872074526,-0.0
73480,-0.21781247040917645,2.2886353268768875,-0.0
73490,-0.2273487801710939,2.2891225838378046,-0.0
73500,-0.23689894425554603,2.2895735114028697,-0.0
73510,-0.24646286463646846,2.289987962623246,-0.0
73520,-0.2560404421058151,2.290365790295293,-0.0
73530,-0.2656315762651491,2.290706846967385,-0.0
73540,-0.2752361655172347,2.2910109849468188,-0.0
73550,-0.2848541070576343,2.2912780563068424,-0.0
73560,-0.2944852968663096,2.2915079128937794,-0.0
73570,-0.3041296296992294,2.291700406334274,-0.0
73580,-0.3137869990799827,2.291855388042623,-0.0
73590,-0.3234572972914013,2.2919727092282414,-0.0
73600,-0.3331404153671894,2.2920522209032184,-0.0
73610,-0.34283624308356403,2.292093773889994,-0.0
73620,-0.3525446689509066,2.2920972188291455,-0.0
73630,-0.3622655802054249,2.2920624061872843,-0.0
73640,-0.3719988628008291,2.2919891862650608,-0.0
73650,-0.381744401400021,2.2918774092052905,-0.0
73660,-0.39150207936679987,2.2917269250011953,-0.0
73670,-0.40127177875758135,2.2915375835047445,-0.0
73680,-0.41105338031313743,2.29130923443513,-0.0
73690,-0.4208467634503519,2.2910417273873436,-0.0
73700,-0.43065180625399646,2.290734911840876,-0.0
73710,-0.4404683854685281,2.2903886371685367,-0.0
73720,-0.45029637648990845,2.290002752645388,-0.0
73730,-0.4601356533574433,2.289577107457787,-0.0
73740,-0.4699860887456523,2.2891115507125743,-0.0
73750,-0.47984755395615825,2.288605931446352,-0.0
73760,-0.48971991890960803,2.2880600986349036,-0.0
73770,-0.4996030521376179,2.287473901202722,-0.0
73780,-0.5094968207747504,2.2868471880326657,-0.0
73790,-0.5194010905505227,2.286179807975738,-0.0
73800,-0.5293157257814441,2.285471609860984,-0.0
73810,-0.5392405893630899,2.284722442505514,-0.0
73820,-0.5491755427622087,2.2839321547246514,-0.0
73830,-0.5591204460088657,2.2831005953422063,-0.0
73840,-0.5690751576886238,2.2822276132008668,-0.0
73850,-0.5790395349347638,2.281313057172726,-0.0
73860,-0.5890134334205448,2.280356776169927,-0.0
73870,-0.5989967073515071,2.2793586191554445,-0.0
73880,-0.6089892094578173,2.278318435153979,-0.0
73890,-0.6189907909866578,2.277236073262992,-0.0
73900,-0.6290013016946645,2.2761113826638617,-0.0
73910,-0.6390205898404109,2.2749442126331703,-0.0
73920,-0.6490485021769427,2.273734412554124,-0.0
73930,-0.6590848839443589,2.272481831928089,-0.0
73940,-0.6691295788624533,2.2711863203862763,-0.0
73950,-0.6791824291234029,2.2698477277015443,-0.0
73960,-0.6892432753845135,2.268465903800332,-0.0
73970,-0.6993119567610264,2.2670406987747334,-0.0
73980,-0.7093883108189778,2.2655719628946875,-0.0
73990,-0.7194721735681242,2.264059546620322,-0.0
74000,-0.7295633794549269,2.2625033006144055,-0.0
74010,-0.7396617613556006,2.260903075754949,-0.0
74020,-0.7497671505692284,2.2592587231479344,-0.0
74030,-0.7598793768109444,2.257570094140178,-0.0
74040,-0.769998268205184,2.2558370403323242,-0.0
74050,-0.7801236512790063,2.2540594135919765,-0.0
74060,-0.7902553509554867,2.2522370660669613,-0.0
74070,-0.8003931905471877,2.250369850198725,-0.0
74080,-0.8105369917497023,2.248457618735867,-0.0
74090,-0.8206865746352785,2.246500224747811,-0.0
74100,-0.8308417576465182,2.2444975216385985,-0.0
74110,-0.8410023575901653,2.2424493631608318,-0.0
74120,-0.8511681896309722,2.24035560342975,-0.0
74130,-0.8613390672856519,2.238216096937427,-0.0
74140,-0.8715148024169199,2.2360306985671254,-0.0
74150,-0.8816952052276222,2.233799263607764,-0.0
74160,-0.8918800842549591,2.231521647768544,-0.0
74170,-0.9020692463647968,2.2291977071936895,-0.0
74180,-0.9122624967460763,2.2268272984773354,-0.0
74190,-0.9224596389053226,2.224410278678553,-0.0
74200,-0.9326604746612479,2.2219465053365015,-0.0
74210,-0.9428648041394572,2.2194358364857214,-0.0
74220,-0.9530724257672609,2.216878130671564,-0.0
74230,-0.9632831362685873,2.2142732469657536,-0.0
74240,-0.9734967306590054,2.2116210449820852,-0.0
74250,-0.9837130022408561,2.208921384892259,-0.0
74260,-0.9939317425984969,2.20617412744185,-0.0
74270,-1.0041527415936555,2.2033791339664086,-0.0
74280,-1.0143757873609038,2.2005362664077013,-0.0
74290,-1.0246006663032472,2.19764538733008,-0.0
74300,-1.0348271630878354,2.194706359936994,-0.0
74310,-1.0450550606417914,2.19171904808762,-0.0
74320,-1.0552841401481723,2.188683316313648,-0.0
74330,-1.065514181042048,2.185599029836177,-0.0
74340,-1.075744961006714,2.1824660545827594,-0.0
74350,-1.0859762559700352,2.1792842572045754,-0.0
74360,-1.0962078401009177,2.1760535050937273,-0.0
74370,-1.106439485805923,2.172773666400683,-0.0
74380,-1.1166709637260153,2.1694446100518396,-0.0
74390,-1.126902042733449,2.1660662057672173,-0.0
74400,-1.1371324899287996,2.1626383240782854,-0.0
74410,-1.1473620706381384,2.159160836345921,-0.0
74420,-1.157590548410353,2.1556336147784863,-0.0
74430,-1.1678176850146218,2.1520565324500494,-0.0
74440,-1.1780432404380303,2.148429463318715,-0.0
74450,-1.1882669728833501,2.144752282245093,-0.0
74460,-1.1984886387669709,2.1410248650108925,-0.0
74470,-1.2087079927169888,2.137247088337635,-0.0
74480,-1.2189247875714588,2.133418829905497,-0.0
74490,-1.229138774376805,2.1295399683722698,-0.0
74500,-1.2393497023864044,2.1256103833924556,-0.0
74510,-1.249557319059331,2.1216299556364633,-0.0
74520,-1.259761370059275,2.11759856680995,-0.0
74530,-1.2699615992536315,2.1135160996732627,-0.0
74540,-1.2801577487127644,2.1093824380610027,-0.0
74550,-1.2903495587094518,2.105197466901719,-0.0
74560,-1.3005367677185034,2.1009610722377,-0.0
74570,-1.31071911241657,2.096673141244899,-0.0
74580,-1.3208963276821313,2.092333562252963,-0.0
74590,-1.3310681465956669,2.087942224765368,-0.0
74600,-1.3412343004400287,2.0834990194796865,-0.0
74610,-1.3513945187009955,2.079003838307948,-0.0
74620,-1.361548529068024,2.074456574397114,-0.0
74630,-1.3716960574351984,2.0698571221496596,-0.0
74640,-1.3818368279023796,2.065205377244269,-0.0
74650,-1.3919705627765517,2.0605012366566213,-0.0
74660,-1.402096982573379,2.055744598680295,-0.0
74670,-1.412215806018964,2.0509353629477642,-0.0
74680,-1.422326750051818,2.0460734304515,-0.0
74690,-1.4324295298250411,2.0411587035651673,-0.0
74700,-1.4425238587087161,2.036191086064922,-0.0
74710,-1.4526094482925207,2.031170483150803,-0.0
74720,-1.4626860083885562,2.0260968014682144,-0.0
74730,-1.4727532470343991,2.0209699491295066,-0.0
74740,-1.4828108704963736,2.0157898357356365,-0.0
74750,-1.4928585832730523,2.010556372397929,-0.0
74760,-1.502896088098988,2.0052694717599158,-0.0
74770,-1.5129230859486682,1.9999290480192604,-0.0
74780,-1.5229392760407106,1.994535016949766,-0.0
74790,-1.5329443558422897,1.9890872959234644,-0.0
74800,-1.5429380210738082,1.983585803932787,-0.0
74810,-1.5529199657137938,1.9780304616127982,-0.0
74820,-1.5628898820040587,1.9724211912635212,-0.0
74830,-1.5728474604550868,1.9667579168723215,-0.0
74840,-1.582792389851678,1.9610405641363642,-0.0
74850,-1.5927243572588423,1.9552690604851453,-0.0
74860,-1.6026430480279379,1.9494433351030727,-0.0
74870,-1.6125481458030742,1.9435633189521262,-0.0
74880,-1.6224393325277624,1.9376289447945663,-0.0
74890,-1.6323162884518312,1.931640147215701,-0.0
74900,-1.6421786921386046,1.9255968626467197,-0.0
74910,-1.6520262204723322,1.919499029387558,-0.0
74920,-1.661858548665899,1.913346587629834,-0.0
74930,-1.6716753502687973,1.9071394794798173,-0.0
74940,-1.681476297175367,1.90087764898145,-0.0
74950,-1.6912610596333097,1.8945610421394037,-0.0
74960,-1.7010293062524762,1.8881896069421757,-0.0
74970,-1.7107807040139353,1.8817632933852304,-0.0
74980,-1.7205149182793134,1.8752820534941579,-0.0
74990,-1.7302316128004225,1.868745841347877,-0.0
75000,-1.7399304497291648,1.8621546131018551,-0.0
75010,-1.7496110896277268,1.8555083270113588,-0.0
75020,-1.7592731914790571,1.8488069434547187,-0.0
75030,-1.7689164126976347,1.8420504249566183,-0.0
75040,-1.778540409140529,1.8352387362113944,-0.0
75050,-1.7881448351187499,1.8283718441063475,-0.0
75060,-1.7977293434088926,1.8214497177450595,-0.0
75070,-1.807293585265085,1.8144723284707227,-0.0
75080,-1.8168372104312245,1.8074396498894594,-0.0
75090,-1.8263598671535177,1.8003516578936445,-0.0
75100,-1.8358612021933292,1.7932083306852276,-0.0
75110,-1.8453408608403243,1.7860096487990345,-0.0
75120,-1.8547984869259235,1.7787555951260663,-0.0
75130,-1.8642337228370593,1.771446154936773,-0.0
75140,-1.873646209530247,1.7640813159043138,-0.0
75150,-1.8830355865459594,1.7566610681277872,-0.0
75160,-1.8924014920233223,1.749185404155443,-0.0
75170,-1.9017435627151147,1.7416543190078515,-0.0
75180,-1.9110614340030851,1.734067810201041,-0.0
75190,-1.9203547399135927,1.726425877769602,-0.0
75200,-1.9296231131335537,1.71872852428974,-0.0
75210,-1.9388661850267161,1.7109757549022837,-0.0
75220,-1.9480835856502527,1.7031675773356472,-0.0
75230,-1.9572749437716706,1.6953040019287238,-0.0
75240,-1.966439886886051,1.6873850416537353,-0.0
75250,-1.9755780412336108,1.6794107121390083,-0.0
75260,-1.984689031817584,1.6713810316916846,-0.0
75270,-1.9937724824224357,1.6632960213203583,-0.0
75280,-2.002828015632403,1.655155704757641,-0.0
75290,-2.0118552528503595,1.6469601084826408,-0.0
75300,-2.0208538143170127,1.6387092617433556,-0.0
75310,-2.029823319130432,1.6304031965789847,-0.0
75320,-2.0387633852659017,1.6220419478421357,-0.0
75330,-2.0476736295961144,1.6136255532209396,-0.0
75340,-2.0565536679116896,1.6051540532610609,-0.0
75350,-2.0654031149420278,1.5966274913876002,-0.0
75360,-2.0742215843764957,1.588045913926881,-0.0
75370,-2.083008688885954,1.579409370128127,-0.0
75380,-2.0917640401446045,1.5707179121850081,-0.0
75390,-2.1004872488521857,1.561971595257068,-0.0
75400,-2.1091779247565006,1.553170477491016,-0.0
75410,-2.1178356766762696,1.544314620041882,-0.0
75420,-2.126460112524337,1.5354040870940364,-0.0
75430,-2.1350508393311967,1.5264389458820566,-0.0
75440,-2.1436074632688626,1.517419266711447,-0.0
75450,-2.1521295896750745,1.508345122979204,-0.0
75460,-2.1606168230778366,1.499216591194217,-0.0
75470,-2.1690687672202933,1.4900337509975075,-0.0
75480,-2.177485025085939,1.4807966851822936,-0.0
75490,-2.1858651989241693,1.4715054797138836,-0.0
75500,-2.1942088902761556,1.4621602237493825,-0.0
75510,-2.2025157000010664,1.4527610096572194,-0.0
75520,-2.2107852283026155,1.4433079330364802,-0.0
75530,-2.2190170747559406,1.4338010927360403,-0.0
75540,-2.2272108383348272,1.4242405908735059,-0.0
75550,-2.2353661174392494,1.414626532853939,-0.0
75560,-2.2434825099232505,1.4049590273883736,-0.0
75570,-2.2515596131231566,1.395238186512121,-0.0
75580,-2.259597023886107,1.3854641256028388,-0.0
75590,-2.267594338598932,1.3756369633983885,-0.0
75600,-2.275551153217333,1.365756822014446,-0.0
75610,-2.283467063295419,1.3558238269618863,-0.0
75620,-2.2913416640155364,1.345838107163911,-0.0
75630,-2.2991745502184497,1.3357997949729423,-0.0
75640,-2.3069653164338213,1.3257090261872477,-0.0
75650,-2.314713556911031,1.315565940067316,-0.0
75660,-2.3224188656502998,1.3053706793519628,-0.0
75670,-2.3300808364341385,1.2951233902741668,-0.0
75680,-2.3376990628591074,1.2848242225766298,-0.0
75690,-2.345273138367894,1.2744733295270565,-0.0
75700,-2.3528026562816984,1.2640708679331474,-0.0
75710,-2.3602872098329275,1.2536169981572987,-0.0
75720,-2.3677263921982026,1.243111884131006,-0.0
75730,-2.3751197965316604,1.2325556933689628,-0.0
75740,-2.3824670159985684,1.221948596982853,-0.0
75750,-2.389767643809236,1.2112907696948307,-0.0
75760,-2.3970212732532197,1.2005823898506762,-0.0
75770,-2.4042274977338285,1.1898236394326323,-0.0
75780,-2.4113859108029203,1.1790147040719088,-0.0
75790,-2.4184961061959847,1.1681557730608505,-0.0
75800,-2.42555767786752,1.1572470393647682,-0.0
75810,-2.4325702200266828,1.1462886996334185,-0.0
75820,-2.43953332717323,1.135280954212137,-0.0
75830,-2.4464465941337243,1.1242240071526106,-0.0
75840,-2.4533096160980365,1.1131180662232956,-0.0
75850,-2.4601219886560903,1.1019633429194557,-0.0
75860,-2.4668833078348946,1.0907600524728407,-0.0
75870,-2.4735931701358336,1.0795084138609778,-0.0
75880,-2.4802511725722165,1.0682086498160865,-0.0
75890,-2.486856912707082,1.0568609868336005,-0.0
75900,-2.49340998869126,1.0454656551802988,-0.0
75910,-2.499909999301679,1.0340228889020382,-0.0
75920,-2.506356543979917,1.0225329258310807,-0.0
75930,-2.5127492228709922,1.0109960075930133,-0.0
75940,-2.519087636862398,0.9994123796132547,-0.0
75950,-2.5253713876233563,0.9877822911231413,-0.0
75960,-2.5316000776443124,0.9761059951655919,-0.0
75970,-2.53777331027664,0.9643837486003408,-0.0
75980,-2.543890689772574,0.95261581210874,-0.0
75990,-2.5499518213253523,0.9408024501981219,-0.0
76000,-2.555956311109568,0.9289439312057196,-0.0
76010,-2.5619037663217226,0.9170405273021363,-0.0
76020,-2.567793795220982,0.9050925144943671,-0.0
76030,-2.573626007170125,0.8931001726283596,-0.0
76040,-2.5794000126766776,0.8810637853911133,-0.0
76050,-2.5851154234342304,0.8689836403123123,-0.0
76060,-2.5907718523639462,0.8568600287654916,-0.0
76070,-2.5963689136562134,0.844693245968719,-0.0
76080,-2.6019062228125,0.8324835909848077,-0.0
76090,-2.6073833966873354,0.8202313667210356,-0.0
76100,-2.612800053530473,0.8079368799283828,-0.0
76110,-2.6181558130291895,0.795600441200274,-0.0
76120,-2.6234502963507293,0.7832223649708245,-0.0
76130,-2.6286831261848906,0.7708029695125868,-0.0
76140,-2.6338539267867382,0.758342576933791,-0.0
76150,-2.6389623240194378,0.7458415131750767,-0.0
76160,-2.6440079453972283,0.733300108005717,-0.0
76170,-2.648990420128474,0.7207186950193183,-0.0
76180,-2.6539093791588577,0.7080976116290103,-0.0
76190,-2.658764455214645,0.6954371990621039,-0.0
76200,-2.6635552828460622,0.6827378023542299,-0.0
76210,-2.6682814984707384,0.6699997703429401,-0.0
76220,-2.6729427404172545,0.6572234556607837,-0.0
76230,-2.677538648968734,0.6444092147278387,-0.0
76240,-2.682068866406526,0.63155740774371,-0.0
76250,-2.6865330370539264,0.6186683986789805,-0.0
76260,-2.6909308073199614,0.6057425552661193,-0.0
76270,-2.6952618257432097,0.592780248989839,-0.0
76280,-2.6995257430356636,0.5797818550769038,-0.0
76290,-2.7037222121266185,0.5667477524853819,-0.0
76300,-2.707850888206582,0.5536783238933428,-0.0
76310,-2.711911428771203,0.5405739556869951,-0.0
76320,-2.7159034936651976,0.5274350379482619,-0.0
76330,-2.719826745126284,0.514261964441795,-0.0
76340,-2.7236808478291006,0.5010551326014211,-0.0
76350,-2.7274654689291125,0.4878149435160217,-0.0
76360,-2.7311802781064918,0.4745418019148438,-0.0
76370,-2.734824947609965,0.4612361161522377,-0.0
76380,-2.7383991523006204,0.4478982981918236,-0.0
76390,-2.7419025696956685,0.434528763590082,-0.0
76400,-2.7453348800121358,0.421127931479369,-0.0
76410,-2.7486957662105183,0.40769622455035526,-0.0
76420,-2.751984914038327,0.39423406903388347,-0.0
76430,-2.755202012073587,0.38074189468225034,-0.0
76440,-2.75834675176822,0.36722013474990434,-0.0
76450,-2.7614188274913487,0.3536692259735648,-0.0
76460,-2.7644179365724764,0.3400896085517575,-0.0
76470,-2.7673437793445728,0.3264817261237688,-0.0
76480,-2.7701960591870134,0.3128460257480154,-0.0
76490,-2.7729744825684106,0.2991829578798327,-0.0
76500,-2.775678759089284,0.28549297634867793,-0.0
76510,-2.7783086015245932,0.27177653833475096,-0.0
76520,-2.7808637258661135,0.2580341043450318,-0.0
76530,-2.7833438513646342,0.24426613818873408,-0.0
76540,-2.7857487005719985,0.23047310695217682,-0.0
76550,-2.7880779993829474,0.2166554809730739,-0.0
76560,-2.7903314770767706,0.20281373381424103,-0.0
76570,-2.792508866358768,0.18894834223672358,-0.0
76580,-2.7946099034014815,0.1750597861723429,-0.0
76590,-2.796634327885731,0.16114854869566583,-0.0
76600,-2.798581883041409,0.14721511599539547,-0.0
76610,-2.800452315688036,0.13325997734518627,-0.0
76620,-2.802245376275074,0.11928362507388429,-0.0
76630,-2.8039608189219978,0.10528655453519557,-0.0
76640,-2.8055984014580826,0.09126926407678236,-0.0
76650,-2.807157885461931,0.07723225500879083,-0.0
76660,-2.8086390363007228,0.06317603157181173,-0.0
76670,-2.810041623169163,0.04910110090427636,-0.0
76680,-2.8113654191281423,0.03500797300929026,-0.0
76690,-2.812610201143088,0.020897160720907127,-0.0
76700,-2.813775750121988,0.006769179669845766,-0.0
76710,-2.8148618509531094,-0.007375451751347111,-0.0
76720,-2.815868292542367,-0.021536212423685214,-0.0
76730,-2.8167948678503487,-0.035712578537678966,-0.0
76740,-2.8176413739290105,-0.04990402362981651,-0.0
76750,-2.81840761195798,-0.06411001861958576,-0.0
76760,-2.8190933872805144,-0.0783300318470342,-0.0
76770,-2.819698509439077,-0.09256352911086241,-0.0
76780,-2.82022279221052,-0.10680997370704737,-0.0
76790,-2.8206660536408728,-0.12106882646799158,-0.0
76800,-2.821028116079743,-0.13533954580219415,-0.0
76810,-2.8213088062142844,-0.1496215877344386,-0.0
76820,-2.8215079551027538,-0.16391440594649326,-0.0
76830,-2.8216253982076434,-0.17821745181832035,-0.0
76840,-2.821660975428374,-0.1925301744697879,-0.0
76850,-2.8216145311335294,-0.2068520208028791,-0.0
76860,-2.821485914192663,-0.22118243554439643,-0.0
76870,-2.821274978007616,-0.23552086128915173,-0.0
76880,-2.8209815805433873,-0.24986673854364033,-0.0
76890,-2.8206055843585056,-0.2642195057701904,-0.0
76900,-2.8201468566349317,-0.2785785994315849,-0.0
76910,-2.8196052692074574,-0.2929434540361476,-0.0
76920,-2.8189806985926107,-0.30731350218328946,-0.0
76930,-2.8182730260170366,-0.32168817460950666,-0.0
76940,-2.8174821374453747,-0.3360669002348269,-0.0
76950,-2.8166079236076107,-0.35044910620969527,-0.0
76960,-2.8156502800258827,-0.36483421796229387,-0.0
76970,-2.8146091070407624,-0.3792216592462888,-0.0
76980,-2.8134843098369813,-0.3936108521889976,-0.0
76990,-2.8122757984686,-0.408001217339969,-0.0
77000,-2.8109834878836253,-0.42239217371997007,-0.0
77010,-2.8096072979480464,-0.4367831388703713,-0.0
77020,-2.8081471534693034,-0.4511735289029229,-0.0
77030,-2.806602984219171,-0.4655627585499163,-0.0
77040,-2.804974724956052,-0.479950241214721,-0.0
77050,-2.8032623154466743,-0.49433538902268964,-0.0
77060,-2.801465700487187,-0.5087176128724249,-0.0
77070,-2.7995848299236403,-0.5230963224873967,-0.0
77080,-2.79761965867187,-0.5374709264679076,-0.0
77090,-2.795570146736729,-0.5518408323433901,-0.0
77100,-2.7934362592307185,-0.5662054466250338,-0.0
77110,-2.7912179663919776,-0.5805641748587329,-0.0
77120,-2.7889152436016222,-0.5949164216783416,-0.0
77130,-2.786528071400455,-0.6092615908592325,-0.0
77140,-2.7840564355050166,-0.62359908537215,-0.0
77150,-2.7815003268229788,-0.6379283074373433,-0.0
77160,-2.7788597414678837,-0.6522486585789798,-0.0
77170,-2.7761346807732123,-0.6665595396798197,-0.0
77180,-2.7733251513057784,-0.6808603510361491,-0.0
77190,-2.7704311648784503,-0.6951504924129602,-0.0
77200,-2.767452738562195,-0.7094293630993699,-0.0
77210,-2.764389894697425,-0.7236963619642635,-0.0
77220,-2.76124266090467,-0.7379508875121616,-0.0
77230,-2.758011070094545,-0.7521923379392915,-0.0
77240,-2.754695160477022,-0.766420111189859,-0.0
77250,-2.7512949755699982,-0.7806336050125102,-0.0
77260,-2.747810564207163,-0.7948322170169704,-0.0
77270,-2.7442419805451523,-0.8090153447308533,-0.0
77280,-2.740589284069989,-0.8231823856566289,-0.0
77290,-2.7368525396028023,-0.8373327373287368,-0.0
77300,-2.733031817304846,-0.8514657973708447,-0.0
77310,-2.7291271926817697,-0.8655809635532261,-0.0
77320,-2.7251387465871826,-0.879677633850263,-0.0
77330,-2.7210665652254824,-0.8937552064980503,-0.0
77340,-2.716910740153951,-0.9078130800520978,-0.0
77350,-2.7126713682841275,-0.9218506534451217,-0.0
77360,-2.7083485518824397,-0.935867326044907,-0.0
77370,-2.703942398570093,-0.9498624977122329,-0.0
77380,-2.6994530213222356,-0.9638355688588593,-0.0
77390,-2.6948805384663683,-0.9777859405055467,-0.0
77400,-2.6902250736800295,-0.9917130143401174,-0.0
77410,-2.6854867559877182,-1.005616192775531,-0.0
77420,-2.680665719757089,-1.0194948790079723,-0.0
77430,-2.675762104694393,-1.0333484770749408,-0.0
77440,-2.670776055839185,-1.0471763919133268,-0.0
77450,-2.6657077235582682,-1.0609780294174629,-0.0
77460,-2.660557263538903,-1.0747527964971455,-0.0
77470,-2.6553248367812734,-1.0885001011356121,-0.0
77480,-2.6500106095901983,-1.1022193524474582,-0.0
77490,-2.6446147535661013,-1.1159099607364928,-0.0
77500,-2.6391374455952334,-1.1295713375535144,-0.0
77510,-2.633578867839152,-1.1432028957539968,-0.0
77520,-2.627939207723455,-1.1568040495556775,-0.0
77530,-2.622218657925773,-1.1703742145960356,-0.0
77540,-2.6164174163630167,-1.183912807989645,-0.0
77550,-2.610535686177882,-1.1974192483853963,-0.0
77560,-2.6045736757246294,-1.21089295602358,-0.0
77570,-2.598531598554102,-1.2243333527928042,-0.0
77580,-2.5924096733980275,-1.2377398622867555,-0.0
77590,-2.586208124152584,-1.251111909860783,-0.0
77600,-2.5799271798612216,-1.2644489226882876,-0.0
77610,-2.5735670746967765,-1.277750329816923,-0.0
77620,-2.5671280479428304,-1.2910155622245754,-0.0
77630,-2.560610343974379,-1.304244052875137,-0.0
77640,-2.554014212237752,-1.3174352367740376,-0.0
77650,-2.5473399072298317,-1.3305885510235393,-0.0
77660,-2.5405876884765557,-1.3437034348777797,-0.0
77670,-2.533757820510699,-1.356779329797549,-0.0
77680,-2.5268505728489674,-1.3698156795048002,-0.0
77690,-2.519866219968366,-1.3828119300368649,-0.0
77700,-2.5128050412818905,-1.3957675298003882,-0.0
77710,-2.5056673211135103,-1.4086819296249486,-0.0
77720,-2.4984533486724625,-1.4215545828163667,-0.0
77730,-2.491163418026866,-1.43438494520969,-0.0
77740,-2.4837978280766495,-1.4471724752218391,-0.0
77750,-2.476356882525809,-1.4599166339039142,-0.0
77760,-2.468840889853986,-1.4726168849931403,-0.0
77770,-2.4612501632873913,-1.4852726949644508,-0.0
77780,-2.453585020769055,-1.4978835330816944,-0.0
77790,-2.4458457849284367,-1.5104488714484603,-0.0
77800,-2.438032783050374,-1.5229681850585046,-0.0
77810,-2.4301463470433986,-1.5354409518457766,-0.0
77820,-2.4221868134074054,-1.547866652734029,-0.0
77830,-2.4141545232007005,-1.5602447716860117,-0.0
77840,-2.4060498220064153,-1.57257479575222,-0.0
77850,-2.3978730598983167,-1.5848562151192225,-0.0
77860,-2.3896245914059855,-1.597088523157517,-0.0
77870,-2.3813047754794145,-1.6092712164689473,-0.0
77880,-2.3729139754529904,-1.6214037949336384,-0.0
77890,-2.3644525590088925,-1.6334857617564598,-0.0
77900,-2.3559208981399133,-1.645516623513011,-0.0
77910,-2.347319369111692,-1.6574958901950998,-0.0
77920,-2.338648352424395,-1.6694230752557357,-0.0
77930,-2.329908232773818,-1.6812976956535983,-0.0
77940,-2.3210993990119566,-1.693119271897002,-0.0
77950,-2.3122222441070113,-1.7048873280873242,-0.0
77960,-2.303277165102871,-1.7166013919619063,-0.0
77970,-2.2942645630780625,-1.7282609949364154,-0.0
77980,-2.2851848431041772,-1.7398656721466503,-0.0
77990,-2.2760384142037977,-1.7514149624898054,-0.0
78000,-2.2668256893079013,-1.7629084086651543,-0.0
78010,-2.2575470852127877,-1.7743455572141806,-0.0
78020,-2.2482030225365133,-1.7857259585601224,-0.0
78030,-2.238793925674848,-1.797049167046936,-0.0
78040,-2.2293202227567654,-1.8083147409776716,-0.0
78050,-2.2197823455994734,-1.8195222426522506,-0.0
78060,-2.210180729663,-1.8306712384046433,-0.0
78070,-2.200515814004327,-1.8417612986394354,-0.0
78080,-2.1907880412311056,-1.8527919978677798,-0.0
78090,-2.1809978574549453,-1.863762914742735,-0.0
78100,-2.171145712244284,-1.8746736320939648,-0.0
78110,-2.161232058576872,-1.8855237369618236,-0.0
78120,-2.1512573527918404,-1.8963128206307887,-0.0
78130,-2.141222054541413,-1.9070404786622668,-0.0
78140,-2.131126626742217,-1.9177063109267372,-0.0
78150,-2.120971535526256,-1.928309921635261,-0.0
78160,-2.1107572501915133,-1.9388509193703243,-0.0
78170,-2.100484243152214,-1.9493289171160202,-0.0
78180,-2.090152989888761,-1.9597435322875723,-0.0
78190,-2.0797639688973444,-1.9700943867601903,-0.0
78200,-2.069317661639231,-1.9803811068972428,-0.0
78210,-2.058814552489764,-1.9906033235777687,-0.0
78220,-2.04825512868706,-2.0007606722232953,-0.0
78230,-2.0376398802804276,-2.010852792823983,-0.0
78240,-2.0269693000785187,-2.0208793299640826,-0.0
78250,-2.016243883597212,-2.030839932846696,-0.0
78260,-2.005464129007247,-2.040734255317856,-0.0
78270,-1.9946305370816195,-2.050561955889897,-0.0
78280,-1.983743611142751,-2.060322697764148,-0.0
78290,-1.9728038570094333,-2.0700161488529085,-0.0
78300,-1.9618117829435622,-2.0796419818007275,-0.0
78310,-1.9507678995966828,-2.089199874004988,-0.0
78320,-1.939672719956341,-2.0986895076357737,-0.0
78330,-1.9285267592922555,-2.1081105696550355,-0.0
78340,-1.9173305351023306,-2.117462751835049,-0.0
78350,-1.906084567058509,-2.126745750776161,-0.0
78360,-1.894789376952478,-2.1359592679238246,-0.0
78370,-1.8834454886412493,-2.1451030095849317,-0.0
78380,-1.8720534279926018,-2.1541766869434134,-0.0
78390,-1.8606137228304256,-2.163180016075151,-0.0
78400,-1.8491269028799522,-2.172112717962159,-0.0
78410,-1.8375934997128982,-2.1809745185060585,-0.0
78420,-1.8260140466925252,-2.1897651485408383,-0.0
78430,-1.81438907891863,-2.1984843438449007,-0.0
78440,-1.8027191331724766,-2.207131845152402,-0.0
78450,-1.7910047478616677,-2.215707398163865,-0.0
78460,-1.7792464629649911,-2.2242107535560995,-0.0
78470,-1.7674448199772272,-2.232641666991396,-0.0
78480,-1.7556003618539384,-2.2409998991260176,-0.0
78490,-1.7437136329562535,-2.2492852156179834,-0.0
78500,-1.731785178995654,-2.2574973871341437,-0.0
78510,-1.7198155469787637,-2.2656361893565435,-0.0
78520,-1.7078052851521717,-2.2737014029880935,-0.0
78530,-1.695754942947283,-2.281692813757531,-0.0
78540,-1.6836650709252052,-2.2896102124236797,-0.0
78550,-1.6715362207217026,-2.2974533947790223,-0.0
78560,-1.6593689449921942,-2.3052221616525586,-0.0
78570,-1.6471637973568392,-2.3129163189119937,-0.0
78580,-1.634921332345694,-2.3205356774652124,-0.0
78590,-1.6226421053439652,-2.3280800532610826,-0.0
78600,-1.6103266725373666,-2.3355492672895686,-0.0
78610,-1.5979755908575834,-2.3429431455811627,-0.0
78620,-1.5855894179278542,-2.3502615192056338,-0.0
78630,-1.5731687120086908,-2.3575042242701088,-0.0
78640,-1.560714031943731,-2.364671101916479,-0.0
78650,-1.5482259371057425,-2.3717619983181346,-0.0
78660,-1.5357049873427844,-2.3787767646760427,-0.0
78670,-1.5231517429245347,-2.38571525721416,-0.0
78680,-1.5105667644887968,-2.392577337174191,-0.0
78690,-1.4979506129881863,-2.3993628708096932,-0.0
78700,-1.4853038496370128,-2.4060717293795353,-0.0
78710,-1.4726270358583693,-2.4127037891407146,-0.0
78720,-1.4599207332314252,-2.4192589313405324,-0.0
78730,-1.447185503438944,-2.425737042208138,-0.0
78740,-1.4344219082150267,-2.4321380129454457,-0.0
78750,-1.4216305092930925,-2.4384617397174178,-0.0
78760,-1.4088118683541058,-2.4447081236417474,-0.0
78770,-1.3959665469750522,-2.450877070777909,-0.0
78780,-1.3830951065776789,-2.4569684921156125,-0.0
78790,-1.3701981083775003,-2.462982303562647,-0.0
78800,-1.3572761133330864,-2.4689184259321357,-0.0
78810,-1.344329682095624,-2.4747767849291873,-0.0
78820,-1.3313593749587846,-2.480557311136977,-0.0
78830,-1.318365751808879,-2.4862599400022365,-0.0
78840,-1.3053493720753213,-2.4918846118201667,-0.0
78850,-1.2923107946814139,-2.497431271718795,-0.0
78860,-1.2792505779954442,-2.5028998696427665,-0.0
78870,-1.2661692797821107,-2.5082903603365674,-0.0
78880,-1.253067457154287,-2.5136027033272135,-0.0
78890,-1.239945666525128,-2.5188368629063977,-0.0
78900,-1.2268044635605169,-2.523992808112086,-0.0
78910,-1.2136444031318736,-2.5290705127095943,-0.0
78920,-1.200466039269321,-2.534069955172146,-0.0
78930,-1.1872699251152166,-2.538991118660899,-0.0
78940,-1.1740566128780596,-2.5438339910044765,-0.0
78950,-1.1608266537867766,-2.5485985646779903,-0.0
78960,-1.147580598045389,-2.5532848367815646,-0.0
78970,-1.1343189947880765,-2.557892809018383,-0.0
78980,-1.121042392034628,-2.5624224876722335,-0.0
78990,-1.1077513366463019,-2.5668738835846003,-0.0
79000,-1.0944463742820887,-2.5712470121312747,-0.0
79010,-1.0811280493553874,-2.5755418931985146,-0.0
79020,-1.0677969049910965,-2.5797585511587426,-0.0
79030,-1.0544534829831251,-2.5838970148458014,-0.0
79040,-1.0410983237523368,-2.5879573175297783,-0.0
79050,-1.0277319663049203,-2.591939496891392,-0.0
79060,-1.014354948191191,-2.595843594995955,-0.0
79070,-1.0009678054648439,-2.599669658266928,-0.0
79080,-0.9875710726426358,-2.603417737459056,-0.0
79090,-0.9741652826645303,-2.6070878876311165,-0.0
79100,-0.9607509668542822,-2.6106801681182628,-0.0
79110,-0.9473286548804855,-2.61419464250399,-0.0
79120,-0.9338988747180798,-2.617631378591724,-0.0
79130,-0.9204621526103142,-2.6209904483760336,-0.0
79140,-0.9070190130311849,-2.6242719280134894,-0.0
79150,-0.8935699786483363,-2.6274758977931594,-0.0
79160,-0.8801155702864395,-2.6306024421067704,-0.0
79170,-0.8666563068910433,-2.6336516494185203,-0.0
79180,-0.8531927054929042,-2.636623612234561,-0.0
79190,-0.8397252811727972,-2.6395184270721614,-0.0
79200,-0.8262545470268151,-2.6423361944285615,-0.0
79210,-0.8127810141321459,-2.6450770187495016,-0.0
79220,-0.799305191513345,-2.6477410083974693,-0.0
79230,-0.7858275861090969,-2.6503282756196467,-0.0
79240,-0.7723487027394669,-2.652838936515575,-0.0
79250,-0.7588690440736515,-2.6552731110045427,-0.0
79260,-0.7453891105982237,-2.6576309227927086,-0.0
79270,-0.7319094005858742,-2.6599124993399603,-0.0
79280,-0.718430410064657,-2.6621179718265235,-0.0
79290,-0.7049526327877326,-2.664247475119327,-0.0
79300,-0.6914765602036136,-2.666301147738122,-0.0
79310,-0.6780026814269174,-2.668279131821391,-0.0
79320,-0.6645314832096194,-2.670181573092013,-0.0
79330,-0.6510634499128136,-2.6720086208227296,-0.0
79340,-0.6375990634789811,-2.6737604278014064,-0.0
79350,-0.6241388034047618,-2.6754371502960788,-0.0
79360,-0.610683146714238,-2.6770389480198316,-0.0
79370,-0.5972325679327238,-2.6785659840954796,-0.0
79380,-0.5837875390610621,-2.6800184250200703,-0.0
79390,-0.5703485295504309,-2.6813964406292303,-0.0
79400,-0.5569160062776606,-2.6827002040613483,-0.0
79410,-0.5434904335210559,-2.6839298917215992,-0.0
79420,-0.5300722729367283,-2.6850856832458225,-0.0
79430,-0.5166619835354372,-2.6861677614642745,-0.0
79440,-0.5032600216599381,-2.6871763123652395,-0.0
79450,-0.48986684096283784,-2.688111525058518,-0.0
79460,-0.476482892384957,-2.6889735917388013,-0.0
79470,-0.463108624134199,-2.68976270764894,-0.0
79480,-0.44974448166492437,-2.690479071043108,-0.0
79490,-0.4363909076578271,-2.69112288314987,-0.0
79500,-0.42304834200031877,-2.6916943481351674,-0.0
79510,-0.4097172217674102,-2.6921936730652156,-0.0
79520,-0.3963979812030982,-2.6926210678693376,-0.0
79530,-0.3830910517022495,-2.6929767453027273,-0.0
79540,-0.3697968617929837,-2.6932609209091467,-0.0
79550,-0.3565158371195551,-2.6934738129835885,-0.0
79560,-0.3432484004257254,-2.6936156425348643,-0.0
79570,-0.3299949715386354,-2.69368663324819,-0.0
79580,-0.31675596735316425,-2.693687011447704,-0.0
79590,-0.30353180181678047,-2.693617006058979,-0.0
79600,-0.2903228859148817,-2.693476848571512,-0.0
79610,-0.27712962765661936,-2.693266773001205,-0.0
79620,-0.26395243206120733,-2.6929870158528235,-0.0
79630,-0.25079170114471233,-2.6926378160824678,-0.0
79640,-0.2376478339073247,-2.692219415060057,-0.0
79650,-0.22452122632110483,-2.691732056531805,-0.0
79660,-0.21141227131820509,-2.691175986582734,-0.0
79670,-0.1983213587795631,-2.6905514535991952,-0.0
79680,-0.18524887552406644,-2.6898587082314487,-0.0
79690,-0.17219520529818091,-2.689098003356239,-0.0
79700,-0.15916072876604595,-2.6882695940394434,-0.0
79710,-0.1461458235000301,-2.6873737374987674,-0.0
79720,-0.13315086397174472,-2.686410693066474,-0.0
79730,-0.1201762215435134,-2.6853807221521926,-0.0
79740,-0.10722226446029402,-2.6842840882057803,-0.0
79750,-0.09428935784204992,-2.683121056680259,-0.0
79760,-0.0813778636765677,-2.681891894994832,-0.0
79770,-0.0684881408127177,-2.6805968724979694,-0.0
79780,-0.05562054495415443,-2.679236260430593,-0.0
79790,-0.042775428653453754,-2.6778103318893502,-0.0
79800,-0.02995314130668276,-2.676319361789974,-0.0
79810,-0.01715402914839977,-2.6747636268307566,-0.0
79820,-0.004378435247080351,-2.6731434054561305,-0.0
79830,0.008373300499033867,-2.6714589778203495,-0.0
79840,0.021100841365667235,-2.669710625751294,-0.0
79850,0.03380385380582658,-2.6678986327143996,-0.0
79860,0.04648200745270591,-2.666023283776706,-0.0
79870,0.05913497512218282,-2.664084865571035,-0.0
79880,0.07176243281491065,-2.6620836662603122,-0.0
79890,0.08436405971801002,-2.660019975502016,-0.0
79900,0.09693953820636335,-2.6578940844127783,-0.0
79910,0.10948855384351704,-2.655706285533131,-0.0
79920,0.12201079538219393,-2.6534568727923973,-0.0
79930,0.13450595476442154,-2.651146141473755,-0.0
79940,0.14697372712127837,-2.64877438817944,-0.0
79950,0.1594138107722639,-2.6463419107961244,-0.0
79960,0.1718259072242954,-2.6438490084604664,-0.0
79970,0.18420972117033532,-2.6412959815248187,-0.0
79980,0.19656496048765457,-2.6386831315231194,-0.0
79990,0.2088913362357345,-2.636010761136962,-0.0
80000,0.2211885626538129,-2.6332791741618484,-0.0
80010,0.233456357158077,-2.630488675473617,-0.0
80020,0.2456944403385088,-2.6276395709950755,-0.0
80030,0.2579025359553861,-2.624732167662814,-0.0
80040,0.27008037093544385,-2.6217667733942136,-0.0
80050,0.28222767536770066,-2.6187436970546636,-0.0
80060,0.29434418249895267,-2.615663248424966,-0.0
80070,0.3064296287289423,-2.612525738168956,-0.0
80080,0.3184837536052024,-2.609331477801319,-0.0
80090,0.33050629981758484,-2.606080779655634,-0.0
80100,0.34249701319247156,-2.602773956852604,-0.0
80110,0.3544556426866797,-2.5994113232685327,-0.0
80120,0.3663819403810577,-2.595993193503989,-0.0
80130,0.378275661473784,-2.5925198828527143,-0.0
80140,0.3901365642733676,-2.588991707270746,-0.0
80150,0.40196441019135476,-2.5854089833457534,-0.0
80160,0.41375896373475063,-2.581772028266624,-0.0
80170,0.42551999249815686,-2.5780811597932636,-0.0
80180,0.4372472671556274,-2.574336696226624,-0.0
80190,0.4489405614522541,-2.570538956378987,-0.0
80200,0.46059965219547694,-2.5666882595444536,-0.0
80210,0.472224319246133,-2.562784925469699,-0.0
80220,0.4838143455092401,-2.5588292743249452,-0.0
80230,0.49536951692452524,-2.5548216266751886,-0.0
80240,0.5068896224567002,-2.5507623034516698,-0.0
80250,0.5183744540854861,-2.5466516259235714,-0.0
80260,0.5298238067953985,-2.542489915669991,-0.0
80270,0.5412374785652861,-2.538277494552127,-0.0
80280,0.5526152703576416,-2.5340146846857494,-0.0
80290,0.5639569861076734,-2.5297018084138854,-0.0
80300,0.5752624327121575,-2.5253391882797875,-0.0
80310,0.5865314200180619,-2.5209271470001338,-0.0
80320,0.5977637608109545,-2.5164660074384892,-0.0
80330,0.6089592708031969,-2.5119560925790205,-0.0
80340,0.6201177686219299,-2.5073977255004762,-0.0
80350,0.6312390757968485,-2.5027912293504,-0.0
80360,0.6423230167477816,-2.498136927319631,-0.0
80370,0.6533694187720723,-2.4934351426170442,-0.0
80380,0.6643781120317629,-2.4886861984445523,-0.0
80390,0.6753489295405937,-2.4838904179723693,-0.0
80400,0.686281707150819,-2.479048124314546,-0.0
80410,0.6971762835398362,-2.474159640504739,-0.0
80420,0.7080325001966459,-2.4692252894722735,-0.0
80430,0.7188502014081353,-2.4642453940184477,-0.0
80440,0.729629234245195,-2.4592202767931077,-0.0
80450,0.74036944854867,-2.454150260271479,-0.0
80460,0.751070696915155,-2.449035666731275,-0.0
80470,0.761732834682626,-2.44387681823005,-0.0
80480,0.7723557199159271,-2.4386740365828308,-0.0
80490,0.7829392133921063,-2.4334276433400097,-0.0
80500,0.7934831785856049,-2.4281379597654937,-0.0
80510,0.8039874816533117,-2.4228053068151283,-0.0
80520,0.8144519914194749,-2.4174300051153788,-0.0
80530,0.8248765793604841,-2.4120123749422717,-0.0
80540,0.8352611195895259,-2.4065527362006156,-0.0
80550,0.8456054888411088,-2.4010514084034633,-0.0
80560,0.8559095664554729,-2.395508710651861,-0.0
80570,0.8661732343628772,-2.3899249616148404,-0.0
80580,0.8763963770677757,-2.384300479509686,-0.0
80590,0.8865788816328832,-2.378635582082463,-0.0
80600,0.8967206376631324,-2.3729305865888013,-0.0
80610,0.9068215372895313,-2.3671858097749485,-0.0
80620,0.9168814751529194,-2.361401567859082,-0.0
80630,0.9269003483876268,-2.3555781765128754,-0.0
80640,0.9368780566050455,-2.3497159508433407,-0.0
80650,0.9468145018771069,-2.3438152053749124,-0.0
80660,0.9567095887196756,-2.337876254031798,-0.0
80670,0.9665632240758627,-2.331899410120589,-0.0
80680,0.9763753172992603,-2.3258849863131292,-0.0
80690,0.9861457801370982,-2.3198332946296345,-0.0
80700,0.9958745267133318,-2.3137446464220712,-0.0
80710,1.0055614735116598,-2.3076193523577935,-0.0
80720,1.015206539358478,-2.3014577224034305,-0.0
80730,1.0248096454057678,-2.295260065809027,-0.0
80740,1.0343707151139299,-2.2890266910924377,-0.0
80750,1.0438896742345598,-2.282757906023977,-0.0
80760,1.0533664507931688,-2.2764540176113037,-0.0
80770,1.062800975071861,-2.270115332084581,-0.0
80780,1.0721931795919586,-2.263742154881861,-0.0
80790,1.0815429990965846,-2.2573347906347276,-0.0
80800,1.0908503705332073,-2.2508935431541865,-0.0
80810,1.100115233036143,-2.2444187154167925,-0.0
80820,1.1093375279090294,-2.2379106095510295,-0.0
80830,1.1185171986072617,-2.231369526823929,-0.0
80840,1.1276541907204045,-2.2247957676279295,-0.0
80850,1.1367484519545716,-2.218189631467975,-0.0
80860,1.1457999321147878,-2.211551416948857,-0.0
80870,1.1548085830873267,-2.204881421762789,-0.0
80880,1.1637743588220326,-2.198179942677222,-0.0
80890,1.172697215314624,-2.19144727552289,-0.0
80900,1.1815771105889885,-2.184683715182094,-0.0
80910,1.1904140046794605,-2.177889555577212,-0.0
80920,1.1992078596130984,-2.1710650896594466,-0.0
80930,1.207958639391954,-2.164210609397797,-0.0
80940,1.2166663099753368,-2.1573264057682606,-0.0
80950,1.2253308392620796,-2.15041276874326,-0.0
80960,1.2339521970728098,-2.1434699872813,-0.0
80970,1.242530355132216,-2.136498349316838,-0.0
80980,1.2510652870513317,-2.1294981417503855,-0.0
80990,1.2595569683098207,-2.1224696504388243,-0.0
81000,1.2680053762382775,-2.1154131601859465,-0.0
81010,1.2764104900005382,-2.108328954733205,-0.0
81020,1.28477229057601,-2.1012173167506876,-0.0
81030,1.2930907607420188,-2.094078527828298,-0.0
81040,1.3013658850561711,-2.086912868467152,-0.0
81050,1.309597649838745,-2.0797206180711862,-0.0
81060,1.3177860431551025,-2.0725020549389757,-0.0
81070,1.3259310547981242,-2.0652574562557526,-0.0
81080,1.3340326762706785,-2.0579870980856425,-0.0
81090,1.3420909007681157,-2.0506912553640904,-0.0
81100,1.3501057231607971,-2.0433702018905073,-0.0
81110,1.3580771399766554,-2.036024210321099,-0.0
81120,1.3660051493837897,-2.0286535521619027,-0.0
81130,1.3738897511731039,-2.0212584977620263,-0.0
81140,1.381730946740978,-2.0138393163070747,-0.0
81150,1.3895287390719795,-2.006396275812772,-0.0
81160,1.3972831327216269,-1.9989296431187797,-0.0
81170,1.4049941337991823,-1.9914396838827002,-0.0
81180,1.412661749950505,-1.9839266625742764,-0.0
81190,1.4202859903409406,-1.9763908424697667,-0.0
81200,1.4278668656382678,-1.9688324856465205,-0.0
81210,1.4354043879956904,-1.9612518529777236,-0.0
81220,1.4428985710348834,-1.9536492041273343,-0.0
81230,1.4503494298290895,-1.9460247975451903,-0.0
81240,1.4577569808862798,-1.9383788904623103,-0.0
81250,1.4651212421323576,-1.9307117388863524,-0.0
81260,1.472442232894428,-1.9230235975972578,-0.0
81270,1.479719973884129,-1.9153147201430718,-0.0
81280,1.4869544871810156,-1.9075853588359246,-0.0
81290,1.4941457962160096,-1.8998357647481894,-0.0
81300,1.501293925754913,-1.8920661877088059,-0.0
81310,1.5083989018819834,-1.8842768762997704,-0.0
81320,1.5154607519835779,-1.8764680778527891,-0.0
81330,1.5224795047318573,-1.8686400384460928,-0.0
81340,1.5294551900685684,-1.8607930029014181,-0.0
81350,1.5363878391888817,-1.8529272147811349,-0.0
81360,1.5432774845253114,-1.8450429163855466,-0.0
81370,1.5501241597317004,-1.837140348750336,-0.0
81380,1.556927899667273,-1.8292197516441602,-0.0
81390,1.5636887403807749,-1.8212813635664156,-0.0
81400,1.5704067190946678,-1.8133254217451316,-0.0
81410,1.5770818741894115,-1.8053521621350204,-0.0
81420,1.583714245187823,-1.7973618194156835,-0.0
81430,1.590303872739505,-1.7893546269899496,-0.0
81440,1.5968507986053533,-1.7813308169823583,-0.0
81450,1.6033550656421487,-1.7732906202377898,-0.0
81460,1.6098167177872176,-1.7652342663202274,-0.0
81470,1.6162358000431873,-1.7571619835116694,-0.0
81480,1.6226123584628056,-1.7490739988111603,-0.0
81490,1.6289464401338514,-1.740970537933969,-0.0
81500,1.6352380931641293,-1.7328518253109002,-0.0
81510,1.6414873666665388,-1.724718084087724,-0.0
81520,1.6476943107442343,-1.7165695361247515,-0.0
81530,1.653858976475867,-1.708406401996525,-0.0
81540,1.659981415900909,-1.70022890099164,-0.0
81550,1.6660616820050649,-1.6920372511126895,-0.0
81560,1.6720998287057731,-1.6838316690763346,-0.0
81570,1.6780959108377842,-1.6756123703134882,-0.0
81580,1.6840499841388363,-1.667379568969626,-0.0
81590,1.6899621052354121,-1.6591334779052107,-0.0
81600,1.6958323316285853,-1.650874308696233,-0.0
81610,1.7016607216799555,-1.6426022716348663,-0.0
81620,1.7074473345976722,-1.6343175757302348,-0.0
81630,1.7131922304225484,-1.6260204287092943,-0.0
81640,1.7188954700142605,-1.6177110370178167,-0.0
81650,1.7245571150376466,-1.6093896058214907,-0.0
81660,1.7301772279490846,-1.6010563390071195,-0.0
81670,1.7357558719829707,-1.592711439183934,-0.0
81680,1.74129311113828,-1.5843551076849962,-0.0
81690,1.7467890101652261,-1.5759875445687144,-0.0
81700,1.7522436345520107,-1.5676089486204567,-0.0
81710,1.7576570505116593,-1.5592195173542573,-0.0
81720,1.7630293249689568,-1.5508194470146235,-0.0
81730,1.7683605255474721,-1.5424089325784418,-0.0
81740,1.7736507205566752,-1.533988167756971,-0.0
81750,1.7788999789791453,-1.5255573449979312,-0.0
81760,1.7841083704578766,-1.5171166554876827,-0.0
81770,1.7892759652836758,-1.5086662891534985,-0.0
81780,1.7944028343826461,-1.500206434665915,-0.0
81790,1.7994890493037758,-1.4917372794411792,-0.0
81800,1.8045346822066133,-1.4832590096437772,-0.0
81810,1.8095398058490342,-1.4747718101890421,-0.0
81820,1.8145044935751087,-1.4662758647458525,-0.0
81830,1.8194288193030566,-1.4577713557394028,-0.0
81840,1.8243128575133019,-1.4492584643540622,-0.0
81850,1.8291566832366113,-1.4407373705362998,-0.0
81860,1.833960372042343,-1.4322082529977003,-0.0
81870,1.8387240000267684,-1.4236712892180405,-0.0
81880,1.8434476438015055,-1.4151266554484512,-0.0
81890,1.8481313804820403,-1.4065745267146474,-0.0
81900,1.8527752876763341,-1.3980150768202242,-0.0
81910,1.857379443473538,-1.3894484783500336,-0.0
81920,1.8619439264327913,-1.3808749026736198,-0.0
81930,1.8664688155721165,-1.3722945199487262,-0.0
81940,1.8709541903574087,-1.3637074991248692,-0.0
81950,1.8754001306915165,-1.3551140079469726,-0.0
81960,1.8798067169034172,-1.3465142129590686,-0.0
81970,1.884174029737486,-1.3379082795080621,-0.0
81980,1.8885021503428574,-1.3292963717475519,-0.0
81990,1.8927911602628753,-1.3206786526417116,-0.0
82000,1.8970411414246475,-1.312055283969235,-0.0
82010,1.9012521761286783,-1.3034264263273316,-0.0
82020,1.9054243470386014,-1.2947922391357802,-0.0
82030,1.9095577371710062,-1.2861528806410396,-0.0
82040,1.9136524298853523,-1.2775085079204114,-0.0
82050,1.9177085088739747,-1.268859276886253,-0.0
82060,1.9217260581521893,-1.260205342290247,-0.0
82070,1.9257051620484729,-1.251546857727713,-0.0
82080,1.9296459051947554,-1.2428839756419798,-0.0
82090,1.9335483725167852,-1.234216847328793,-0.0
82100,1.9374126492245947,-1.2255456229407795,-0.0
82110,1.9412388208030502,-1.2168704514919493,-0.0
82120,1.9450269730025014,-1.2081914808622511,-0.0
82130,1.948777191829507,-1.1995088578021638,-0.0
82140,1.9524895635376605,-1.1908227279373325,-0.0
82150,1.9561641746185021,-1.1821332357732492,-0.0
82160,1.959801111792516,-1.1734405246999695,-0.0
82170,1.9634004620002237,-1.1647447369968735,-0.0
82180,1.9669623123933573,-1.1560460138374593,-0.0
82190,1.9704867503261225,-1.1473444952941783,-0.0
82200,1.9739738633465596,-1.1386403203433069,-0.0
82210,1.977423739187973,-1.129933626869851,-0.0
82220,1.9808364657604633,-1.1212245516724864,-0.0
82230,1.9842121311425387,-1.112513230468533,-0.0
82240,1.9875508235728154,-1.1037997978989627,-0.0
82250,1.990852631441801,-1.095084387533436,-0.0
82260,1.9941176432837675,-1.0863671318753725,-0.0
82270,1.9973459477686997,-1.0776481623670466,-0.0
82280,2.0005376336943463,-1.068927609394721,-0.0
82290,2.0036927899783357,-1.0602056022937973,-0.0
82300,2.0068115056503855,-1.0514822693540014,-0.0
82310,2.009893869844598,-1.042757737824594,-0.0
82320,2.012939971791833,-1.0340321339196037,-0.0
82330,2.015949900812162,-1.0253055828230864,-0.0
82340,2.0189237463074137,-1.016578208694411,-0.0
82350,2.0218615977537917,-1.0078501346735647,-0.0
82360,2.02476354469458,-0.9991214828864802,-0.0
82370,2.0276296767329263,-0.9903923744503891,-0.0
82380,2.0304600835247055,-0.9816629294791888,-0.0
82390,2.0332548547714664,-0.9729332670888368,-0.0
82400,2.036014080213456,-0.9642035054027565,-0.0
82410,2.0387378496227244,-0.9554737615572685,-0.0
82420,2.0414262527963034,-0.9467441517070342,-0.0
82430,2.0440793795494754,-0.9380147910305193,-0.0
82440,2.0466973197091027,-0.9292857937354702,-0.0
82450,2.049280163107055,-0.9205572730644113,-0.0
82460,2.051827999573696,-0.9118293413001513,-0.0
82470,2.054340918931455,-0.9031021097713055,-0.0
82480,2.056819010988478,-0.894375688857835,-0.0
82490,2.0592623655323434,-0.8856501879965913,-0.0
82500,2.061671072323864,-0.8769257156868798,-0.0
82510,2.0640452210909594,-0.8682023794960309,-0.0
82520,2.066384901522604,-0.8594802860649837,-0.0
82530,2.0686902032628387,-0.8507595411138763,-0.0
82540,2.07096121590488,-0.8420402494476527,-0.0
82550,2.0731980289852756,-0.8333225149616695,-0.0
82560,2.075400731978144,-0.8246064406473175,-0.0
82570,2.0775694142894965,-0.8158921285976495,-0.0
82580,2.0797041652516075,-0.8071796800130133,-0.0
82590,2.0818050741174727,-0.7984691952066912,-0.0
82600,2.08387223005534,-0.7897607736105504,-0.0
82610,2.085905722143297,-0.7810545137806919,-0.0
82620,2.087905639363936,-0.7723505134031076,-0.0
82630,2.089872070599089,-0.7636488692993423,-0.0
82640,2.0918051046246338,-0.7549496774321595,-0.0
82650,2.093704830105356,-0.7462530329112067,-0.0
82660,2.0955713355898906,-0.7375590299986886,-0.0
82670,2.0974047095057324,-0.7288677621150401,-0.0
82680,2.0992050401542985,-0.7201793218445994,-0.0
82690,2.1009724157060767,-0.7114938009412864,-0.0
82700,2.1027069241958207,-0.7028112903342777,-0.0
82710,2.104408653517824,-0.694131880133684,-0.0
82720,2.1060776914212527,-0.6854556596362277,-0.0
82730,2.1077141255055456,-0.6767827173309197,-0.0
82740,2.1093180432158753,-0.6681131409047327,-0.0
82750,2.110889531838675,-0.6594470172482779,-0.0
82760,2.112428678497226,-0.6507844324614738,-0.0
82770,2.113935570147308,-0.6421254718592179,-0.0
82780,2.1154102935729155,-0.6334702199770527,-0.0
82790,2.116852935382029,-0.6248187605768292,-0.0
82800,2.1182635820024522,-0.6161711766523671,-0.0
82810,2.11964231967771,-0.6075275504351116,-0.0
82820,2.120989234463,-0.5988879633997837,-0.0
82830,2.122304412221212,-0.5902524962700285,-0.0
82840,2.123587938619,-0.5816212290240568,-0.0
82850,2.124839899122923,-0.5729942409002823,-0.0
82860,2.126060378995623,-0.5643716104029509,-0.0
82870,2.1272494632920913,-0.5557534153077672,-0.0
82880,2.1284072368559586,-0.5471397326675113,-0.0
82890,2.129533784315868,-0.5385306388176501,-0.0
82900,2.130629190081898,-0.529926209381944,-0.0
82910,2.131693538342027,-0.5213265192780407,-0.0
82920,2.132726913058672,-0.5127316427230665,-0.0
82930,2.1337293979652703,-0.504141653239205,-0.0
82940,2.1347010765629273,-0.4955566236592735,-0.0
82950,2.1356420321170977,-0.4869766261322831,-0.0
82960,2.1365523476543453,-0.47840173212899667,-0.0
82970,2.1374321059591406,-0.4698320124474741,-0.0
82980,2.138281389570708,-0.4612675372186073,-0.0
82990,2.1391002807799397,-0.45270837591164964,-0.0
83000,2.139888861626352,-0.44415459733973084,-0.0
83010,2.140647213895083,-0.43560626966536287,-0.0
83020,2.1413754191139707,-0.4270634604059389,-0.0
83030,2.142073558550647,-0.4185262364392155,-0.0
83040,2.142741713209704,-0.40999466400878865,-0.0
83050,2.1433799638299056,-0.40146880872955665,-0.0
83060,2.1439883908814403,-0.3929487355931715,-0.0
83070,2.1445670745632315,-0.38443450897347897,-0.0
83080,2.145116094800291,-0.3759261926319476,-0.0
83090,2.145635531241127,-0.36742384972308395,-0.0
83100,2.1461254632551863,-0.35892754279983696,-0.0
83110,2.146585969930358,-0.3504373338189895,-0.0
83120,2.1470171300705125,-0.3419532841465367,-0.0
83130,2.147419022193097,-0.33347545456305305,-0.0
83140,2.1477917245267664,-0.3250039052690443,-0.0
83150,2.148135315009064,-0.31653869589028805,-0.0
83160,2.1484498712841504,-0.3080798854831596,-0.0
83170,2.1487354707005704,-0.29962753253994584,-0.0
83180,2.148992190309064,-0.2911816949941433,-0.0
83190,2.149220106860433,-0.28274243022574497,-0.0
83200,2.1494192968034342,-0.2743097950665112,-0.0
83210,2.149589836282722,-0.265883845805227,-0.0
83220,2.1497318011368396,-0.2574646381929453,-0.0
83230,2.1498452668962416,-0.24905222744821595,-0.0
83240,2.149930308781369,-0.2406466682622997,-0.0
83250,2.149987001700752,-0.23224801480436785,-0.0
83260,2.1500154202491655,-0.22385632072668704,-0.0
83270,2.1500156387058262,-0.21547163916978954,-0.0
83280,2.1499877310326103,-0.2070940227676274,-0.0
83290,2.1499317708723416,-0.1987235236527132,-0.0
83300,2.1498478315470857,-0.19036019346124392,-0.0
83310,2.149735986056513,-0.1820040833382107,-0.0
83320,2.149596307076279,-0.17365524394249243,-0.0
83330,2.1494288669564514,-0.1653137254519342,-0.0
83340,2.1492337377199764,-0.1569795775684104,-0.0
83350,2.149010991061177,-0.14865284952287125,-0.0
83360,2.1487606983442946,-0.1403335900803745,-0.0
83370,2.148482930602058,-0.13202184754510105,-0.0
83380,2.148177758534304,-0.12371766976535423,-0.0
83390,2.1478452525066114,-0.1154211041385436,-0.0
83400,2.147485482549001,-0.10713219761615268,-0.0
83410,2.1470985183546367,-0.09885099670869014,-0.0
83420,2.146684429278587,-0.0905775474906251,-0.0
83430,2.1462432843366144,-0.08231189560530665,-0.0
83440,2.1457751522039903,-0.07405408626986609,-0.0
83450,2.1452801012143565,-0.06580416428010383,-0.0
83460,2.144758199358611,-0.05756217401535925,-0.0
83470,2.1442095142838324,-0.04932815944336466,-0.0
83480,2.143634113292234,-0.04110216412508235,-0.0
83490,2.1430320633401507,-0.032884231219525446,-0.0
83500,2.142403431037062,-0.024674403488562164,-0.0
83510,2.1417482826446395,-0.016472723301703476,-0.0
83520,2.1410666840758354,-0.0082792326408743,-0.0
83530,2.140358700893994,-9.397310516797161e-05,-0.0
83540,2.139624398311996,0.008083014084415821,-0.0
83550,2.13886384119144,0.016251688080249776,-0.0
83560,2.1380770940418463,0.024412008403374374,-0.0
83570,2.1372642210198918,0.03256393493880995,-0.0
83580,2.1364252859286794,0.04070742793088538,-0.0
83590,2.135560352217035,0.04884244797858363,-0.0
83600,2.1346694829788273,0.05696895603090371,-0.0
83610,2.1337527409523247,0.06508691338223956,-0.0
83620,2.1328101885195836,0.0731962816677757,-0.0
83630,2.1318418877058463,0.0812970228588991,-0.0
83640,2.130847900178995,0.08938909925862855,-0.0
83650,2.1298282872490035,0.09747247349705966,-0.0
83660,2.1287831098674417,0.10554710852682757,-0.0
83670,2.12771242862699,0.11361296761858553,-0.0
83680,2.126616303760997,0.12167001435650086,-0.0
83690,2.125494795143039,0.1297182126337666,-0.0
83700,2.1243479622865338,0.13775752664813062,-0.0
83710,2.1231758643443626,0.14578792089744114,-0.0
83720,2.12197856010852,0.1538093601752081,-0.0
83730,2.1207561080098007,0.16182180956618256,-0.0
83740,2.1195085661174935,0.1698252344419507,-0.0
83750,2.1182359921391165,0.1778196004565462,-0.0
83760,2.1169384434201675,0.1858048735420776,-0.0
83770,2.115615976943903,0.19378101990437302,-0.0
83780,2.1142686493311413,0.20174800601864096,-0.0
83790,2.112896516840088,0.20970579862514724,-0.0
83800,2.1114996353661843,0.2176543647249085,-0.0
83810,2.110078060441986,0.2255936715754025,-0.0
83820,2.1086318472370538,0.2335236866862929,-0.0
83830,2.107161050557881,0.24144437781517308,-0.0
83840,2.10566572484783,0.249355712963323,-0.0
83850,2.104145924187102,0.2572576603714848,-0.0
83860,2.102601702292724,0.2651501885156523,-0.0
83870,2.1010331125185617,0.27303326610287876,-0.0
83880,2.0994402078553485,0.2809068620670985,-0.0
83890,2.0978230409307406,0.2887709455649654,-0.0
83900,2.096181664009396,0.29662548597170774,-0.0
83910,2.0945161289930656,0.3044704528769975,-0.0
83920,2.092826487420722,0.31230581608083735,-0.0
83930,2.0911127904686864,0.32013154558946083,-0.0
83940,2.0893750889508005,0.3279476116112512,-0.0
83950,2.087613433318597,0.33575398455267247,-0.0
83960,2.085827873661511,0.3435506350142192,-0.0
83970,2.08401845970709,0.351337533786379,-0.0
83980,2.082185240821246,0.3591146518456129,-0.0
83990,2.080328266008511,0.366881960350349,-0.0
84000,2.0784475839123187,0.3746394306369926,-0.0
84010,2.0765432428153052,0.3823870342159514,-0.0
84020,2.0746152906396262,0.3901247427676749,-0.0
84030,2.0726637749473027,0.39785252813871025,-0.0
84040,2.070688742940569,0.4055703623377727,-0.0
84050,2.068690241462256,0.41327821753182975,-0.0
84060,2.0666683169961813,0.4209760660422016,-0.0
84070,2.0646230156675673,0.42866388034067665,-0.0
84080,2.062554383243469,0.43634163304564,-0.0
84090,2.060462465133225,0.44400929691821817,-0.0
84100,2.058347306388926,0.4516668448584379,-0.0
84110,2.056208951705896,0.4593142499013989,-0.0
84120,2.054047445423203,0.46695148521346286,-0.0
84130,2.0518628315241685,0.47457852408845275,-0.0
84140,2.0496551536369165,0.4821953399438725,-0.0
84150,2.0474244550349203,0.4898019063171354,-0.0
84160,2.0451707786375786,0.49739819686180897,-0.0
84170,2.042894167010801,0.5049841853438742,-0.0
84180,2.0405946623676194,0.5125598456379985,-0.0
84190,2.038272306568804,0.5201251517238212,-0.0
84200,2.035927141123502,0.527680077682254,-0.0
84210,2.0335592071899002,0.535224597691797,-0.0
84220,2.0311685455758868,0.5427586860248634,-0.0
84230,2.0287551967397452,0.5502823170441236,-0.0
84240,2.026319200790854,0.5577954651988583,-0.0
84250,2.0238605974904087,0.5652981050213274,-0.0
84260,2.0213794262521527,0.5727902111231512,-0.0
84270,2.018875726143133,0.580271758191706,-0.0
84280,2.016349535884463,0.5877427209865308,-0.0
84290,2.0138008938521033,0.5952030743357497,-0.0
84300,2.0112298380776608,0.6026527931325052,-0.0
84310,2.008636406249199,0.6100918523314047,-0.0
84320,2.006020635712067,0.6175202269449818,-0.0
84330,2.0033825634697378,0.6249378920401671,-0.0
84340,2.000722226184669,0.6323448227347751,-0.0
84350,1.9980396601791728,0.6397409941940005,-0.0
84360,1.9953349014363027,0.64712638162693,-0.0
84370,1.992607985600751,0.6545009602830629,-0.0
84380,1.9898589479797713,0.6618647054488491,-0.0
84390,1.9870878235441019,0.6692175924442333,-0.0
84400,1.9842946469289122,0.676559596619217,-0.0
84410,1.9814794524347634,0.6838906933504288,-0.0
84420,1.9786422740285756,0.6912108580377073,-0.0
84430,1.975783145344619,0.6985200661006984,-0.0
84440,1.9729020996855153,0.7058182929754617,-0.0
84450,1.9699991700232462,0.7131055141110885,-0.0
84460,1.9670743890001885,0.7203817049663341,-0.0
84470,1.9641277889301525,0.7276468410062595,-0.0
84480,1.9611594017994392,0.7349008976988848,-0.0
84490,1.9581692592679083,0.7421438505118545,-0.0
84500,1.955157392670065,0.7493756749091147,-0.0
84510,1.9521238330161523,0.7565963463475999,-0.0
84520,1.9490686109932638,0.7638058402739324,-0.0
84530,1.9459917569664666,0.7710041321211326,-0.0
84540,1.9428933009799374,0.778191197305339,-0.0
84550,1.939773272758115,0.7853670112225414,-0.0
84560,1.9366317017068624,0.7925315492453231,-0.0
84570,1.9334686169146402,0.7996847867196132,-0.0
84580,1.9302840471537035,0.8068266989614532,-0.0
84590,1.9270780208812968,0.8139572612537693,-0.0
84600,1.9238505662408774,0.8210764488431597,-0.0
84610,1.920601711063339,0.828184236936689,-0.0
84620,1.9173314828682557,0.8352806006986944,-0.0
84630,1.9140399088651376,0.8423655152476025,-0.0
84640,1.9107270159546974,0.8494389556527556,-0.0
84650,1.9073928307301309,0.8565008969312481,-0.0
84660,1.9040373794784133,0.8635513140447736,-0.0
84670,1.9006606881815993,0.8705901818964802,-0.0
84680,1.8972627825181512,0.8776174753278396,-0.0
84690,1.8938436878642624,0.8846331691155203,-0.0
84700,1.890403429295209,0.891637237968277,-0.0
84710,1.886942031586702,0.8986296565238424,-0.0
84720,1.8834595192162586,0.9056103993458354,-0.0
84730,1.879955916364587,0.9125794409206744,-0.0
84740,1.8764312469169795,0.9195367556545025,-0.0
84750,1.8728855344647244,0.926482317870121,-0.0
84760,1.8693188023065208,0.9334161018039304,-0.0
84770,1.8657310734499166,0.9403380816028839,-0.0
84780,1.862122370612754,0.9472482313214496,-0.0
84790,1.8584927162246243,0.9541465249185779,-0.0
84800,1.854842132428347,0.9610329362546839,-0.0
84810,1.8511706410814448,0.9679074390886324,-0.0
84820,1.8474782637576463,0.974770007074738,-0.0
84830,1.8437650217483907,0.9816206137597675,-0.0
84840,1.8400309360643543,0.9884592325799579,-0.0
84850,1.8362760274369807,0.995285836858037,-0.0
84860,1.8325003163200304,1.0021003998002564,-0.0
84870,1.8287038228911403,1.0089028944934328,-0.0
84880,1.8248865670533916,1.015693293901993,-0.0
84890,1.821048568436902,1.0224715708650347,-0.0
84900,1.8171898464004168,1.029237698093391,-0.0
84910,1.813310420032926,1.0359916481667046,-0.0
84920,1.8094103081552775,1.042733393530507,-0.0
84930,1.805489529321825,1.0494629064933139,-0.0
84940,1.8015481018220634,1.056180159223716,-0.0
84950,1.797586043682304,1.0628851237474946,-0.0
84960,1.7936033726673346,1.069577771944726,-0.0
84970,1.7896001062821194,1.0762580755469122,-0.0
84980,1.7855762617734876,1.0829260061341053,-0.0
84990,1.7815318561318536,1.0895815351320466,-0.0
85000,1.777466906092939,1.0962246338093145,-0.0
85010,1.7733814281395124,1.1028552732744752,-0.0
85020,1.76927543850314,1.1094734244732443,-0.0
85030,1.7651489531659506,1.1160790581856566,-0.0
85040,1.7610019878624144,1.1226721450232402,-0.0
85050,1.7568345580811295,1.1292526554262021,-0.0
85060,1.7526466790666302,1.1358205596606172,-0.0
85070,1.748438365821203,1.1423758278156297,-0.0
85080,1.744209633106713,1.1489184298006554,-0.0
85090,1.739960495446453,1.1554483353425982,-0.0
85100,1.735690967126995,1.1619655139830678,-0.0
85110,1.731401062200065,1.1684699350756105,-0.0
85120,1.727090794484422,1.1749615677829406,-0.0
85130,1.7227601775677592,1.1814403810741856,-0.0
85140,1.7184092248086098,1.1879063437221333,-0.0
85150,1.7140379493382762,1.1943594243004896,-0.0
85160,1.7096463640627633,1.2007995911811404,-0.0
85170,1.7052344816647325,1.2072268125314232,-0.0
85180,1.7008023146054643,1.213641056311403,-0.0
85190,1.6963498751268415,1.2200422902711594,-0.0
85200,1.6918771752533368,1.226430481948074,-0.0
85210,1.687384226794024,1.2328055986641324,-0.0
85220,1.6828710413445944,1.2391676075232245,-0.0
85230,1.678337630289396,1.2455164754084627,-0.0
85240,1.6737840048034796,1.251852168979494,-0.0
85250,1.6692101758546614,1.2581746546698296,-0.0
85260,1.6646161542056035,1.2644838986841762,-0.0
85270,1.6600019504159023,1.2707798669957735,-0.0
85280,1.6553675748441963,1.2770625253437415,-0.0
85290,1.6507130376502863,1.2833318392304327,-0.0
85300,1.6460383487972714,1.28958777391879,-0.0
85310,1.6413435180536966,1.2958302944297129,-0.0
85320,1.6366285549957222,1.3020593655394317,-0.0
85330,1.6318934690092977,1.3082749517768844,-0.0
85340,1.6271382692923573,1.314477017421101,-0.0
85350,1.6223629648570332,1.3206655264986005,-0.0
85360,1.6175675645318772,1.3268404427807878,-0.0
85370,1.6127520769640964,1.333001729781355,-0.0
85380,1.607916510621815,1.3391493507537002,-0.0
85390,1.6030608737963403,1.345283268688343,-0.0
85400,1.5981851746044493,1.3514034463103493,-0.0
85410,1.5932894209906865,1.3575098460767634,-0.0
85420,1.5883736207296868,1.3636024301740495,-0.0
85430,1.5834377814285032,1.3696811605155343,-0.0
85440,1.5784819105289543,1.3757459987388574,-0.0
85450,1.5735060153099911,1.3817969062034334,-0.0
85460,1.5685101028900763,1.3878338439879152,-0.0
85470,1.5634941802295785,1.3938567728876659,-0.0
85480,1.5584582541331868,1.3998656534122362,-0.0
85490,1.553402331252337,1.4058604457828516,-0.0
85500,1.5483264180876584,1.4118411099299022,-0.0
85510,1.5432305209914323,1.4178076054904416,-0.0
85520,1.5381146461700748,1.4237598918056933,-0.0
85530,1.5329787996866275,1.4296979279185613,-0.0
85540,1.5278229874632694,1.4356216725711495,-0.0
85550,1.522647215283848,1.4415310842022877,-0.0
85560,1.5174514887964192,1.4474261209450612,-0.0
85570,1.5122358135158165,1.4533067406243538,-0.0
85580,1.5070001948262262,1.4591729007543912,-0.0
85590,1.5017446379837862,1.465024558536295,-0.0
85600,1.4964691481191998,1.4708616708556426,-0.0
85610,1.491173730240369,1.4766841942800335,-0.0
85620,1.4858583892350439,1.4824920850566645,-0.0
85630,1.4805231298734896,1.4882852991099085,-0.0
85640,1.4751679568111746,1.4940637920389066,-0.0
85650,1.4697928745914688,1.4998275191151562,-0.0
85660,1.4643978876483732,1.5055764352801226,-0.0
85670,1.4589830003092532,1.5113104951428415,-0.0
85680,1.4535482167976006,1.5170296529775393,-0.0
85690,1.4480935412358098,1.5227338627212559,-0.0
85700,1.442618977647975,1.5284230779714787,-0.0
85710,1.4371245299627036,1.5340972519837803,-0.0
85720,1.4316102020159476,1.5397563376694632,-0.0
85730,1.4260759975538608,1.54540028759322,-0.0
85740,1.4205219202356665,1.5510290539707883,-0.0
85750,1.4149479736365504,1.556642588666626,-0.0
85760,1.4093541612505698,1.5622408431915844,-0.0
85770,1.403740486493585,1.5678237687005985,-0.0
85780,1.3981069527062089,1.5733913159903763,-0.0
85790,1.3924535631567743,1.5789434354971021,-0.0
85800,1.3867803210443255,1.5844800772941443,-0.0
85810,1.3810872295016259,1.5900011910897738,-0.0
85820,1.3753742915981912,1.595506726224891,-0.0
85830,1.3696415103433337,1.6009966316707582,-0.0
85840,1.3638888886892389,1.6064708560267438,-0.0
85850,1.3581164295340507,1.6119293475180692,-0.0
85860,1.35232413572499,1.6173720539935774,-0.0
85870,1.3465120100614794,1.62279892292349,-0.0
85880,1.3406800552983043,1.6282099013971942,-0.0
85890,1.3348282741487831,1.6336049361210219,-0.0
85900,1.3289566692879664,1.638983973416051,-0.0
85910,1.3230652433558516,1.6443469592159035,-0.0
85920,1.3171539989606231,1.6496938390645628,-0.0
85930,1.3112229386819156,1.6550245581141956,-0.0
85940,1.305272065074094,1.6603390611229847,-0.0
85950,1.2993013806695597,1.6656372924529688,-0.0
85960,1.2933108879820763,1.6709191960678969,-0.0
85970,1.2873005895101184,1.676184715531085,-0.0
85980,1.2812704877402468,1.681433794003293,-0.0
85990,1.2752205851504983,1.686666374240603,-0.0
86000,1.269150884213803,1.6918823985923073,-0.0
86010,1.263061387401428,1.697081808998818,-0.0
86020,1.2569520971864363,1.7022645469895727,-0.0
86030,1.250823016047172,1.7074305536809589,-0.0
86040,1.2446741464707733,1.7125797697742482,-0.0
86050,1.238505490956702,1.7177121355535412,-0.0
86060,1.2323170520202993,1.722827590883721,-0.0
86070,1.2261088321963687,1.7279260752084213,-0.0
86080,1.2198808340427754,1.7330075275480035,-0.0
86090,1.2136330601440775,1.7380718864975457,-0.0
86100,1.2073655131151775,1.7431190902248472,-0.0
86110,1.201078195604995,1.7481490764684346,-0.0
86120,1.194771110300171,1.7531617825355914,-0.0
86130,1.1884442599287917,1.7581571453003955,-0.0
86140,1.182097647264138,1.7631351012017655,-0.0
86150,1.1757312751284605,1.7680955862415226,-0.0
86160,1.169345146396781,1.7730385359824696,-0.0
86170,1.1629392640007126,1.7779638855464692,-0.0
86180,1.1565136309323152,1.7828715696125534,-0.0
86190,1.150068250247969,1.7877615224150316,-0.0
86200,1.1436031250722762,1.79263367774162,-0.0
86210,1.1371182586019868,1.797487968931579,-0.0
86220,1.1306136541099523,1.8023243288738695,-0.0
86230,1.124089314949106,1.8071426900053222,-0.0
86240,1.1175452445564655,1.8119429843088164,-0.0
86250,1.1109814464571675,1.8167251433114817,-0.0
86260,1.1043979242685227,1.8214890980829048,-0.0
86270,1.0977946817041013,1.8262347792333575,-0.0
86280,1.0911717225778454,1.8309621169120391,-0.0
86290,1.0845290508082055,1.8356710408053307,-0.0
86300,1.0778666704223079,1.8403614801350707,-0.0
86310,1.0711845855601445,1.8450333636568388,-0.0
86320,1.0644828004787938,1.8496866196582598,-0.0
86330,1.05776131955667,1.8543211759573288,-0.0
86340,1.0510201472977942,1.8589369599007406,-0.0
86350,1.0442592883360988,1.8635338983622463,-0.0
86360,1.0374787474397589,1.8681119177410237,-0.0
86370,1.0306785295155483,1.8726709439600615,-0.0
86380,1.0238586396132277,1.877210902464567,-0.0
86390,1.0170190829299608,1.8817317182203879,-0.0
86400,1.0101598648147543,1.8862333157124482,-0.0
86410,1.0032809907729323,1.890715618943211,-0.0
86420,0.9963824664706357,1.8951785514311548,-0.0
86430,0.9894642977393515,1.8996220362092655,-0.0
86440,0.9825264905804733,1.904045995823556,-0.0
86450,0.9755690511698841,1.9084503523315945,-0.0
86460,0.9685919858625783,1.9128350273010613,-0.0
86470,0.9615953011973032,1.9171999418083214,-0.0
86480,0.9545790039012365,1.9215450164370176,-0.0
86490,0.9475431008946927,1.9258701712766852,-0.0
86500,0.9404875992958547,1.930175325921384,-0.0
86510,0.9334125064255387,1.9344603994683547,-0.0
86520,0.9263178298119916,1.938725310516697,-0.0
86530,0.9192035771957141,1.9429699771660698,-0.0
86540,0.9120697565343129,1.9471943170154056,-0.0
86550,0.9049163760073899,1.9513982471616593,-0.0
86560,0.8977434440214557,1.955581684198572,-0.0
86570,0.8905509692148758,1.959744544215458,-0.0
86580,0.8833389604628465,1.963886742796016,-0.0
86590,0.8761074268824052,1.9680081950171688,-0.0
86600,0.8688563778374653,1.9721088154479167,-0.0
86610,0.8615858229438879,1.9761885181482233,-0.0
86620,0.8542957720745817,1.9802472166679264,-0.0
86630,0.8469862353646345,1.9842848240456665,-0.0
86640,0.839657223216476,1.9883012528078472,-0.0
86650,0.8323087463050726,1.9922964149676217,-0.0
86660,0.8249408155831526,1.996270222023898,-0.0
86670,0.8175534422864641,2.0002225849603787,-0.0
86680,0.8101466379390648,2.004153414244627,-0.0
86690,0.8027204143586405,2.0080626198271503,-0.0
86700,0.7952747836618603,2.0119501111405227,-0.0
86710,0.7878097582697611,2.015815797098536,-0.0
86720,0.7803253509131615,2.0196595860953614,-0.0
86730,0.7728215746381144,2.0234813860047667,-0.0
86740,0.7652984428113854,2.027281104179338,-0.0
86750,0.7577559691259669,2.0310586474497483,-0.0
86760,0.7501941676066232,2.0348139221240444,-0.0
86770,0.7426130526154688,2.0385468339869726,-0.0
86780,0.7350126388575804,2.0422572882993317,-0.0
86790,0.7273929413866361,2.045945189797353,-0.0
86800,0.7197539756105946,2.049610442692121,-0.0
86810,0.712095757297401,2.053252950669016,-0.0
86820,0.7044183025807299,2.0568726168872016,-0.0
86830,0.6967216279657563,2.0604693439791286,-0.0
86840,0.6890057503349648,2.0640430340500897,-0.0
86850,0.6812706869539878,2.067593588677795,-0.0
86860,0.6735164554774766,2.0711209089119866,-0.0
86870,0.6657430739550092,2.0746248952740918,-0.0
86880,0.6579505608370252,2.0781054477569016,-0.0
86890,0.6501389349807993,2.0815624658242937,-0.0
86900,0.6423082156564461,2.0849958484109936,-0.0
86910,0.6344584225529537,2.088405493922356,-0.0
86920,0.6265895757842577,2.0917913002342043,-0.0
86930,0.618701695895343,2.0951531646926953,-0.0
86940,0.6107948038683795,2.0984909841142194,-0.0
86950,0.6028689211288935,2.1018046547853517,-0.0
86960,0.5949240695519694,2.1050940724628333,-0.0
86970,0.5869602714684848,2.1083591323735864,-0.0
86980,0.5789775496713809,2.111599729214787,-0.0
86990,0.5709759274219633,2.11481575715396,-0.0
87000,0.5629554284562386,2.1180071098291298,-0.0
87010,0.5549160769912799,2.1211736803489973,-0.0
87020,0.5468578977316307,2.1243153612931756,-0.0
87030,0.5387809158757378,2.1274320447124526,-0.0
87040,0.5306851571224191,2.1305236221291133,-0.0
87050,0.5225706476773625,2.1335899845372857,-0.0
87060,0.5144374142596604,2.136631022403351,-0.0
87070,0.5062854841083756,2.139646625666388,-0.0
87080,0.4981148849891392,2.1426366837386603,-0.0
87090,0.4899256452007818,2.1456010855061547,-0.0
87100,0.48171779358199884,2.1485397193291678,-0.0
87110,0.47349135951804705,2.151452473042934,-0.0
87120,0.46524637294747284,2.154339233958301,-0.0
87130,0.45698286436887586,2.157199888862465,-0.0
87140,0.44870086484770116,2.1600343240197346,-0.0
87150,0.44040040602306746,2.1628424251723626,-0.0
87160,0.4320815201146239,2.1656240775414126,-0.0
87170,0.4237442399294434,2.1683791658276954,-0.0
87180,0.41538859886894275,2.1711075742127326,-0.0
87190,0.40701463093583873,2.1738091863597893,-0.0
87200,0.39862237074113405,2.1764838854149544,-0.0
87210,0.3902118535111358,2.179131554008271,-0.0
87220,0.38178311509450363,2.1817520742549217,-0.0
87230,0.373336191969332,2.18434532775647,-0.0
87240,0.3648711212502615,2.186911195602155,-0.0
87250,0.3563879406956217,2.189449558370241,-0.0
87260,0.3478866887146056,2.1919602961294222,-0.0
87270,0.3393674043744739,2.1944432884402887,-0.0
87280,0.3308301274077899,2.1968984143568404,-0.0
87290,0.32227489821968575,2.199325552428071,-0.0
87300,0.3137017578951574,2.2017245806995995,-0.0
87310,0.3051107482063906,2.2040953767153653,-0.0
87320,0.29650191162011663,2.206437817519392,-0.0
87330,0.28787529130499623,2.208751779657588,-0.0
87340,0.2792309311390351,2.2110371391796364,-0.0
87350,0.27056887571702665,2.2132937716409287,-0.0
87360,0.26188917035802406,2.215521552104562,-0.0
87370,0.25319186111284153,2.2177203551434084,-0.0
87380,0.24447699477158363,2.2198900548422427,-0.0
87390,0.2357446188712023,2.222030524799933,-0.0
87400,0.226994781703082,2.224141638131695,-0.0
87410,0.21822753232065295,2.226223267471422,-0.0
87420,0.2094429205470306,2.2282752849740706,-0.0
87430,0.2006409969826829,2.2302975623181185,-0.0
87440,0.19182181301312415,2.232289970708092,-0.0
87450,0.1829854208166347,2.2342523808771544,-0.0
87460,0.1741318733720072,2.2361846630897757,-0.0
87470,0.16526122446631838,2.238086687144459,-0.0
87480,0.15637352870272617,2.2399583223765487,-0.0
87490,0.14746884150829215,2.2417994376611055,-0.0
87500,0.13854721914182805,2.2436099014158506,-0.0
87510,0.12960871870176702,2.245389581604191,-0.0
87520,0.12065339813405862,2.2471383457383065,-0.0
87530,0.11168131624008776,2.2488560608823263,-0.0
87540,0.10269253268461581,2.250542593655564,-0.0
87550,0.09368710800374544,2.252197810235842,-0.0
87560,0.08466510361290716,2.2538215763628853,-0.0
87570,0.07562658181486794,2.2554137573417927,-0.0
87580,0.06657160580776127,2.256974218046593,-0.0
87590,0.0575002396931379,2.2585028229238615,-0.0
87600,0.048412548484037705,2.2599994359964484,-0.0
87610,0.03930859811308084,2.261463920867248,-0.0
87620,0.030188455440579045,2.2628961407230808,-0.0
87630,0.021052188262665732,2.2642959583386437,-0.0
87640,0.011899865319444678,2.2656632360805378,-0.0
87650,0.0027315563031567575,2.2669978359113934,-0.0
87660,-0.006452668133635817,2.268299619394064,-0.0
87670,-0.015652736369848264,2.2695684476959177,-0.0
87680,-0.024868575807655627,2.270804181593204,-0.0
87690,-0.03410011286425924,2.2720066814755118,-0.0
87700,-0.04334727296363807,2.273175807350318,-0.0
87710,-0.05260998052828518,2.274311418847613,-0.0
87720,-0.061888158970930196,2.2754133752246233,-0.0
87730,-0.07118173068624849,2.2764815353706243,-0.0
87740,-0.0804906170425569,2.277515757811831,-0.0
87750,-0.08981473837349829,2.278515900716401,-0.0
87760,-0.09915401396971335,2.2794818218995023,-0.0
87770,-0.1085083620705023,2.280413378828495,-0.0
87780,-0.11787769985547633,2.281310428628198,-0.0
87790,-0.12726194343619893,2.282172828086245,-0.0
87800,-0.1366610078478191,2.2830004336585423,-0.0
87810,-0.14607480704069623,2.2837931014748207,-0.0
87820,-0.15550325387201697,2.2845506873442742,-0.0
87830,-0.1649462600974065,2.285273046761312,-0.0
87840,-0.17440373636253345,2.285960034911395,-0.0
87850,-0.18387559219470906,2.2866115066769694,-0.0
87860,-0.1933617359944833,2.287227316643513,-0.0
87870,-0.20286207502723633,2.2878073191056645,-0.0
87880,-0.21237651541476796,2.2883513680734686,-0.0
87890,-0.22190496212688454,2.2888593172787077,-0.0
87900,-0.23144731897298562,2.289331020181348,-0.0
87910,-0.24100348859364995,2.289766329976084,-0.0
87920,-0.2505733724522218,2.29016509959898,-0.0
87930,-0.2601568708263994,2.290527181734226,-0.0
87940,-0.26975388279982604,2.290852428820995,-0.0
87950,-0.27936430625368347,2.2911406930604,-0.0
87960,-0.288988037858291,2.2913918264225703,-0.0
87970,-0.29862497306470837,2.2916056806538165,-0.0
87980,-0.30827500609634617,2.291782107283926,-0.0
87990,-0.3179380299405828,2.2919209576335473,-0.0
88000,-0.3276139363403891,2.2920220828216915,-0.0
88010,-0.33730261578596304,2.2920853337733464,-0.0
88020,-0.3470039575063745,2.2921105612272004,-0.0
88030,-0.3567178494612207,2.2920976157434696,-0.0
88040,-0.366444178332294,2.2920463477118505,-0.0
88050,-0.3761828295152639,2.291956607359576,-0.0
88060,-0.38593368711137194,2.291828244759582,-0.0
88070,-0.3956966339191443,2.2916611098388047,-0.0
88080,-0.4054715514261183,2.291455052386572,-0.0
88090,-0.41525831980058925,2.2912099220631243,-0.0
88100,-0.42505681788337507,2.2909255684082495,-0.0
88110,-0.4348669231796003,2.290601840850027,-0.0
88120,-0.44468851185050273,2.2902385887136996,-0.0
88130,-0.45452145870526156,2.289835661230656,-0.0
88140,-0.4643656371928505,2.28939290754754,-0.0
88150,-0.47422091939391353,2.2889101767354667,-0.0
88160,-0.4840871760126691,2.288387317799374,-0.0
88170,-0.49396427636884105,2.2878241796874836,-0.0
88180,-0.5038520883896168,2.2872206113008837,-0.0
88190,-0.5137504786016379,2.286576461503243,-0.0
88200,-0.52365931212302,2.2858915791306345,-0.0
88210,-0.5335784526554077,2.2851658130014965,-0.0
88220,-0.5435077624760593,2.2843990119266997,-0.0
88230,-0.5534471024299722,2.2835910247197577,-0.0
88240,-0.563396331922041,2.2827417002071484,-0.0
88250,-0.5733553089092556,2.281850887238765,-0.0
88260,-0.5833238898929384,2.2809184346984948,-0.0
88270,-0.5933019299110214,2.2799441915149186,-0.0
88280,-0.6032892825303693,2.278928006672149,-0.0
88290,-0.613285799839142,2.2778697292207823,-0.0
88300,-0.6232913324392049,2.2767692082889823,-0.0
88310,-0.6333057294385863,2.2756262930936995,-0.0
88320,-0.6433288384439839,2.2744408329520125,-0.0
88330,-0.6533605055533169,2.2732126772926,-0.0
88340,-0.6634005753483366,2.27194167566734,-0.0
88350,-0.6734488908872831,2.2706276777630436,-0.0
88360,-0.6835052936976025,2.2692705334133225,-0.0
88370,-0.693569623768716,2.2678700926105746,-0.0
88380,-0.70364171954485,2.266426205518112,-0.0
88390,-0.7137214179179235,2.26493872248242,-0.0
88400,-0.7238085542204991,2.2634074940455444,-0.0
88410,-0.7339029622187936,2.2618323709576105,-0.0
88420,-0.7440044741057574,2.2602132041894825,-0.0
88430,-0.7541129204942159,2.258549844945542,-0.0
88440,-0.7642281304100826,2.256842144676619,-0.0
88450,-0.774349931285639,2.2550899550930366,-0.0
88460,-0.7844781489528896,2.2532931281778077,-0.0
88470,-0.7946126076369842,2.2514515161999458,-0.0
88480,-0.8047531299497233,2.2495649717279345,-0.0
88490,-0.8148995368831337,2.2476333476433097,-0.0
88500,-0.8250516478031265,2.2456564971543886,-0.0
88510,-0.8352092804432334,2.243634273810129,-0.0
88520,-0.8453722508984303,2.2415665315141324,-0.0
88530,-0.8555403736190369,2.239453124538765,-0.0
88540,-0.8657134614047096,2.23729390753943,-0.0
88550,-0.8758913253985209,2.235088735568968,-0.0
88560,-0.8860737750811276,2.232837464092199,-0.0
88570,-0.8962606182650319,2.2305399490005886,-0.0
88580,-0.9064516610889352,2.228196046627063,-0.0
88590,-0.916646708012192,2.2258056137609525,-0.0
88600,-0.9268455618093534,2.223368507663065,-0.0
88610,-0.9370480235648232,2.220884586080914,-0.0
88620,-0.9472538926676023,2.2183537072640593,-0.0
88630,-0.9574629668061468,2.215775729979598,-0.0
88640,-0.9676750419633282,2.2131505135277867,-0.0
88650,-0.9778899124115028,2.2104779177577987,-0.0
88660,-0.9881073707076902,2.2077578030836147,-0.0
88670,-0.9983272076888675,2.204990030500055,-0.0
88680,-1.0085492124673716,2.202174461598933,-0.0
88690,-1.018773172426426,2.1993109585853627,-0.0
88700,-1.0289988732157787,2.196399384294176,-0.0
88710,-1.0392260987474673,2.193439602206501,-0.0
88720,-1.0494546311917032,2.19043147646645,-0.0
88730,-1.0596842509728834,2.187374871897959,-0.0
88740,-1.0699147367657258,2.184269654021743,-0.0
88750,-1.0801458654915403,2.181115689072401,-0.0
88760,-1.0903774123146268,2.1779128440156423,-0.0
88770,-1.100609150638808,2.1746609865656437,-0.0
88780,-1.1108408521041016,2.1713599852025482,-0.0
88790,-1.1210722865835268,2.168009709190083,-0.0
88800,-1.1313032221800563,2.164610028593314,-0.0
88810,-1.1415334252237046,2.1611608142965246,-0.0
88820,-1.1517626602687718,2.1576619380212336,-0.0
88830,-1.161990690091224,2.154113272344328,-0.0
88840,-1.1722172756862332,2.150514690716337,-0.0
88850,-1.1824421762658612,2.146866067479817,-0.0
88860,-1.1926651492569091,2.143167277887885,-0.0
88870,-1.2028859502989084,2.1394181981228524,-0.0
88880,-1.21310433324229,2.135618705315004,-0.0
88890,-1.2233200501466948,2.131768677561487,-0.0
88900,-1.2335328512794694,2.127867993945335,-0.0
88910,-1.2437424851143106,2.1239165345546027,-0.0
88920,-1.2539486983300872,2.119914180501626,-0.0
88930,-1.2641512358098335,2.11586081394241,-0.0
88940,-1.2743498406399145,2.1117563180961243,-0.0
88950,-1.2845442541093657,2.1076005772647215,-0.0
88960,-1.2947342157094133,2.1033934768526747,-0.0
88970,-1.304919463133178,2.09913490338683,-0.0
88980,-1.3150997322755535,2.09482474453637,-0.0
88990,-1.325274757233284,2.0904628891329002,-0.0
89000,-1.335444270305213,2.086049227190634,-0.0
89010,-1.3456080019927403,2.0815836499267046,-0.0
89020,-1.3557656810004557,2.077066049781569,-0.0
89030,-1.3659170342369835,2.072496320439543,-0.0
89040,-1.3760617868160114,2.0678743568494204,-0.0
89050,-1.386199662057528,2.063200055245213,-0.0
89060,-1.3963303814892616,2.0584733131669903,-0.0
89070,-1.406453664848319,2.0536940294818185,-0.0
89080,-1.4165692300830421,2.0488621044048103,-0.0
89090,-1.4266767933550628,2.0439774395202615,-0.0
89100,-1.4367760690415803,2.039039937802897,-0.0
89110,-1.446866769737846,2.0340495036392054,-0.0
89120,-1.4569486062598718,2.029006042848876,-0.0
89130,-1.4670212876473523,2.0239094627063166,-0.0
89140,-1.4770845211668153,2.018759671962279,-0.0
89150,-1.4871380123149895,2.0135565808655556,-0.0
89160,-1.4971814648224093,2.0083001011847808,-0.0
89170,-1.5072145806572372,2.002990146230302,-0.0
89180,-1.517237060029328,1.997626630876147,-0.0
89190,-1.5272486013945237,1.9922094715820675,-0.0
89200,-1.5372489014591795,1.9867385864156553,-0.0
89210,-1.5472376551849414,1.9812138950745528,-0.0
89220,-1.557214555793753,1.9756353189087208,-0.0
89230,-1.5671792947731116,1.9700027809427898,-0.0
89240,-1.577131561881569,1.9643162058984789,-0.0
89250,-1.5870710451544845,1.958575520217085,-0.0
89260,-1.59699743091002,1.9527806520820308,-0.0
89270,-1.6069104037554014,1.9469315314414941,-0.0
89280,-1.6168096465934187,1.9410280900310724,-0.0
89290,-1.6266948406292006,1.9350702613965332,-0.0
89300,-1.636565665377234,1.929057980916598,-0.0
89310,-1.6464217986686607,1.9229911858258009,-0.0
89320,-1.6562629166588232,1.916869815237377,-0.0
89330,-1.6660886938350905,1.9106938101662203,-0.0
89340,-1.6758988030249424,1.9044631135518684,-0.0
89350,-1.685692915404332,1.8981776702815456,-0.0
89360,-1.6954707005063168,1.8918374272132348,-0.0
89370,-1.7052318262299702,1.885442333198799,-0.0
89380,-1.7149759588495639,1.878992339107123,-0.0
89390,-1.7247027630240352,1.8724873978472982,-0.0
89400,-1.7344119018067343,1.8659274643918318,-0.0
89410,-1.7441030366554529,1.8593124957998775,-0.0
89420,-1.7537758274427429,1.8526424512404993,-0.0
89430,-1.7634299324665204,1.8459172920159443,-0.0
89440,-1.7730650084609585,1.839136981584935,-0.0
89450,-1.7826807106076747,1.8323014855859794,-0.0
89460,-1.7922766925472082,1.8254107718606816,-0.0
89470,-1.8018526063907954,1.8184648104770669,-0.0
89480,-1.811408102732442,1.811463573752907,-0.0
89490,-1.820942830661294,1.8044070362790432,-0.0
89500,-1.8304564377743109,1.7972951749427089,-0.0
89510,-1.8399485701892386,1.7901279689508418,-0.0
89520,-1.8494188725578888,1.7829053998533846,-0.0
89530,-1.858866988079728,1.7756274515665795,-0.0
89540,-1.8682925585157648,1.7682941103962304,-0.0
89550,-1.8776952242027574,1.7609053650609543,-0.0
89560,-1.887074624067725,1.7534612067154043,-0.0
89570,-1.896430395642777,1.745961628973462,-0.0
89580,-1.9057621750802456,1.7384066279313948,-0.0
89590,-1.915069597168152,1.7307962021909822,-0.0
89600,-1.9243522953459713,1.723130352882594,-0.0
89610,-1.933609901720726,1.7154090836882285,-0.0
89620,-1.9428420470833967,1.707632400864498,-0.0
89630,-1.9520483609256547,1.6998003132655661,-0.0
89640,-1.9612284714569141,1.691912832366022,-0.0
89650,-1.9703820056217092,1.6839699722836954,-0.0
89660,-1.9795085891173971,1.6759717498024105,-0.0
89670,-1.988607846412182,1.6679181843946598,-0.0
89680,-1.9976794007634744,1.6598092982442167,-0.0
89690,-2.0067228742365697,1.651645116268662,-0.0
89700,-2.015737887723654,1.643425666141821,-0.0
89710,-2.024724060963153,1.6351509783161333,-0.0
89720,-2.0336810125593967,1.6268210860449102,-0.0
89730,-2.0426083600026197,1.6184360254045078,-0.0
89740,-2.051505719689293,1.6099958353163943,-0.0
89750,-2.0603727069427986,1.6015005575691181,-0.0
89760,-2.0692089360344164,1.5929502368401574,-0.0
89770,-2.0780140202046637,1.584344920717662,-0.0
89780,-2.086787571684962,1.575684659722076,-0.0
89790,-2.095529201719632,1.5669695073276293,-0.0
89800,-2.104238520588237,1.5581995199837106,-0.0
89810,-2.1129151376282524,1.5493747571361025,-0.0
89820,-2.1215586612580677,1.5404952812480712,-0.0
89830,-2.1301686990003375,1.5315611578213297,-0.0
89840,-2.138744857505652,1.5225724554168356,-0.0
89850,-2.1472867425765587,1.5135292456754479,-0.0
89860,-2.155793959191906,1.504431603338419,-0.0
89870,-2.1642661115315343,1.4952796062677294,-0.0
89880,-2.172702803001297,1.486073335466251,-0.0
89890,-2.181103636258412,1.4768128750977356,-0.0
89900,-2.189468213237164,1.4674983125066339,-0.0
89910,-2.1977961351749187,1.458129738237719,-0.0
89920,-2.2060870026384953,1.4487072460555335,-0.0
89930,-2.214340415550856,1.4392309329636377,-0.0
89940,-2.2225559732181304,1.4297008992236562,-0.0
89950,-2.2307332743569845,1.42011724837413,-0.0
89960,-2.2388719171223017,1.410480087249149,-0.0
89970,-2.2469714991352157,1.4007895259967795,-0.0
89980,-2.2550316175114578,1.3910456780972673,-0.0
89990,-2.263051868890039,1.3812486603810152,-0.0
90000,-2.2710318494622603,1.3713985930463357,-0.0
90010,-2.2789711550010456,1.3614955996769613,-0.0
90020,-2.2868693808906144,1.3515398072593263,-0.0
90030,-2.2947261221564474,1.3415313461995804,-0.0
90040,-2.3025409734956184,1.3314703503403815,-0.0
90050,-2.3103135293074066,1.3213569569774035,-0.0
90060,-2.3180433837242553,1.3111913068755998,-0.0
90070,-2.325730130643031,1.3009735442851886,-0.0
90080,-2.3333733637566203,1.2907038169573783,-0.0
90090,-2.340972676585818,1.280382276159801,-0.0
90100,-2.348527662511535,1.2700090766916663,-0.0
90110,-2.3560379148073336,1.2595843768986357,-0.0
90120,-2.3635030266722428,1.2491083386873865,-0.0
90130,-2.370922591263903,1.23858112753989,-0.0
90140,-2.3782962017320033,1.2280029125273761,-0.0
90150,-2.385623451252021,1.2173738663239906,-0.0
90160,-2.3929039330592654,1.2066941652201337,-0.0
90170,-2.400137240483212,1.1959639891354814,-0.0
90180,-2.4073229669821394,1.185183521631678,-0.0
90190,-2.4144607061780436,1.174352949924693,-0.0
90200,-2.4215500518918525,1.163472464896845,-0.0
90210,-2.4285905981789226,1.1525422611084815,-0.0
90220,-2.4355819393648166,1.1415625368093103,-0.0
90230,-2.4425236700813615,1.130533493949374,-0.0
90240,-2.449415385302981,1.1194553381896724,-0.0
90250,-2.4562566803833015,1.1083282789124116,-0.0
90260,-2.4630471510920278,1.0971525292308926,-0.0
90270,-2.4697863936520896,1.0859283059990208,-0.0
90280,-2.4764740047770397,1.0746558298204332,-0.0
90290,-2.4831095817087143,1.0633353250572433,-0.0
90300,-2.489692722255157,1.051967019838396,-0.0
90310,-2.4962230248287813,1.040551146067626,-0.0
90320,-2.5027000884847914,1.0290879394310153,-0.0
90330,-2.5091235129598286,1.017577639404143,-0.0
90340,-2.515492898710878,1.0060204892588274,-0.0
90350,-2.521807846954395,0.9944167360694516,-0.0
90360,-2.528067959705663,0.982766630718866,-0.0
90370,-2.5342728398183856,0.9710704279038677,-0.0
90380,-2.5404220910244875,0.9593283861402467,-0.0
90390,-2.546515317974139,0.9475407677673974,-0.0
90400,-2.552552126275991,0.9357078389524908,-0.0
90410,-2.558532122537613,0.9238298696941976,-0.0
90420,-2.564454914406145,0.911907133825969,-0.0
90430,-2.5703201106091256,0.8999399090188535,-0.0
90440,-2.5761273209955258,0.887928476783859,-0.0
90450,-2.5818761565769734,0.8758731224738552,-0.0
90460,-2.587566229569137,0.8637741352849965,-0.0
90470,-2.5931971534333136,0.851631808257685,-0.0
90480,-2.5987685429181626,0.8394464382770468,-0.0
90490,-2.6042800141016134,0.8272183260729292,-0.0
90500,-2.609731184432937,0.8149477762194158,-0.0
90510,-2.61512167277496,0.8026350971338463,-0.0
90520,-2.6204510994464334,0.7902806010753454,-0.0
90530,-2.6257190862645343,0.7778846041428507,-0.0
90540,-2.630925256587512,0.7654474262726418,-0.0
90550,-2.636069235357457,0.7529693912353613,-0.0
90560,-2.6411506491431878,0.7404508266325226,-0.0
90570,-2.6461691261832705,0.7278920638925122,-0.0
90580,-2.651124296429125,0.7152934382660648,-0.0
90590,-2.6560157915882523,0.7026552888212242,-0.0
90600,-2.6608432451675514,0.6899779584377757,-0.0
90610,-2.665606292516721,0.6772617938011515,-0.0
90620,-2.67030457087176,0.6645071453958066,-0.0
90630,-2.6749377193985233,0.6517143674980561,-0.0
90640,-2.6795053792363603,0.6388838181683765,-0.0
90650,-2.6840071935418153,0.6260158592431673,-0.0
90660,-2.688442807532378,0.613110856325966,-0.0
90670,-2.6928118685302813,0.6001691787781174,-0.0
90680,-2.697114026006349,0.5871911997088942,-0.0
90690,-2.7013489316238584,0.5741772959650612,-0.0
90700,-2.705516239282453,0.5611278481198899,-0.0
90710,-2.7096156051620532,0.5480432404616118,-0.0
90720,-2.713646687766788,0.5349238609813122,-0.0
90730,-2.7176091479689237,0.5217701013602618,-0.0
90740,-2.7215026490527987,0.5085823569566859,-0.0
90750,-2.72532685675873,0.4953610267919632,-0.0
90760,-2.7290814393269196,0.4821065135362609,-0.0
90770,-2.732766067541311,0.46881922349359395,-0.0
90780,-2.736380414773428,0.4554995665863174,-0.0
90790,-2.7399241570261554,0.44214795633904075,-0.0
90800,-2.743396972977486,0.4287648098619716,-0.0
90810,-2.7467985440241853,0.41535054783367825,-0.0
90820,-2.750128554325401,0.40190559448327706,-0.0
90830,-2.7533866908461966,0.3884303775720405,-0.0
90840,-2.756572643400993,0.3749253283744246,-0.0
90850,-2.759686104696928,0.36139088165851657,-0.0
90860,-2.7627267703770952,0.34782747566589955,-0.0
90870,-2.765694339063699,0.33423555209093614,-0.0
90880,-2.768588512401065,0.3206155560594681,-0.0
90890,-2.771408995098542,0.30696793610693485,-0.0
90900,-2.7741554949732614,0.29329314415590624,-0.0
90910,-2.7768277229927496,0.2795916354930337,-0.0
90920,-2.7794253933173976,0.265863868745417,-0.0
90930,-2.7819482233427517,0.2521103058563881,-0.0
90940,-2.7843959337416577,0.23833141206071237,-0.0
90950,-2.7867682485062057,0.22452765585920656,-0.0
90960,-2.7890648949894925,0.2106995089927753,-0.0
90970,-2.7912856039472023,0.19684744641586685,-0.0
90980,-2.7934301095789555,0.18297194626934754,-0.0
90990,-2.795498149569473,0.1690734898527981,-0.0
91000,-2.797489465129491,0.15515256159623034,-0.0
91010,-2.799403801036464,0.14120964903122865,-0.0
91020,-2.8012409056750167,0.12724524276151483,-0.0
91030,-2.80300053107715,0.1132598364329396,-0.0
91040,-2.804682432962193,0.09925392670290216,-0.0
91050,-2.806286370776473,0.08522801320919887,-0.0
91060,-2.807812107732737,0.07118259853830498,-0.0
91070,-2.8092594108492555,0.05711818819308883,-0.0
91080,-2.810628050988656,0.043035290559963656,-0.0
91090,-2.8119178028964513,0.0289344168754776,-0.0
91100,-2.8131284452392444,0.0148160811923452,-0.0
91110,-2.81425976064263,0.0006808003449232385,-0.0
91120,-2.815311535728748,-0.013470906085866392,-0.0
91130,-2.81628356115352,-0.02763851580816353,-0.0
91140,-2.8171756316435252,-0.04182150385534318,-0.0
91150,-2.8179875460325245,-0.056019342622732136,-0.0
91160,-2.8187191072976185,-0.07023150190486509,-0.0
91170,-2.8193701225950427,-0.0844574489332769,-0.0
91180,-2.819940403295569,-0.09869664841482689,-0.0
91190,-2.8204297650195236,-0.11294856257055125,-0.0
91200,-2.820838027671409,-0.12721265117503938,-0.0
91210,-2.821165015474111,-0.14148837159633024,-0.0
91220,-2.8214105570026966,-0.1557751788363234,-0.0
91230,-2.8215744852177864,-0.17007252557170133,-0.0
91240,-2.821656637498496,-0.18437986219535746,-0.0
91250,-2.8216568556749273,-0.1986966368583247,-0.0
91260,-2.821574986060229,-0.21302229551220123,-0.0
91270,-2.8214108794821833,-0.2273562819520657,-0.0
91280,-2.821164391314333,-0.24169803785987898,-0.0
91290,-2.8208353815066367,-0.25604700284836507,-0.0
91300,-2.8204237146156386,-0.27040261450536685,-0.0
91310,-2.8199292598341543,-0.28476430843867095,-0.0
91320,-2.8193518910204522,-0.29913151832129353,-0.0
91330,-2.818691486726934,-0.31350367593722456,-0.0
91340,-2.8179479302283057,-0.32788021122762195,-0.0
91350,-2.8171211095492144,-0.3422605523374484,-0.0
91360,-2.8162109174913734,-0.3566441256625478,-0.0
91370,-2.8152172516601386,-0.37103035589715094,-0.0
91380,-2.8141400144905493,-0.3854186660818063,-0.0
91390,-2.81297911327282,-0.3998084776517283,-0.0
91400,-2.8117344601772563,-0.414199210485553,-0.0
91410,-2.8104059722786356,-0.42859028295450163,-0.0
91420,-2.80899357157999,-0.44298111197193507,-0.0
91430,-2.8074971850358286,-0.4573711130433,-0.0
91440,-2.805916744574752,-0.4717597003164521,-0.0
91450,-2.8042521871215045,-0.4861462866323569,-0.0
91460,-2.8025034546183982,-0.500530283576151,-0.0
91470,-2.800670494046153,-0.514911101528564,-0.0
91480,-2.79875325744411,-0.5292881497176863,-0.0
91490,-2.7967517019298347,-0.5436608362710811,-0.0
91500,-2.7946657897180947,-0.558028568268226,-0.0
91510,-2.792495488139205,-0.57239075179328,-0.0
91520,-2.790240769656744,-0.586746791988167,-0.0
91530,-2.787901611884611,-0.6010960931059627,-0.0
91540,-2.78547799760346,-0.615438058564584,-0.0
91550,-2.782969914776459,-0.6297720910007635,-0.0
91560,-2.780377356564405,-0.6440975923243071,-0.0
91570,-2.7777003213401694,-0.658413963772621,-0.0
91580,-2.77493881270247,-0.6727206059654997,-0.0
91590,-2.7720928394889857,-0.6870169189601694,-0.0
91600,-2.7691624157887724,-0.7013023023065714,-0.0
91610,-2.766147560954014,-0.715576155102881,-0.0
91620,-2.7630482996110692,-0.7298378760512483,-0.0
91630,-2.759864661670847,-0.7440868635137566,-0.0
91640,-2.7565966823384587,-0.7583225155685808,-0.0
91650,-2.753244402122203,-0.7725442300663452,-0.0
91660,-2.749807866841817,-0.7867514046866612,-0.0
91670,-2.746287127636036,-0.8009434369948432,-0.0
91680,-2.742682240969439,-0.8151197244987859,-0.0
91690,-2.738993268638586,-0.8292796647060022,-0.0
91700,-2.735220277777416,-0.8434226551807941,-0.0
91710,-2.7313633408619546,-0.8575480936015688,-0.0
91720,-2.7274225357142714,-0.8716553778182704,-0.0
91730,-2.723397945505731,-0.8857439059099294,-0.0
91740,-2.719289658759496,-0.8998130762423098,-0.0
91750,-2.715097769352319,-0.9138622875256526,-0.0
91760,-2.710822376515582,-0.9278909388724976,-0.0
91770,-2.7064635848356153,-0.9418984298555765,-0.0
91780,-2.702021504253269,-0.9558841605657661,-0.0
91790,-2.697496250062751,-0.9698475316700897,-0.0
91800,-2.6928879429097203,-0.983787944469758,-0.0
91810,-2.688196708788641,-0.9977048009582357,-0.0
91820,-2.6834226790393942,-1.0115975038793257,-0.0
91830,-2.6785659903431407,-1.0254654567852592,-0.0
91840,-2.673626784717445,-1.0393080640947803,-0.0
91850,-2.6686052095106483,-1.0531247311512115,-0.0
91860,-2.6635014173954987,-1.0669148642804955,-0.0
91870,-2.6583155663620395,-1.0806778708492004,-0.0
91880,-2.653047819709739,-1.0944131593224684,-0.0
91890,-2.6476983460388834,-1.1081201393219093,-0.0
91900,-2.6422673192412267,-1.1217982216834244,-0.0
91910,-2.636754918489885,-1.1354468185149422,-0.0
91920,-2.6311613282284934,-1.1490653432540654,-0.0
91930,-2.625486738159617,-1.162653210725611,-0.0
91940,-2.619731343232422,-1.1762098371990366,-0.0
91950,-2.6138953436296006,-1.1897346404457398,-0.0
91960,-2.607978944753555,-1.203227039796217,-0.0
91970,-2.6019823572118534,-1.2166864561970794,-0.0
91980,-2.595905796801932,-1.2301123122679034,-0.0
91990,-2.5897494844950786,-1.243504032357915,-0.0
92000,-2.5835136464196755,-1.2568610426024924,-0.0
92010,-2.577198513843714,-1.2701827709794744,-0.0
92020,-2.570804323156574,-1.2834686473652634,-0.0
92030,-2.5643313158500933,-1.296718103590724,-0.0
92040,-2.5577797384989043,-1.3099305734968456,-0.0
92050,-2.551149842740049,-1.3231054929901758,-0.0
92060,-2.5444418852518904,-1.3362423000980084,-0.0
92070,-2.537656127732294,-1.3493404350233094,-0.0
92080,-2.53079283687612,-1.3623993401993826,-0.0
92090,-2.523852284351993,-1.375418460344249,-0.0
92100,-2.5168347467783843,-1.3883972425147493,-0.0
92110,-2.5097405056989857,-1.4013351361603341,-0.0
92120,-2.5025698475573988,-1.4142315931765563,-0.0
92130,-2.4953230636711328,-1.4270860679582387,-0.0
92140,-2.488000450204919,-1.4398980174523135,-0.0
92150,-2.4806023081433453,-1.4526669012103202,-0.0
92160,-2.473128943262821,-1.4653921814405582,-0.0
92170,-2.4655806661028707,-1.478073323059877,-0.0
92180,-2.457957791936758,-1.4907097937450944,-0.0
92190,-2.4502606407414675,-1.5033010639840434,-0.0
92200,-2.442489537167019,-1.5158466071262198,-0.0
92210,-2.434644810505142,-1.5283458994330403,-0.0
92220,-2.426726794657314,-1.5407984201276892,-0.0
92230,-2.4187358281021534,-1.5532036514445438,-0.0
92240,-2.4106722538621956,-1.5655610786781826,-0.0
92250,-2.402536419470044,-1.5778701902319494,-0.0
92260,-2.3943286769339016,-1.5901304776660745,-0.0
92270,-2.3860493827024984,-1.6023414357453447,-0.0
92280,-2.3776988976294255,-1.6145025624863116,-0.0
92290,-2.369277586936852,-1.626613359204019,-0.0
92300,-2.3607858201786853,-1.638673330558267,-0.0
92310,-2.3522239712031237,-1.6506819845993692,-0.0
92320,-2.343592418114658,-1.662638832813431,-0.0
92330,-2.3348915432354955,-1.674543390167108,-0.0
92340,-2.3261217330664277,-1.6863951751518595,-0.0
92350,-2.31728337824716,-1.698193709827683,-0.0
92360,-2.3083768735160892,-1.709938519866312,-0.0
92370,-2.2994026176695486,-1.7216291345938841,-0.0
92380,-2.2903610135205326,-1.733265087033063,-0.0
92390,-2.281252467856908,-1.7448459139446097,-0.0
92400,-2.2720773913991046,-1.7563711558683919,-0.0
92410,-2.2628361987573236,-1.767840357163838,-0.0
92420,-2.2535293083882344,-1.7792530660497987,-0.0
92430,-2.2441571425512157,-1.790608834643856,-0.0
92440,-2.2347201272640995,-1.801907219001024,-0.0
92450,-2.2252186922584585,-1.813147779151861,-0.0
92460,-2.215653270934454,-1.8243300791400008,-0.0
92470,-2.2060243003152116,-1.8354536870590519,-0.0
92480,-2.196332221000781,-1.8465181750889048,-0.0
92490,-2.186577477121659,-1.8575231195314168,-0.0
92500,-2.1767605162918997,-1.8684681008454722,-0.0
92510,-2.1668817895618164,-1.8793527036814204,-0.0
92520,-2.156941751370278,-1.89017651691487,-0.0
92530,-2.1469408594966306,-1.9009391336798591,-0.0
92540,-2.1368795750122263,-1.911640151401368,-0.0
92550,-2.1267583622315884,-1.922279171827189,-0.0
92560,-2.116577688663224,-1.932855801059149,-0.0
92570,-2.106338024960078,-1.9433696495836623,-0.0
92580,-2.0960398448696504,-1.9538203323016308,-0.0
92590,-2.0856836251837922,-1.9642074685576763,-0.0
92600,-2.0752698456881693,-1.9745306821686965,-0.0
92610,-2.0647989891114364,-1.984789601451762,-0.0
92620,-2.0542715410740877,-1.9949838592513096,-0.0
92630,-2.0436879900370486,-2.0051130929656873,-0.0
92640,-2.033048827249964,-2.0151769445729855,-0.0
92650,-2.022354546699241,-2.0251750606562013,-0.0
92660,-2.011605645055815,-2.035107092427699,-0.0
92670,-2.0008026216226873,-2.0449726957529837,-0.0
92680,-1.989945978282216,-2.054771531173781,-0.0
92690,-1.9790362194431876,-2.064503263930413,-0.0
92700,-1.9680738519876697,-2.0741675639834756,-0.0
92710,-1.9570593852176605,-2.083764106034816,-0.0
92720,-1.9459933308015513,-2.0932925695478044,-0.0
92730,-1.9348762027203956,-2.1027526387668973,-0.0
92740,-1.9237085172140123,-2.1121440027364944,-0.0
92750,-1.9124907927269295,-2.1214663553190927,-0.0
92760,-1.901223549854169,-2.1307193952127177,-0.0
92770,-1.8899073112869023,-2.1399028259676585,-0.0
92780,-1.8785426017579603,-2.149016356002477,-0.0
92790,-1.8671299479872432,-2.1580596986193163,-0.0
92800,-1.8556698786270045,-2.167032572018488,-0.0
92810,-1.8441629242070503,-2.175934699312354,-0.0
92820,-1.8326096170798385,-2.184765808538483,-0.0
92830,-1.8210104913655156,-2.1935256326721095,-0.0
92840,-1.80936608289687,-2.2022139096378655,-0.0
92850,-1.797676929164244,-2.2108303823208075,-0.0
92860,-1.7859435692603947,-2.2193747985767316,-0.0
92870,-1.7741665438253158,-2.227846911241773,-0.0
92880,-1.7623463949910414,-2.236246478141299,-0.0
92890,-1.7504836663264316,-2.244573262098091,-0.0
92900,-1.738578902781954,-2.25282703093982,-0.0
92910,-1.7266326506344722,-2.261007557505813,-0.0
92920,-1.71464545743205,-2.2691146196531156,-0.0
92930,-1.7026178719387828,-2.277148000261855,-0.0
92940,-1.6905504440796661,-2.2851074872398964,-0.0
92950,-1.6784437248855077,-2.292992873526802,-0.0
92960,-1.6662982664379007,-2.300803957097094,-0.0
92970,-1.6541146218142575,-2.3085405409628232,-0.0
92980,-1.641893345032929,-2.316202433175444,-0.0
92990,-1.629634990998398,-2.3237894468269995,-0.0
93000,-1.6173401154465807,-2.3313014000506262,-0.0
93010,-1.6050092748902247,-2.338738116020365,-0.0
93020,-1.5926430265644262,-2.3460994229503016,-0.0
93030,-1.5802419283722722,-2.3533851540930244,-0.0
93040,-1.5678065388306128,-2.3605951477374063,-0.0
93050,-1.5553374170159837,-2.367729247205728,-0.0
93060,-1.5428351225106747,-2.374787300850122,-0.0
93070,-1.5303002153489633,-2.381769162048361,-0.0
93080,-1.5177332559635188,-2.388674689198986,-0.0
93090,-1.505134805131985,-2.3955037457157817,-0.0
93100,-1.4925054239237556,-2.402256200021602,-0.0
93110,-1.4798456736469383,-2.408931925541542,-0.0
93120,-1.467156115795539,-2.4155308006954876,-0.0
93130,-1.4544373119968454,-2.422052708890006,-0.0
93140,-1.4416898239590474,-2.428497538509623,-0.0
93150,-1.4289142134190775,-2.434865182907458,-0.0
93160,-1.4161110420907028,-2.4411555403952567,-0.0
93170,-1.4032808716128555,-2.447368514232787,-0.0
93180,-1.3904242634982251,-2.4535040126166354,-0.0
93190,-1.3775417790821125,-2.4595619486683953,-0.0
93200,-1.3646339794715583,-2.465542240422256,-0.0
93210,-1.3517014254947484,-2.471444810811991,-0.0
93220,-1.3387446776507095,-2.4772695876573665,-0.0
93230,-1.3257642960592966,-2.483016503649958,-0.0
93240,-1.3127608404114863,-2.4886854963383946,-0.0
93250,-1.299734869919977,-2.4942765081130283,-0.0
93260,-1.2866869432701094,-2.4997894861900467,-0.0
93270,-1.2736176185711032,-2.5052243825950096,-0.0
93280,-1.2605274533076358,-2.510581154145853,-0.0
93290,-1.2474170042917467,-2.515859762435328,-0.0
93300,-1.234286827615096,-2.5210601738129172,-0.0
93310,-1.2211374786015663,-2.526182359366201,-0.0
93320,-1.2079695117602256,-2.531226294901707,-0.0
93330,-1.1947834807386537,-2.536191960925241,-0.0
93340,-1.181579938276633,-2.5410793426216927,-0.0
93350,-1.1683594361602252,-2.545888429834355,-0.0
93360,-1.1551225251762152,-2.550619217043715,-0.0
93370,-1.1418697550669543,-2.55527170334578,-0.0
93380,-1.1286016744855916,-2.5598458924299043,-0.0
93390,-1.115318830951702,-2.5643417925561387,-0.0
93400,-1.1020217708073206,-2.568759416532109,-0.0
93410,-1.0887110391733823,-2.5730987816894286,-0.0
93420,-1.075387179906581,-2.5773599098596613,-0.0
93430,-1.0620507355566435,-2.581542827349828,-0.0
93440,-1.0487022473240248,-2.5856475649174686,-0.0
93450,-1.0353422550180384,-2.589674157745279,-0.0
93460,-1.021971297015416,-2.5936226454153153,-0.0
93470,-1.0085899102192997,-2.597493071882769,-0.0
93480,-0.9951986300186861,-2.601285485449351,-0.0
93490,-0.9817979902483079,-2.604999938736253,-0.0
93500,-0.9683885231489678,-2.608636488656716,-0.0
93510,-0.9549707593283265,-2.6121951963882184,-0.0
93520,-0.941545227722146,-2.615676127344265,-0.0
93530,-0.9281124555559985,-2.6190793511458224,-0.0
93540,-0.9146729683074328,-2.622404941592371,-0.0
93550,-0.9012272896686152,-2.625652976632609,-0.0
93560,-0.8877759415094366,-2.6288235383348013,-0.0
93570,-0.8743194438410958,-2.6319167128567855,-0.0
93580,-0.8608583147801584,-2.634932590415643,-0.0
93590,-0.847393070513098,-2.6378712652570493,-0.0
93600,-0.8339242252613142,-2.640732835624284,-0.0
93610,-0.8204522912466442,-2.643517403726963,-0.0
93620,-0.8069777786573517,-2.6462250757094314,-0.0
93630,-0.7935011956146136,-2.648855961618889,-0.0
93640,-0.7800230481394935,-2.651410175373204,-0.0
93650,-0.7665438401204098,-2.6538878347284625,-0.0
93660,-0.7530640732811024,-2.656289061246247,-0.0
93670,-0.739584247149091,-2.658613980260632,-0.0
93680,-0.7261048590246376,-2.660862720844942,-0.0
93690,-0.712626403950206,-2.6630354157782463,-0.0
93700,-0.6991493746804259,-2.665132201511629,-0.0
93710,-0.6856742616525565,-2.6671532181342053,-0.0
93720,-0.6722015529574568,-2.6690986093389273,-0.0
93730,-0.6587317343110606,-2.670968522388165,-0.0
93740,-0.6452652890263564,-2.672763108079078,-0.0
93750,-0.6318026979858755,-2.6744825207087874,-0.0
93760,-0.6183444396146843,-2.6761269180393445,-0.0
93770,-0.6048909898538907,-2.6776964612625296,-0.0
93780,-0.59144282213465,-2.679191314964444,-0.0
93790,-0.578000407352687,-2.680611647089958,-0.0
93800,-0.5645642138433229,-2.6819576289069778,-0.0
93810,-0.5511347073570105,-2.683229434970556,-0.0
93820,-0.537712351035379,-2.6844272430868554,-0.0
93830,-0.5242976053877897,-2.6855512342769825,-0.0
93840,-0.5108909282683931,-2.6866015927406566,-0.0
93850,-0.49749277485370064,-2.6875785058197823,-0.0
93860,-0.4841035976206602,-2.6884821639618877,-0.0
93870,-0.47072384632523717,-2.6893127606834453,-0.0
93880,-0.4573539679815043,-2.6900704925330996,-0.0
93890,-0.44399440684123337,-2.690755559054785,-0.0
93900,-0.43064560437399346,-2.691368162750762,-0.0
93910,-0.41730799924774986,-2.6919085090445587,-0.0
93920,-0.4039820273099671,-2.6923768062438502,-0.0
93930,-0.3906681215692098,-2.6927732655032477,-0.0
93940,-0.37736671217724527,-2.693098100787042,-0.0
93950,-0.3640782264116416,-2.6933515288318763,-0.0
93960,-0.3508030886588649,-2.6935337691093926,-0.0
93970,-0.3375417203978674,-2.6936450437888007,-0.0
93980,-0.32429454018417186,-2.6936855776994415,-0.0
93990,-0.3110619636344442,-2.693655598293303,-0.0
94000,-0.29784440341155766,-2.693555335607522,-0.0
94010,-0.28464226921014296,-2.693385022226869,-0.0
94020,-0.2714559677426231,-2.6931448932462128,-0.0
94030,-0.25828590272573193,-2.692835186232995,-0.0
94040,-0.24513247486751388,-2.6924561411897026,-0.0
94050,-0.23199608185480056,-2.692008000516341,-0.0
94060,-0.21887711834116444,-2.691491008972934,-0.0
94070,-0.2057759759353465,-2.690905413642042,-0.0
94080,-0.19269304319015335,-2.690251463891302,-0.0
94090,-0.1796287055918238,-2.6895294113360007,-0.0
94100,-0.16658334554986134,-2.688739509801698,-0.0
94110,-0.1535573423873283,-2.6878820152868816,-0.0
94120,-0.14055107233160116,-2.686957185925678,-0.0
94130,-0.12756490850558277,-2.6859652819506215,-0.0
94140,-0.11459922091936818,-2.684906565655481,-0.0
94150,-0.10165437646236238,-2.6837813013581573,-0.0
94160,-0.08873073889584569,-2.6825897553636526,-0.0
94170,-0.0758286688459839,-2.681332195927118,-0.0
94180,-0.0629485237972804,-2.6800088932169785,-0.0
94190,-0.050090658086466504,-2.6786201192781607,-0.0
94200,-0.03725542289682688,-2.6771661479954028,-0.0
94210,-0.024443166252956484,-2.6756472550566617,-0.0
94220,-0.011654233015945982,-2.674063717916635,-0.0
94230,0.0011110351210083316,-2.672415815760382,-0.0
94240,0.013852299636573355,-2.6707038294670635,-0.0
94250,0.026569225184830424,-2.668928041573798,-0.0
94260,0.039261479598412655,-2.667088736239642,-0.0
94270,0.05192873389123198,-2.6651861992096952,-0.0
94280,0.06457066226079969,-2.6632207177793394,-0.0
94290,0.07718694209014426,-2.6611925807586196,-0.0
94300,0.08977725394933017,-2.6591020784367534,-0.0
94310,0.1023412815965817,-2.6569495025467993,-0.0
94320,0.11487871197901542,-2.6547351462304603,-0.0
94330,0.1273892352329857,-2.65245930400306,-0.0
94340,0.1398725446840465,-2.650122271718653,-0.0
94350,0.152328336846534,-2.6477243465353153,-0.0
94360,0.16475631142277447,-2.645265826880595,-0.0
94370,0.17715617130191968,-2.6427470124171224,-0.0
94380,0.1895276225584164,-2.6401682040084054,-0.0
94390,0.20187037445011247,-2.637529703684804,-0.0
94400,0.2141841394160034,-2.634831814609663,-0.0
94410,0.22646863307362533,-2.632074841045657,-0.0
94420,0.23872357421609608,-2.629259088321298,-0.0
94430,0.2509486848088111,-2.6263848627976496,-0.0
94440,0.26314368998579685,-2.6234524718352255,-0.0
94450,0.2753083180457257,-2.6204622237610864,-0.0
94460,0.287442300447598,-2.617414427836139,-0.0
94470,0.299545371806095,-2.6143093942226376,-0.0
94480,0.3116172698866053,-2.6111474339518876,-0.0
94490,0.3236577355999328,-2.6079288588921576,-0.0
94500,0.33566651299668593,-2.60465398171681,-0.0
94510,0.34764334926135626,-2.601323115872634,-0.0
94520,0.359587994706089,-2.597936575548405,-0.0
94530,0.37150020276414986,-2.594494675643658,-0.0
94540,0.38337972998309355,-2.590997731737683,-0.0
94550,0.39522633601763635,-2.5874460600587446,-0.0
94560,0.407039783622239,-2.5838399774535232,-0.0
94570,0.4188198386434054,-2.5801798013568,-0.0
94580,0.43056627001169584,-2.5764658497613495,-0.0
94590,0.4422788497334668,-2.572698441188085,-0.0
94600,0.4539573528823358,-2.5688778946564237,-0.0
94610,0.46560155759037875,-2.5650045296549036,-0.0
94620,0.47721124503906187,-2.561078666112017,-0.0
94630,0.4887861994499162,-2.557100624367309,-0.0
94640,0.5003262080749539,-2.5530707251426996,-0.0
94650,0.5118310611868367,-2.54898928951406,-0.0
94660,0.5233005520687943,-2.5448566388830236,-0.0
94670,0.5347344770043042,-2.54067309494906,-0.0
94680,0.5461326352665287,-2.536438979681773,-0.0
94690,0.5574948291075242,-2.5321546152934773,-0.0
94700,0.5688208637472159,-2.5278203242119965,-0.0
94710,0.5801105473621493,-2.5234364290537354,-0.0
94720,0.5913636910740242,-2.519003252597001,-0.0
94730,0.6025801089380058,-2.5145211177555633,-0.0
94740,0.6137596179308291,-2.5099903475524905,-0.0
94750,0.6249020379386928,-2.5054112650942297,-0.0
94760,0.6360071917449499,-2.500784193544949,-0.0
94770,0.6470749050175991,-2.496109456101133,-0.0
94780,0.6581050062965806,-2.491387375966444,-0.0
94790,0.6690973269808816,-2.4866182763268405,-0.0
94800,0.6800517013154534,-2.4818024803259484,-0.0
94810,0.6909679663779463,-2.476940311040705,-0.0
94820,0.7018459620652673,-2.472032091457261,-0.0
94830,0.7126855310799607,-2.4670781444471372,-0.0
94840,0.7234865189164199,-2.462078792743652,-0.0
94850,0.7342487738469328,-2.457034358918608,-0.0
94860,0.7449721469075635,-2.451945165359245,-0.0
94870,0.7556564918838768,-2.4468115342454504,-0.0
94880,0.7663016652965088,-2.4416337875272385,-0.0
94890,0.7769075263865851,-2.436412246902496,-0.0
94900,0.7874739371009933,-2.4311472337949764,-0.0
94910,0.7980007620775159,-2.4258390693325844,-0.0
94920,0.8084878686298198,-2.4204880743259003,-0.0
94930,0.8189351267323134,-2.4150945692469765,-0.0
94940,0.829342409004872,-2.4096588742084015,-0.0
94950,0.8397095906974391,-2.404181308942629,-0.0
94960,0.850036549674498,-2.39866219278156,-0.0
94970,0.8603231663994306,-2.3931018446363996,-0.0
94980,0.8705693239187545,-2.3875005829777654,-0.0
94990,0.8807749078462531,-2.3818587258160777,-0.0
95000,0.8909398063469922,-2.3761765906821872,-0.0
95010,0.9010639101212349,-2.3704544946082824,-0.0
95020,0.911147112388255,-2.364692754109057,-0.0
95030,0.9211893088700494,-2.3588916851631265,-0.0
95040,0.9311903977749607,-2.3530516031947193,-0.0
95050,0.941150279781207,-2.3471728230556224,-0.0
95060,0.9510688580203221,-2.3412556590073796,-0.0
95070,0.9609460380605176,-2.3353004247037634,-0.0
95080,0.9707817278899559,-2.329307433173484,-0.0
95090,0.9805758378999577,-2.3232769968031817,-0.0
95100,0.9903282808681237,-2.317209427320648,-0.0
95110,1.000038971941395,-2.3111050357783247,-0.0
95120,1.0097078286190397,-2.3049641325370436,-0.0
95130,1.0193347707355818,-2.298787027250026,-0.0
95140,1.028919720443665,-2.292574028847138,-0.0
95150,1.0384626021968593,-2.286325445519389,-0.0
95160,1.047963342732413,-2.2800415847036866,-0.0
95170,1.0574218710539582,-2.2737227530678448,-0.0
95180,1.0668381184141602,-2.2673692564958356,-0.0
95190,1.0762120182973276,-2.2609814000732893,-0.0
95200,1.0855435064019776,-2.2545594880732445,-0.0
95210,1.094832520623362,-2.24810382394214,-0.0
95220,1.104079001035957,-2.241614710286053,-0.0
95230,1.113282889875922,-2.235092448857186,-0.0
95240,1.1224441315235227,-2.228537340540584,-0.0
95250,1.1315626724855292,-2.221949685341099,-0.0
95260,1.140638461377592,-2.215329782370603,-0.0
95270,1.149671448906588,-2.208677929835418,-0.0
95280,1.1586615878529551,-2.201994425024006,-0.0
95290,1.1676088330530054,-2.1952795642948812,-0.0
95300,1.1765131413812222,-2.1885336430647535,-0.0
95310,1.1853744717325505,-2.181756955796918,-0.0
95320,1.1941927850046763,-2.1749497959898707,-0.0
95330,1.202968044080293,-2.1681124561661425,-0.0
95340,1.2117002138093778,-2.161245227861382,-0.0
95350,1.2203892609914495,-2.15434840161365,-0.0
95360,1.2290351543578415,-2.1474222669529492,-0.0
95370,1.2376378645539665,-2.140467112390969,-0.0
95380,1.2461973641215953,-2.133483225411062,-0.0
95390,1.2547136274811364,-2.126470892458436,-0.0
95400,1.2631866309139337,-2.1194303989305703,-0.0
95410,1.2716163525445643,-2.1123620291678424,-0.0
95420,1.2800027723231668,-2.105266066444382,-0.0
95430,1.2883458720077685,-2.0981427929591274,-0.0
95440,1.2966456351466458,-2.090992489827108,-0.0
95450,1.3049020470606993,-2.083815437070931,-0.0
95460,1.3131150948258503,-2.0766119136124757,-0.0
95470,1.3212847672554626,-2.0693821972648005,-0.0
95480,1.3294110548827986,-2.0621265647242653,-0.0
95490,1.337493949943492,-2.054845291562838,-0.0
95500,1.3455334463580613,-2.047538652220624,-0.0
95510,1.353529539714451,-2.040206919998586,-0.0
95520,1.3614822272506089,-2.0328503670514717,-0.0
95530,1.3693915078370964,-2.0254692643809302,-0.0
95540,1.377257381959746,-2.0180638818288386,-0.0
95550,1.3850798517023466,-2.0106344880708096,-0.0
95560,1.3928589207293778,-2.0031813506099,-0.0
95570,1.4005945942687892,-1.9957047357705129,-0.0
95580,1.4082868790948149,-1.988204908692479,-0.0
95590,1.415935783510848,-1.9806821333253424,-0.0
95600,1.423541317332349,-1.9731366724228128,-0.0
95610,1.4311034918698184,-1.9655687875374233,-0.0
95620,1.4386223199118053,-1.9579787390153516,-0.0
95630,1.4460978157079833,-1.950366785991437,-0.0
95640,1.4535299949522695,-1.9427331863843689,-0.0
95650,1.4609188747660038,-1.9350781968920516,-0.0
95660,1.4682644736811863,-1.9274020729871546,-0.0
95670,1.4755668116237688,-1.9197050689128243,-0.0
95680,1.482825909897011,-1.9119874376785764,-0.0
95690,1.4900417911648933,-1.9042494310563565,-0.0
95700,1.4972144794355933,-1.8964912995767662,-0.0
95710,1.5043440000450279,-1.8887132925254637,-0.0
95720,1.5114303796404576,-1.8809156579397215,-0.0
95730,1.5184736461641573,-1.8730986426051506,-0.0
95740,1.5254738288371519,-1.8652624920525862,-0.0
95750,1.5324309581430275,-1.8574074505551368,-0.0
95760,1.539345065811801,-1.8495337611253828,-0.0
95770,1.5462161848038694,-1.8416416655127417,-0.0
95780,1.5530443492940267,-1.8337314042009785,-0.0
95790,1.5598295946555512,-1.8258032164058748,-0.0
95800,1.566571957444368,-1.8178573400730467,-0.0
95810,1.57327147538329,-1.8098940118759135,-0.0
95820,1.5799281873463265,-1.8019134672138113,-0.0
95830,1.5865421333430703,-1.7939159402102522,-0.0
95840,1.5931133545031695,-1.7859016637113343,-0.0
95850,1.5996418930608627,-1.7778708692842813,-0.0
95860,1.6061277923396085,-1.7698237872161373,-0.0
95870,1.6125710967367815,-1.761760646512588,-0.0
95880,1.6189718517084577,-1.7536816748969264,-0.0
95890,1.6253301037542738,-1.7455870988091489,-0.0
95900,1.6316459004023764,-1.7374771434051912,-0.0
95910,1.6379192901944453,-1.7293520325562894,-0.0
95920,1.6441503226708039,-1.7212119888484751,-0.0
95930,1.6503390483556177,-1.7130572335822003,-0.0
95940,1.6564855187421668,-1.7048879867720843,-0.0
95950,1.6625897862782129,-1.6967044671467901,-0.0
95960,1.6686519043514467,-1.6885068921490216,-0.0
95970,1.6746719272750243,-1.6802954779356443,-0.0
95980,1.6806499102731884,-1.6720704393779253,-0.0
95990,1.686585909466978,-1.6638319900618932,-0.0
96000,1.6924799818600242,-1.6555803422888118,-0.0
96010,1.6983321853244366,-1.64731570707577,-0.0
96020,1.7041425785867756,-1.6390382941563895,-0.0
96030,1.7099112212141176,-1.63074831198164,-0.0
96040,1.7156381736002029,-1.6224459677207603,-0.0
96050,1.7213234969516815,-1.6141314672623017,-0.0
96060,1.7269672532744447,-1.6058050152152654,-0.0
96070,1.732569505360048,-1.5974668149103521,-0.0
96080,1.7381303167722215,-1.5891170684013112,-0.0
96090,1.7436497518334813,-1.5807559764664,-0.0
96100,1.749127875611821,-1.5723837386099346,-0.0
96110,1.754564753907502,-1.5640005530639456,-0.0
96120,1.759960453239933,-1.5556066167899312,-0.0
96130,1.7653150408346419,-1.5472021254807016,-0.0
96140,1.7706285846103451,-1.5387872735623305,-0.0
96150,1.7759011531661009,-1.5303622541961832,-0.0
96160,1.7811328157685584,-1.5219272592810449,-0.0
96170,1.7863236423393103,-1.513482479455346,-0.0
96180,1.7914737034423198,-1.5050281040994629,-0.0
96190,1.7965830702714565,-1.4965643213381135,-0.0
96200,1.801651814638118,-1.488091318042838,-0.0
96210,1.8066800089589485,-1.4796092798345635,-0.0
96220,1.8116677262436478,-1.47111839108625,-0.0
96230,1.8166150400828767,-1.4626188349256202,-0.0
96240,1.8215220246362582,-1.4541107932379702,-0.0
96250,1.8263887546204638,-1.4455944466690533,-0.0
96260,1.8312153052974045,-1.4370699746280489,-0.0
96270,1.836001752462508,-1.428537555290601,-0.0
96280,1.8407481724330936,-1.4199973656019353,-0.0
96290,1.8454546420368372,-1.4114495812800463,-0.0
96300,1.8501212386003356,-1.402894376818959,-0.0
96310,1.85474803993776,-1.3943319254920605,-0.0
96320,1.8593351243396046,-1.3857623993555008,-0.0
96330,1.863882570561527,-1.377185969251657,-0.0
96340,1.8683904578132884,-1.3686028048126753,-0.0
96350,1.8728588657477776,-1.3600130744640646,-0.0
96360,1.8772878744501378,-1.3514169454283649,-0.0
96370,1.8816775644269792,-1.3428145837288725,-0.0
96380,1.886028016595689,-1.33420615419343,-0.0
96390,1.890339312273833,-1.3255918204582728,-0.0
96400,1.8946115331686515,-1.3169717449719416,-0.0
96410,1.8988447613666426,-1.3083460889992424,-0.0
96420,1.903039079323245,-1.2997150126252734,-0.0
96430,1.9071945698526116,-1.2910786747595033,-0.0
96440,1.911311316117465,-1.2824372331398983,-0.0
96450,1.9153894016190653,-1.2737908443371146,-0.0
96460,1.9194289101872468,-1.2651396637587302,-0.0
96470,1.9234299259705607,-1.256483845653534,-0.0
96480,1.9273925334265098,-1.2478235431158688,-0.0
96490,1.9313168173118616,-1.2391589080900094,-0.0
96500,1.9352028626730629,-1.230490091374602,-0.0
96510,1.9390507548367448,-1.2218172426271425,-0.0
96520,1.9428605794003122,-1.213140510368504,-0.0
96530,1.9466324222226246,-1.2044600419875022,-0.0
96540,1.95036636941477,-1.1957759837455115,-0.0
96550,1.9540625073309288,-1.187088480781121,-0.0
96560,1.9577209225593148,-1.178397677114825,-0.0
96570,1.9613417019132258,-1.1697037156537649,-0.0
96580,1.9649249324221592,-1.161006738196499,-0.0
96590,1.9684707013230356,-1.1523068854378185,-0.0
96600,1.9719790960514976,-1.1436042969735962,-0.0
96610,1.9754502042333049,-1.1348991113056737,-0.0
96620,1.9788841136758033,-1.1261914658467798,-0.0
96630,1.9822809123594973,-1.1174814969254867,-0.0
96640,1.9856406884296955,-1.108769339791199,-0.0
96650,1.9889635301882507,-1.1000551286191729,-0.0
96660,1.992249526085378,-1.091338996515568,-0.0
96670,1.9954987647115638,-1.0826210755225276,-0.0
96680,1.9987113347895626,-1.0739014966232956,-0.0
96690,2.0018873251664644,-1.0651803897473482,-0.0
96700,2.0050268248058662,-1.05645788377557,-0.0
96710,2.0081299227801064,-1.047734106545442,-0.0
96720,2.011196708262601,-1.0390091848562655,-0.0
96730,2.01422727052025,-1.030283244474407,-0.0
96740,2.0172216989059333,-1.0215564101385686,-0.0
96750,2.0201800828510823,-1.0128288055650796,-0.0
96760,2.0231025118583426,-1.0041005534532155,-0.0
96770,2.025989075494307,-0.9953717754905321,-0.0
96780,2.028839863382337,-0.9866425923582273,-0.0
96790,2.031654965195464,-0.9779131237365211,-0.0
96800,2.034434470649366,-0.9691834883100495,-0.0
96810,2.0371784694954296,-0.9604538037732886,-0.0
96820,2.039887051513887,-0.9517241868359854,-0.0
96830,2.042560306507034,-0.9429947532286124,-0.0
96840,2.04519832429252,-0.9342656177078357,-0.0
96850,2.0478011946967314,-0.9255368940620023,-0.0
96860,2.050369007548231,-0.9168086951166381,-0.0
96870,2.052901852671293,-0.9080811327399645,-0.0
96880,2.055399819879502,-0.8993543178484247,-0.0
96890,2.0578629989694375,-0.8906283604122277,-0.0
96900,2.060291479714421,-0.8819033694608995,-0.0
96910,2.0626853518583568,-0.8731794530888509,-0.0
96920,2.0650447051096275,-0.8644567184609531,-0.0
96930,2.0673696291350794,-0.855735271818125,-0.0
96940,2.069660213554067,-0.8470152184829286,-0.0
96950,2.071916547932593,-0.8382966628651792,-0.0
96960,2.0741387217774903,-0.8295797084675559,-0.0
96970,2.076326824530705,-0.8208644578912263,-0.0
96980,2.0784809455636344,-0.8121510128414768,-0.0
96990,2.0806011741715382,-0.8034394741333479,-0.0
97000,2.0826875995680294,-0.79472994169728,-0.0
97010,2.0847403108796234,-0.7860225145847592,-0.0
97020,2.086759397140369,-0.7773172909739743,-0.0
97030,2.088744947286535,-0.7686143681754734,-0.0
97040,2.0906970501513844,-0.7599138426378278,-0.0
97050,2.0926157944599937,-0.751215809953297,-0.0
97060,2.094501268824161,-0.742520364863498,-0.0
97070,2.0963535617373723,-0.7338276012650798,-0.0
97080,2.0981727615698325,-0.7251376122153929,-0.0
97090,2.0999589565635697,-0.7164504899381671,-0.0
97100,2.101712234827602,-0.7077663258291884,-0.0
97110,2.103432684333163,-0.6990852104619737,-0.0
97120,2.105120392909011,-0.6904072335934494,-0.0
97130,2.106775448236783,-0.6817324841696274,-0.0
97140,2.108397937846422,-0.6730610503312813,-0.0
97150,2.1099879491116686,-0.66439301941962,-0.0
97160,2.111545569245614,-0.6557284779819623,-0.0
97170,2.113070885296316,-0.6470675117774056,-0.0
97180,2.114563984142474,-0.6384102057824959,-0.0
97190,2.1160249524891745,-0.6297566441968918,-0.0
97200,2.1174538768636877,-0.6211069104490281,-0.0
97210,2.118850843611331,-0.612461087201772,-0.0
97220,2.1202159388913913,-0.6038192563580788,-0.0
97230,2.1215492486731047,-0.5951814990666406,-0.0
97240,2.122850858731705,-0.586547895727533,-0.0
97250,2.124120854644514,-0.5779185259978508,-0.0
97260,2.1253593217871067,-0.5692934687973464,-0.0
97270,2.126566345329528,-0.5606728023140548,-0.0
97280,2.127742010232566,-0.5520566040099174,-0.0
97290,2.1288864012440825,-0.5434449506263953,-0.0
97300,2.1299996028953996,-0.5348379181900788,-0.0
97310,2.1310816994977486,-0.5262355820182882,-0.0
97320,2.132132775138765,-0.517638016724667,-0.0
97330,2.133152913679041,-0.5090452962247672,-0.0
97340,2.134142198748746,-0.5004574937416278,-0.0
97350,2.1351007137442757,-0.4918746818113418,-0.0
97360,2.1360285418249814,-0.4832969322886181,-0.0
97370,2.1369257659099326,-0.47472431635233137,-0.0
97380,2.1377924686747467,-0.4661569045110648,-0.0
97390,2.1386287325484625,-0.4575947666086416,-0.0
97400,2.139434639710467,-0.4490379718296478,-0.0
97410,2.140210272087477,-0.44048658870494345,-0.0
97420,2.1409557113505704,-0.43194068511716616,-0.0
97430,2.141671038912266,-0.4234003283062213,-0.0
97440,2.1423563359236546,-0.41486558487476244,-0.0
97450,2.1430116832715806,-0.4063365207936607,-0.0
97460,2.1436371615758785,-0.3978132014074647,-0.0
97470,2.1442328511866386,-0.38929569143984316,-0.0
97480,2.1447988321815505,-0.380784054999024,-0.0
97490,2.1453351843632698,-0.37227835558321487,-0.0
97500,2.1458419872568437,-0.36377865608601445,-0.0
97510,2.1463193201071817,-0.35528501880181096,-0.0
97520,2.1467672618765743,-0.34679750543116816,-0.0
97530,2.1471858912422537,-0.33831617708619816,-0.0
97540,2.1475752865940074,-0.3298410942959225,-0.0
97550,2.147935526031832,-0.32137231701161867,-0.0
97560,2.148266687363629,-0.312909904612154,-0.0
97570,2.1485688481029546,-0.30445391590930665,-0.0
97580,2.148842085466809,-0.2960044091530726,-0.0
97590,2.149086476373467,-0.2875614420369587,-0.0
97600,2.149302097440349,-0.27912507170326173,-0.0
97610,2.1494890249819543,-0.27069535474833445,-0.0
97620,2.149647335007807,-0.262272347227836,-0.0
97630,2.149777103220471,-0.2538561046619692,-0.0
97640,2.1498784050135895,-0.24544668204070258,-0.0
97650,2.1499513154699756,-0.23704413382897874,-0.0
97660,2.14999590935974,-0.22864851397190672,-0.0
97670,2.1500122611384582,-0.22025987589994106,-0.0
97680,2.150000444945382,-0.21187827253404443,-0.0
97690,2.1499605346016817,-0.20350375629083609,-0.0
97700,2.1498926036087456,-0.1951363790877254,-0.0
97710,2.1497967251464964,-0.18677619234802945,-0.0
97720,2.1496729720717673,-0.1784232470060757,-0.0
97730,2.149521416916697,-0.17007759351228863,-0.0
97740,2.1493421318871784,-0.1617392818382619,-0.0
97750,2.1491351888613353,-0.15340836148181372,-0.0
97760,2.1489006593880444,-0.14508488147202755,-0.0
97770,2.1486386146854826,-0.13676889037427595,-0.0
97780,2.148349125639722,-0.12846043629522944,-0.0
97790,2.148032262803358,-0.12015956688784915,-0.0
97800,2.1476880963941665,-0.11186632935636313,-0.0
97810,2.147316696293808,-0.1035807704612271,-0.0
97820,2.146918132046557,-0.09530293652406872,-0.0
97830,2.1464924728580717,-0.0870328734326159,-0.0
97840,2.146039787594192,-0.07877062664560845,-0.0
97850,2.145560144779785,-0.07051624119769423,-0.0
97860,2.1450536125976076,-0.06226976170430803,-0.0
97870,2.1445202588872085,-0.05403123236653461,-0.0
97880,2.143960151143873,-0.04580069697595533,-0.0
97890,2.143373356517585,-0.03757819891947805,-0.0
97900,2.142759941812033,-0.02936378118415071,-0.0
97910,2.142119973483641,-0.021157486361958296,-0.0
97920,2.1414535176406355,-0.012959356654603342,-0.0
97930,2.140760640042144,-0.004769433878269742,-0.0
97940,2.140041406097321,0.00341224053163,-0.0
97950,2.1392958808645055,0.011585625515724141,-0.0
97960,2.1385241290504164,0.01975068038596775,-0.0
97970,2.1377262150093674,0.027907364820945385,-0.0
97980,2.1369022027425157,0.03605563886119045,-0.0
97990,2.1360521558971475,0.04419546290452131,-0.0
98000,2.135176137765977,0.05232679770139385,-0.0
98010,2.134274211286496,0.06044960435027118,-0.0
98020,2.1333464390403285,0.06856384429300949,-0.0
98030,2.1323928832526327,0.076669479310261,-0.0
98040,2.1314136057915207,0.08476647151689345,-0.0
98050,2.1304086681675134,0.0928547833574264,-0.0
98060,2.129378131533012,0.10093437760148381,-0.0
98070,2.1283220566818093,0.1090052173392638,-0.0
98080,2.127240504048621,0.11706726597702487,-0.0
98090,2.126133533708645,0.12512048723258862,-0.0
98100,2.1250012053771434,0.1331648451308591,-0.0
98110,2.1238435784090632,0.14120030399935915,-0.0
98120,2.122660711798666,0.14922682846378268,-0.0
98130,2.1214526641791966,0.15724438344356423,-0.0
98140,2.1202194938225714,0.16525293414746434,-0.0
98150,2.118961258639092,0.17325244606917206,-0.0
98160,2.117678016177184,0.18124288498292346,-0.0
98170,2.116369823623164,0.18922421693913694,-0.0
98180,2.1150367378010246,0.1971964082600646,-0.0
98190,2.1136788151722494,0.20515942553546032,-0.0
98200,2.11229611183565,0.21311323561826423,-0.0
98210,2.1108886835272234,0.22105780562030292,-0.0
98220,2.109456585620041,0.2289931029080065,-0.0
98230,2.1079998731241485,0.23691909509814166,-0.0
98240,2.106518600686505,0.24483575005356123,-0.0
98250,2.1050128225909273,0.2527430358789687,-0.0
98260,2.103482592758073,0.26064092091670094,-0.0
98270,2.101927964745432,0.2685293737425247,-0.0
98280,2.1003489917473503,0.2764083631614507,-0.0
98290,2.0987457265950735,0.28427785820356316,-0.0
98300,2.0971182217568036,0.29213782811986444,-0.0
98310,2.0954665293377923,0.29998824237813726,-0.0
98320,2.093790701080442,0.30782907065882087,-0.0
98330,2.092090788364436,0.3156602828509046,-0.0
98340,2.090366842206887,0.3234818490478353,-0.0
98350,2.088618913262503,0.33129373954344205,-0.0
98360,2.0868470518237814,0.3390959248278753,-0.0
98370,2.085051307821216,0.34688837558356256,-0.0
98380,2.083231730823527,0.354671062681178,-0.0
98390,2.0813883700379154,0.3624439571756293,-0.0
98400,2.079521274310324,0.3702070303020579,-0.0
98410,2.0776304921257336,0.37796025347185597,-0.0
98420,2.0757160716084724,0.385703598268698,-0.0
98430,2.0737780605225353,0.39343703644458716,-0.0
98440,2.071816506271943,0.40116053991591766,-0.0
98450,2.0698314559010953,0.4088740807595506,-0.0
98460,2.0678229560951644,0.41657763120890656,-0.0
98470,2.0657910531804937,0.4242711636500713,-0.0
98480,2.0637357931250193,0.4319546506179174,-0.0
98490,2.061657221538708,0.4396280647922397,-0.0
98500,2.05955538367402,0.4472913789939069,-0.0
98510,2.0574303244263787,0.45494456618102536,-0.0
98520,2.055282088334663,0.4625875994451194,-0.0
98530,2.053110719581724,0.47022045200732504,-0.0
98540,2.0509162619949053,0.47784309721459817,-0.0
98550,2.048698759046595,0.48545550853593783,-0.0
98560,2.0464582538547798,0.493057659558621,-0.0
98570,2.044194789183635,0.5006495239844561,-0.0
98580,2.041908407444111,0.5082310756260453,-0.0
98590,2.039599150694551,0.5158022884030649,-0.0
98600,2.037267060641318,0.523363136338557,-0.0
98610,2.0349121786394395,0.5309135935552354,-0.0
98620,2.032534545693276,0.5384536342718078,-0.0
98630,2.030134202457191,0.5459832327993068,-0.0
98640,2.0277111892362503,0.5535023635374394,-0.0
98650,2.0252655459869313,0.5610110009709461,-0.0
98660,2.022797312317846,0.5685091196659751,-0.0
98670,2.020306527490487,0.5759966942664704,-0.0
98680,2.0177932304199824,0.5834736994905723,-0.0
98690,2.0152574596758686,0.59094011012703,-0.0
98700,2.01269925348288,0.5983959010316299,-0.0
98710,2.010118649721746,0.6058410471236328,-0.0
98720,2.007515685930022,0.6132755233822303,-0.0
98730,2.0048903993029072,0.6206993048430061,-0.0
98740,2.002242826694107,0.6281123665944166,-0.0
98750,1.9995730046166862,0.635514683774281,-0.0
98760,1.996880969243952,0.6429062315662839,-0.0
98770,1.9941667564103478,0.6502869851964929,-0.0
98780,1.9914304016123539,0.6576569199298832,-0.0
98790,1.9886719400094148,0.6650160110668822,-0.0
98800,1.9858914064248756,0.6723642339399187,-0.0
98810,1.9830888353469256,0.6797015639099895,-0.0
98820,1.9802642609295724,0.6870279763632358,-0.0
98830,1.9774177169936131,0.6943434467075317,-0.0
98840,1.9745492370276272,0.701647950369084,-0.0
98850,1.9716588541889886,0.7089414627890467,-0.0
98860,1.9687466013048822,0.7162239594201433,-0.0
98870,1.965812510873337,0.7234954157233032,-0.0
98880,1.9628566150642783,0.7307558071643085,-0.0
98890,1.9598789457205856,0.7380051092104543,-0.0
98900,1.9568795343591705,0.7452432973272161,-0.0
98910,1.9538584121720637,0.7524703469749334,-0.0
98920,1.950815610027518,0.7596862336055016,-0.0
98930,1.9477511584711282,0.766890932659076,-0.0
98940,1.944665087726955,0.7740844195607867,-0.0
98950,1.9415574276986654,0.7812666697174617,-0.0
98960,1.938428207970701,0.7884376585143695,-0.0
98970,1.935277457809432,0.7955973613119598,-0.0
98980,1.9321052061643487,0.8027457534426258,-0.0
98990,1.9289114816692527,0.809882810207471,-0.0
99000,1.925696312643472,0.8170085068730906,-0.0
99010,1.9224597270930734,0.8241228186683593,-0.0
99020,1.9192017527121026,0.8312257207812319,-0.0
99030,1.9159224168838316,0.8383171883555547,-0.0
99040,1.9126217466820163,0.8453971964878849,-0.0
99050,1.9092997688721738,0.8524657202243231,-0.0
99060,1.905956509912865,0.8595227345573526,-0.0
99070,1.9025919959569968,0.866568214422692,-0.0
99080,1.899206252853129,0.8736021346961537,-0.0
99090,1.895799306146808,0.8806244701905183,-0.0
99100,1.892371181081893,0.8876351956524113,-0.0
99110,1.888921902601915,0.894634285759196,-0.0
99120,1.8854514953514345,0.9016217151158716,-0.0
99130,1.8819599836774201,0.908597458251984,-0.0
99140,1.8784473916306355,0.9155614896185434,-0.0
99150,1.8749137429670388,0.9225137835849532,-0.0
99160,1.8713590611491993,0.9294543144359468,-0.0
99170,1.867783369347722,0.9363830563685364,-0.0
99180,1.8641866904426845,0.9432999834889659,-0.0
99190,1.8605690470250933,0.950205069809679,-0.0
99200,1.856930461398342,0.9570982892462905,-0.0
99210,1.853270955579695,0.9639796156145729,-0.0
99220,1.8495905513017663,0.9708490226274434,-0.0
99230,1.8458892700140328,0.9777064838919702,-0.0
99240,1.8421671328843443,0.9845519729063786,-0.0
99250,1.8384241608004472,0.99138546305707,-0.0
99260,1.8346603743715282,0.9982069276156483,-0.0
99270,1.830875793929767,1.0050163397359573,-0.0
99280,1.8270704395318977,1.0118136724511217,-0.0
99290,1.823244330960792,1.018598898670603,-0.0
99300,1.8193974877270447,1.0253719911772563,-0.0
99310,1.8155299290705789,1.0321329226244036,-0.0
99320,1.811641673962262,1.038881665532907,-0.0
99330,1.8077327411055317,1.0456181922882566,-0.0
99340,1.8038031489380428,1.0523424751376647,-0.0
99350,1.799852915633315,1.059054486187165,-0.0
99360,1.7958820591024014,1.0657541973987237,-0.0
99370,1.7918905969955732,1.0724415805873597,-0.0
99380,1.7878785467040013,1.079116607418263,-0.0
99390,1.7838459253614736,1.0857792494039369,-0.0
99400,1.7797927498461057,1.0924294779013328,-0.0
99410,1.7757190367820743,1.0990672641090025,-0.0
99420,1.7716248025413606,1.1056925790642522,-0.0
99430,1.7675100632455079,1.1123053936403098,-0.0
99440,1.76337483476739,1.118905678543493,-0.0
99450,1.7592191327329996,1.1254934043103928,-0.0
99460,1.7550429725232368,1.1320685413050573,-0.0
99470,1.7508463692757237,1.1386310597161857,-0.0
99480,1.7466293378866264,1.1451809295543336,-0.0
99490,1.7423918930124913,1.1517181206491183,-0.0
99500,1.7381340490720898,1.1582426026464363,-0.0
99510,1.733855820248287,1.164754345005687,-0.0
99520,1.7295572204899137,1.1712533169970045,-0.0
99530,1.725238263513657,1.177739487698494,-0.0
99540,1.7208989628059614,1.1842128259934768,-0.0
99550,1.7165393316249475,1.1906733005677443,-0.0
99560,1.7121593830023405,1.1971208799068165,-0.0
99570,1.7077591297454147,1.2035555322932077,-0.0
99580,1.7033385844389484,1.209977225803701,-0.0
99590,1.6988977594471995,1.2163859283066276,-0.0
99600,1.6944366669158841,1.2227816074591542,-0.0
99610,1.6899553187741807,1.2291642307045776,-0.0
99620,1.6854537267367402,1.235533765269626,-0.0
99630,1.680931902305715,1.241890178161767,-0.0
99640,1.6763898567727944,1.24823343616652,-0.0
99650,1.6718276012212678,1.2545635058447815,-0.0
99660,1.6672451465280869,1.2608803535301507,-0.0
99670,1.662642503365952,1.2671839453262648,-0.0
99680,1.6580196822054114,1.2734742471041427,-0.0
99690,1.6533766933169711,1.2797512244995322,-0.0
99700,1.6487135467732212,1.2860148429102627,-0.0
99710,1.6440302524509836,1.292265067493614,-0.0
99720,1.639326820033458,1.2985018631636756,-0.0
99730,1.6346032590124042,1.3047251945887313,-0.0
99740,1.6298595786903178,1.3109350261886341,-0.0
99750,1.6250957881826391,1.317131322132198,-0.0
99760,1.6203118964199608,1.3233140463345923,-0.0
99770,1.6155079121502671,1.3294831624547427,-0.0
99780,1.610683843941176,1.335638633892743,-0.0
99790,1.6058397001821971,1.3417804237872648,-0.0
99800,1.6009754890870151,1.347908495012983,-0.0
99810,1.5960912186957776,1.354022810178002,-0.0
99820,1.591186896877403,1.3601233316212928,-0.0
99830,1.5862625313319068,1.3662100214101325,-0.0
99840,1.5813181295927368,1.3722828413375516,-0.0
99850,1.5763536990291305,1.3783417529197914,-0.0
99860,1.5713692468484837,1.3843867173937618,-0.0
99870,1.5663647800987428,1.3904176957145153,-0.0
99880,1.5613403056707993,1.3964346485527117,-0.0
99890,1.5562958303009178,1.40243753629211,-0.0
99900,1.551231360573164,1.4084263190270483,-0.0
99910,1.5461469029218609,1.4144009565599418,-0.0
99920,1.541042463634059,1.420361408398787,-0.0
99930,1.5359180488520163,1.4263076337546634,-0.0
99940,1.5307736645757024,1.4322395915392514,-0.0
99950,1.5256093166653206,1.4381572403623561,-0.0
99960,1.5204250108438375,1.4440605385294318,-0.0
99970,1.5152207526995423,1.4499494440391205,-0.0
99980,1.5099965476886101,1.455823914580792,-0.0
99990,1.5047524011376945,1.461683907532092,-0.0
