time,ax,ay,az
0,-8.137470012244897,-0.0,-0.0
10,-8.137942877205907,-0.08775276451391531,-0.0
20,-8.137469132262252,-0.1755259252414683,-0.0
30,-8.136048172425514,-0.26330926523549336,-0.0
40,-8.133679503022785,-0.35109255211830404,-0.0
50,-8.130362740061933,-0.43886553927071814,-0.0
60,-8.126097610584257,-0.5266179670293964,-0.0
70,-8.120883953004213,-0.6143395638923633,-0.0
80,-8.114721717436208,-0.7020200477325832,-0.0
90,-8.107610966008117,-0.789649127019452,-0.0
100,-8.099551873161417,-0.877216502048065,-0.0
110,-8.090544725937777,-0.9647118661761227,-0.0
120,-8.080589924251864,-1.052124907068317,-0.0
130,-8.06968798115022,-1.1394453079480522,-0.0
140,-8.057839523056055,-1.22666274885635,-0.0
150,-8.045045289999724,-1.3137669079177592,-0.0
160,-8.031306135834795,-1.400747462613133,-0.0
170,-8.01662302843943,-1.4875940910590817,-0.0
180,-8.000997049903019,-1.5742964732939386,-0.0
190,-7.984429396697838,-1.6608442925700695,-0.0
200,-7.9669213798355845,-1.7472272366523334,-0.0
210,-7.948474425008586,-1.833434999122513,-0.0
220,-7.92909007271561,-1.919457280689536,-0.0
230,-7.908769978372028,-2.00528379050528,-0.0
240,-7.8875159124042264,-2.090904247485782,-0.0
250,-7.8653297603280965,-2.176308381637639,-0.0
260,-7.842213522811442,-2.261485935389397,-0.0
270,-7.818169315720206,-2.3464266649277374,-0.0
280,-7.793199370148278,-2.4311203415382217,-0.0
290,-7.767306032430855,-2.515556752950409,-0.0
300,-7.740491764141108,-2.5997257046871005,-0.0
310,-7.712759142070091,-2.683617021417509,-0.0
320,-7.684110858189754,-2.767220548314123,-0.0
330,-7.65454971959886,-2.8505261524130194,-0.0
340,-7.624078648451799,-2.933523723977425,-0.0
350,-7.592700681870062,-3.016203177864257,-0.0
360,-7.560418971836315,-3.0985544548934145,-0.0
370,-7.527236785070955,-3.180567523219594,-0.0
380,-7.493157502891015,-3.262232379706347,-0.0
390,-7.45818462105133,-3.343539051302173,-0.0
400,-7.422321749567866,-3.424477596418366,-0.0
410,-7.385572612523053,-3.5050381063083496,-0.0
420,-7.347941047853122,-3.5852107064482825,-0.0
430,-7.309431007117276,-3.664985557918635,-0.0
440,-7.270046555248628,-3.744352858786483,-0.0
450,-7.229791870286847,-3.8233028454882576,-0.0
460,-7.188671243092404,-3.901825794212674,-0.0
470,-7.146689077042361,-3.979912022283573,-0.0
480,-7.103849887707611,-4.057551889542386,-0.0
490,-7.060158302511531,-4.134735799729957,-0.0
500,-7.015619060369966,-4.211454201867443,-0.0
510,-6.970237011312524,-4.287697591636011,-0.0
520,-6.92401711608504,-4.363456512755003,-0.0
530,-6.876964445733304,-4.438721558358383,-0.0
540,-6.8290841811678735,-4.5134833723690555,-0.0
550,-6.780381612710021,-4.587732650870846,-0.0
560,-6.730862139618751,-4.6614601434778296,-0.0
570,-6.680531269598879,-4.734656654700701,-0.0
580,-6.629394618290109,-4.807313045309896,-0.0
590,-6.577457908737167,-4.879420233695177,-0.0
600,-6.524726970840895,-4.950969197221357,-0.0
610,-6.471207740790377,-5.021950973579897,-0.0
620,-6.416906260476042,-5.092356662136039,-0.0
630,-6.361828676883789,-5.1621774252712065,-0.0
640,-6.305981241470091,-5.231404489720308,-0.0
650,-6.249370309518184,-5.300029147903735,-0.0
660,-6.192002339475259,-5.368042759253642,-0.0
670,-6.13388389227077,-5.435436751534282,-0.0
680,-6.075021630615836,-5.502202622156035,-0.0
690,-6.01542231828382,-5.568331939482873,-0.0
700,-5.955092819372075,-5.633816344132902,-0.0
710,-5.894040097544969,-5.698647550271696,-0.0
720,-5.832271215258209,-5.762817346898132,-0.0
730,-5.769793332964522,-5.826317599122379,-0.0
740,-5.706613708300785,-5.889140249435762,-0.0
750,-5.642739695256656,-5.951277318972179,-0.0
760,-5.578178743324808,-6.012720908760755,-0.0
770,-5.512938396632828,-6.073463200969468,-0.0
780,-5.4470262930568705,-6.133496460139356,-0.0
790,-5.380450163317218,-6.192813034409113,-0.0
800,-5.313217830055746,-6.251405356729632,-0.0
810,-5.245337206895521,-6.309265946068331,-0.0
820,-5.176816297482553,-6.366387408602857,-0.0
830,-5.107663194509874,-6.422762438903885,-0.0
840,-5.037886078724053,-6.478383821106772,-0.0
850,-4.967493217914279,-6.53324443007167,-0.0
860,-4.896492965884144,-6.587337232531872,-0.0
870,-4.824893761406292,-6.640655288230079,-0.0
880,-4.752704127160067,-6.693191751042266,-0.0
890,-4.679932668652301,-6.744939870088888,-0.0
900,-4.606588073121444,-6.79589299083312,-0.0
910,-4.5326791084251665,-6.84604455616584,-0.0
920,-4.458214621911619,-6.895388107477084,-0.0
930,-4.3832035392745246,-6.943917285713649,-0.0
940,-4.307654863392306,-6.991625832422644,-0.0
950,-4.231577673151412,-7.038507590780616,-0.0
960,-4.154981122254038,-7.084556506608028,-0.0
970,-4.077874438010463,-7.129766629368817,-0.0
980,-4.000266920116206,-7.174132113154761,-0.0
990,-3.9221679394141744,-7.217647217654346,-0.0
1000,-3.843586936642084,-7.260306309105955,-0.0
1010,-3.764533421165313,-7.302103861235018,-0.0
1020,-3.6850169696954573,-7.343034456174962,-0.0
1030,-3.6050472249947916,-7.3830927853716295,-0.0
1040,-3.5246338945669016,-7.422273650470982,-0.0
1050,-3.443786749333702,-7.460571964189794,-0.0
1060,-3.362515622299104,-7.49798275116912,-0.0
1070,-3.2808304071995824,-7.534501148810319,-0.0
1080,-3.19874105714189,-7.570122408093342,-0.0
1090,-3.116257583228187,-7.604841894377109,-0.0
1100,-3.0333900531688647,-7.638655088181758,-0.0
1110,-2.9501485898832973,-7.671557585952479,-0.0
1120,-2.8665433700888427,-7.703545100804811,-0.0
1130,-2.78258462287834,-7.734613463251119,-0.0
1140,-2.698282628286386,-7.764758621908058,-0.0
1150,-2.613647715844714,-7.79397664418489,-0.0
1160,-2.528690263126911,-7.822263716952346,-0.0
1170,-2.4434206942828247,-7.849616147191949,-0.0
1180,-2.357849478562922,-7.876030362625552,-0.0
1190,-2.2719871288329183,-7.901502912324926,-0.0
1200,-2.1858442000789795,-7.926030467301236,-0.0
1210,-2.099431287903814,-7.949609821074219,-0.0
1220,-2.0127590270139586,-7.972237890220921,-0.0
1230,-1.925838089698585,-7.9939117149038035,-0.0
1240,-1.8386791843001373,-8.01462845937811,-0.0
1250,-1.7512930536771414,-8.034385412478308,-0.0
1260,-1.6636904736594889,-8.0531799880835,-0.0
1270,-1.5758822514965478,-8.071009725561641,-0.0
1280,-1.487879224298414,-8.087872290192442,-0.0
1290,-1.3996922574706534,-8.103765473568847,-0.0
1300,-1.3113322431428611,-8.118687193976982,-0.0
1310,-1.2228100985913812,-8.132635496754402,-0.0
1320,-1.1341367646565301,-8.145608554626614,-0.0
1330,-1.0453232041546634,-8.157604668021708,-0.0
1340,-0.9563804002854418,-8.168622265363094,-0.0
1350,-0.8673193550346279,-8.178659903340126,-0.0
1360,-0.7781510875727781,-8.187716267156675,-0.0
1370,-0.6888866326501722,-8.195790170757471,-0.0
1380,-0.5995370389883389,-8.202880557032234,-0.0
1390,-0.510113367668524,-8.208986497997463,-0.0
1400,-0.420626690517463,-8.214107194955881,-0.0
1410,-0.3310880884908084,-8.218241978633436,-0.0
1420,-0.24150865005457456,-8.221390309293918,-0.0
1430,-0.15189946956495146,-8.223551776831007,-0.0
1440,-0.062271645646850116,-8.2247261008379,-0.0
1450,0.027363720428463734,-8.224913130654338,-0.0
1460,0.11699552636628822,-8.224112845391138,-0.0
1470,0.20661267047159682,-8.222325353932144,-0.0
1480,0.296204053271983,-8.219550894913656,-0.0
1490,0.3857585791400804,-8.215789836681303,-0.0
1500,0.47526515791509755,-8.211042677224398,-0.0
1510,0.5647127065231091,-8.205310044087755,-0.0
1520,0.6540901505957467,-8.198592694261075,-0.0
1530,0.7433864260869305,-8.190891514045827,-0.0
1540,0.8325904808872843,-8.182207518899775,-0.0
1550,0.9216912764358792,-8.172541853259093,-0.0
1560,1.0106777893289531,-8.161895790338194,-0.0
1570,1.0995390129252456,-8.15027073190732,-0.0
1580,1.188263958947606,-8.137668208047915,-0.0
1590,1.2768416590805134,-8.124089876885913,-0.0
1600,1.365261166563168,-8.109537524302981,-0.0
1610,1.453511557777798,-8.094013063625805,-0.0
1620,1.541581933832844,-8.07751853529353,-0.0
1630,1.6294614221406745,-8.060056106503435,-0.0
1640,1.71713917798949,-8.041628070834971,-0.0
1650,1.8046043861090693,-8.022236847852191,-0.0
1660,1.8918462622300374,-8.00188498268483,-0.0
1670,1.978854054636311,-7.980575145588023,-0.0
1680,2.0656170457103804,-7.958310131480858,-0.0
1690,2.1521245534711184,-7.935092859463889,-0.0
1700,2.2383659331037746,-7.9109263723157355,-0.0
1710,2.324330578481837,-7.885813835968924,-0.0
1720,2.4100079236804395,-7.859758538965117,-0.0
1730,2.4953874444810045,-7.832763891889914,-0.0
1740,2.580458659866794,-7.80483342678733,-0.0
1750,2.66521113350907,-7.775970796554175,-0.0
1760,2.7496344752435533,-7.746179774314485,-0.0
1770,2.833718342536883,-7.715464252774199,-0.0
1780,2.9174524419427623,-7.683828243556221,-0.0
1790,3.0008265305475117,-7.651275876516122,-0.0
1800,3.0838304174047377,-7.617811399038641,-0.0
1810,3.1664539649588095,-7.583439175315168,-0.0
1820,3.248687090456886,-7.5481636856024465,-0.0
1830,3.330519767349201,-7.511989525462719,-0.0
1840,3.411942026677331,-7.474921404985453,-0.0
1850,3.4929439584501765,-7.4369641479909525,-0.0
1860,3.573515713007401,-7.3981226912160425,-0.0
1870,3.6536475023700534,-7.358402083482045,-0.0
1880,3.733329601578115,-7.317807484845284,-0.0
1890,3.812552350014742,-7.2763441657303725,-0.0
1900,3.8913061527169353,-7.2340175060465155,-0.0
1910,3.9695814816723987,-7.190832994287045,-0.0
1920,4.04736887710235,-7.146796226612478,-0.0
1930,4.124658948730075,-7.101912905917329,-0.0
1940,4.201442377034951,-7.056188840880913,-0.0
1950,4.277709914491773,-7.009629945002463,-0.0
1960,4.3534523867951105,-6.96224223562072,-0.0
1970,4.428660694068539,-6.9140318329183765,-0.0
1980,4.503325812058506,-6.865004958911555,-0.0
1990,4.577438793312632,-6.815167936424652,-0.0
2000,4.650990768342272,-6.764527188050766,-0.0
2010,4.723972946769124,-6.713089235098045,-0.0
2020,4.796376618455734,-6.6608606965221995,-0.0
2030,4.8681931546196715,-6.607848287845468,-0.0
2040,4.939414008931258,-6.554058820062335,-0.0
2050,5.010030718594632,-6.4994991985322645,-0.0
2060,5.080034905412039,-6.444176421859777,-0.0
2070,5.149418276831131,-6.388097580762113,-0.0
2080,5.218172626975195,-6.331269856924829,-0.0
2090,5.2862898376561,-6.273700521845561,-0.0
2100,5.353761879369884,-6.215396935666342,-0.0
2110,5.420580812274811,-6.1563665459946675,-0.0
2120,5.486738787151759,-6.096616886713678,-0.0
2130,5.552228046346906,-6.036155576781779,-0.0
2140,5.617040924696446,-5.97499031902189,-0.0
2150,5.6811698504334025,-5.913128898900795,-0.0
2160,5.74460734607629,-5.850579183298727,-0.0
2170,5.8073460292996115,-5.787349119269623,-0.0
2180,5.869378613786085,-5.723446732792295,-0.0
2190,5.930697910060476,-5.6588801275128215,-0.0
2200,5.991296826305021,-5.593657483478504,-0.0
2210,6.05116836915629,-5.527787055863645,-0.0
2220,6.110305644483513,-5.4612771736875265,-0.0
2230,6.168701858148226,-5.394136238524814,-0.0
2240,6.226350316745205,-5.32637272320875,-0.0
2250,6.2832444283246796,-5.257995170527445,-0.0
2260,6.339377703095719,-5.189012191913546,-0.0
2270,6.39474375411079,-5.119432466127598,-0.0
2280,6.4493362979314455,-5.04926473793543,-0.0
2290,6.503149155275098,-4.978517816779832,-0.0
2300,6.556176251642906,-4.907200575446876,-0.0
2310,6.608411617928676,-4.8353219487271275,-0.0
2320,6.659849391008845,-4.7628909320721045,-0.0
2330,6.710483814313503,-4.689916580246265,-0.0
2340,6.760309238378456,-4.616408005974813,-0.0
2350,6.809320121378345,-4.542374378587659,-0.0
2360,6.857511029640808,-4.467824922659772,-0.0
2370,6.904876638141742,-4.392768916648302,-0.0
2380,6.951411730981642,-4.317215691526694,-0.0
2390,6.997111201843074,-4.241174629416134,-0.0
2400,7.041970054429303,-4.164655162214608,-0.0
2410,7.085983402884097,-4.087666770223843,-0.0
2420,7.129146472192788,-4.010218980774469,-0.0
2430,7.171454598564574,-3.9323213668496093,-0.0
2440,7.212903229796207,-3.853983545707294,-0.0
2450,7.253487925616996,-3.7752151775018485,-0.0
2460,7.293204358015315,-3.6960259639046535,-0.0
2470,7.332048311546592,-3.616425646724481,-0.0
2480,7.370015683622885,-3.536424006527713,-0.0
2490,7.407102484784106,-3.456030861258695,-0.0
2500,7.443304838951011,-3.375256064860526,-0.0
2510,7.478618983659951,-3.2941095058965044,-0.0
2520,7.513041270279586,-3.2126011061725466,-0.0
2530,7.5465681642095515,-3.1307408193607955,-0.0
2540,7.57919624506125,-3.0485386296247063,-0.0
2550,7.6109222068208116,-2.9660045502458456,-0.0
2560,7.641742857994348,-2.8831486222526634,-0.0
2570,7.671655121735652,-2.7999809130515048,-0.0
2580,7.700656035956337,-2.716511515060058,-0.0
2590,7.728742753418689,-2.632750544343548,-0.0
2600,7.755912541811201,-2.5487081392538506,-0.0
2610,7.782162783807025,-2.464394459071812,-0.0
2620,7.807490977105389,-2.3798196826529736,-0.0
2630,7.831894734456155,-2.294994007076945,-0.0
2640,7.855371783667647,-2.209927646300659,-0.0
2650,7.8779199675978475,-2.1246308298157057,-0.0
2660,7.899537244129139,-2.0391138013099814,-0.0
2670,7.920221686126729,-1.95338681733387,-0.0
2680,7.9399714813808755,-1.8674601459711495,-0.0
2690,7.958784932533107,-1.7813440655148536,-0.0
2700,7.976660456986518,-1.6950488631482636,-0.0
2710,7.99359658680038,-1.6085848336312618,-0.0
2720,8.009591968569136,-1.5219622779922086,-0.0
2730,8.024645363286012,-1.4351915022255666,-0.0
2740,8.038755646191351,-1.3482828159954325,-0.0
2750,8.051921806605845,-1.261246531345176,-0.0
2760,8.064142947748861,-1.1740929614133626,-0.0
2770,8.075418286541995,-1.0868324191561316,-0.0
2780,8.085747153398005,-0.9994752160762045,-0.0
2790,8.095128991995358,-0.9120316609586901,-0.0
2800,8.1035633590385,-0.8245120586138535,-0.0
2810,8.111049924004053,-0.7369267086269997,-0.0
2820,8.11758846887311,-0.6492859041156392,-0.0
2830,8.123178887849804,-0.5615999304940761,-0.0
2840,8.12782118706633,-0.4738790642455739,-0.0
2850,8.131515484274596,-0.38613357170223817,-0.0
2860,8.134262008524688,-0.2983737078327549,-0.0
2870,8.136061099830345,-0.21060971503812476,-0.0
2880,8.136913208821586,-0.12285182195551754,-0.0
2890,8.13681889638473,-0.035110242270378685,-0.0
2900,8.135778833289928,0.05260482646309116,-0.0
2910,8.133793799806483,0.14028320399296387,-0.0
2920,8.13086468530603,0.22791472853200434,-0.0
2930,8.12699248785388,0.315489257911373,-0.0
2940,8.122178313788627,0.4029966707255033,-0.0
2950,8.116423377290229,0.49042686746804987,-0.0
2960,8.109728999936829,0.5777697716588132,-0.0
2970,8.10209661025035,0.6650153309615388,-0.0
2980,8.093527743231204,0.7521535182925053,-0.0
2990,8.084024039882221,0.8391743329198139,-0.0
3000,8.073587246722019,0.9260678015532934,-0.0
3010,8.06221921528797,1.0128239794249423,-0.0
3020,8.049921901629016,1.0994329513598367,-0.0
3030,8.036697365788436,1.1858848328374232,-0.0
3040,8.022547771276855,1.2721697710431419,-0.0
3050,8.007475384535576,1.3582779459103012,-0.0
3060,7.991482574390504,1.4441995711521547,-0.0
3070,7.974571811496845,1.529924895284122,-0.0
3080,7.956745667774678,1.6154442026360902,-0.0
3090,7.938006815835724,1.7007478143547643,-0.0
3100,7.918358028401384,1.785826089396004,-0.0
3110,7.897802177712291,1.8706694255071155,-0.0
3120,7.87634223492953,1.9552682601990534,-0.0
3130,7.853981269527729,2.039613071708501,-0.0
3140,7.830722448680221,2.1236943799497965,-0.0
3150,7.8065690366363745,2.207502747456673,-0.0
3160,7.781524394091391,2.2910287803137894,-0.0
3170,7.755591977548677,2.3742631290780403,-0.0
3180,7.728775338674942,2.457196489689598,-0.0
3190,7.701078123648297,2.5398196043727124,-0.0
3200,7.672504072499427,2.6221232625262108,-0.0
3210,7.64305701844608,2.7040983016037314,-0.0
3220,7.612740887221013,2.7857356079836504,-0.0
3230,7.5815596963935645,2.867026117828722,-0.0
3240,7.549517554685047,2.947960817935414,-0.0
3250,7.516618661278106,3.028530746572955,-0.0
3260,7.482867305120223,3.1087269943120948,-0.0
3270,7.448267864221511,3.1885407048435797,-0.0
3280,7.412824804947006,3.267963075786365,-0.0
3290,7.376542681303543,3.3469853594855614,-0.0
3300,7.33942613422148,3.425598863800157,-0.0
3310,7.301479890831307,3.5037949528805035,-0.0
3320,7.262708763735418,3.58156504793562,-0.0
3330,7.223117650275079,3.658900627990296,-0.0
3340,7.182711531792861,3.735793230632074,-0.0
3350,7.141495472890609,3.812234452748099,-0.0
3360,7.09947462068309,3.8882159512518575,-0.0
3370,7.056654204047553,3.9637294437999,-0.0
3380,7.013039532869236,4.038766709498502,-0.0
3390,6.968635997283049,4.113319589600368,-0.0
3400,6.923449066911495,4.187379988191367,-0.0
3410,6.877484290099064,4.260939872867384,-0.0
3420,6.830747293143123,4.333991275401295,-0.0
3430,6.7832437795215235,4.406526292400127,-0.0
3440,6.7349795291170285,4.478537085952458,-0.0
3450,6.685960397438661,4.550015884266083,-0.0
3460,6.636192314840156,4.620954982296014,-0.0
3470,6.585681285735573,4.69134674236286,-0.0
3480,6.534433387812271,4.761183594761649,-0.0
3490,6.482454771241273,4.830458038361115,-0.0
3500,6.429751657885226,4.899162641193562,-0.0
3510,6.3763303405040155,4.9672900410353025,-0.0
3520,6.322197181958158,5.034832945977778,-0.0
3530,6.267358614410088,5.1017841349893756,-0.0
3540,6.2118211385234705,5.168136458468072,-0.0
3550,6.1555913226605865,5.233882838784872,-0.0
3560,6.098675802077939,5.299016270818187,-0.0
3570,6.0410812781201875,5.363529822479184,-0.0
3580,5.9828145174124785,5.427416635228173,-0.0
3590,5.923882351051278,5.490669924582098,-0.0
3600,5.8642916737937965,5.5532829806131865,-0.0
3610,5.804049443246138,5.615249168438888,-0.0
3620,5.743162679050193,5.676561928703071,-0.0
3630,5.681638462069405,5.737214778048629,-0.0
3640,5.619483933573503,5.797201309581525,-0.0
3650,5.556706294422243,5.856515193326375,-0.0
3660,5.493312804248278,5.915150176673601,-0.0
3670,5.429310780639209,5.973100084818265,-0.0
3680,5.3647075983188905,6.030358821190635,-0.0
3690,5.299510688328089,6.086920367878569,-0.0
3700,5.233727537204515,6.142778786041742,-0.0
3710,5.167365686162375,6.197928216317899,-0.0
3720,5.1004327302714065,6.252362879221066,-0.0
3730,5.032936317635549,6.306077075531904,-0.0
3740,4.964884148571262,6.35906518668022,-0.0
3750,4.89628397478557,6.411321675119745,-0.0
3760,4.827143598553866,6.4628410846951985,-0.0
3770,4.757470871897571,6.513618041001795,-0.0
3780,4.687273695761636,6.563647251737175,-0.0
3790,4.616560019192014,6.612923507045909,-0.0
3800,4.545337838513079,6.661441679856595,-0.0
3810,4.473615196505085,6.70919672621166,-0.0
3820,4.401400181581675,6.7561836855899005,-0.0
3830,4.3287009269675085,6.8023976812218745,-0.0
3840,4.255525609876025,6.847833920398178,-0.0
3850,4.181882450687392,6.892487694770701,-0.0
3860,4.10777971212666,6.93635438064693,-0.0
3870,4.033225698442181,6.979429439277368,-0.0
3880,3.958228754584296,7.021708417136129,-0.0
3890,3.882797265384317,7.063186946194773,-0.0
3900,3.806939654733859,7.103860744189486,-0.0
3910,3.730664384764527,7.1437256148816335,-0.0
3920,3.65397995502798,7.182777448311766,-0.0
3930,3.576894901676388,7.221012221047146,-0.0
3940,3.4994177966433258,7.258425996422852,-0.0
3950,3.42155724682509,7.295014924776548,-0.0
3960,3.343321893262476,7.330775243676956,-0.0
3970,3.2647204103230147,7.365703278146083,-0.0
3980,3.1857615048836956,7.399795440875308,-0.0
3990,3.106453915514176,7.433048232435368,-0.0
4000,3.0268064116604756,7.465458241480258,-0.0
4010,2.9468277928292004,7.497022144945203,-0.0
4020,2.8665268877722445,7.527736708238634,-0.0
4030,2.7859125536720324,7.557598785428337,-0.0
4040,2.704993675327266,7.58660531942178,-0.0
4050,2.6237791643391835,7.614753342140627,-0.0
4060,2.542277958298344,7.64203997468959,-0.0
4070,2.460499019971925,7.6684624275196,-0.0
4080,2.378451336491524,7.694018000585341,-0.0
4090,2.2961439185414747,7.718704083497252,-0.0
4100,2.2135857995476615,7.74251815566798,-0.0
4110,2.1307860348668286,7.765457786453394,-0.0
4120,2.0477537009763696,7.787520635288124,-0.0
4130,1.9644978946646083,7.808704451815771,-0.0
4140,1.8810277322215214,7.829007076013702,-0.0
4150,1.7973523486299405,7.848426438312609,-0.0
4160,1.7134808967571773,7.866960559710753,-0.0
4170,1.6294225465470846,7.884607551882986,-0.0
4180,1.5451864842125316,7.9013656172846085,-0.0
4190,1.4607819114282758,7.917233049250029,-0.0
4200,1.3762180445242123,7.932208232086308,-0.0
4210,1.291504113678993,7.9462896411616,-0.0
4220,1.2066493621139895,7.959475842988543,-0.0
4230,1.1216630452875869,7.97176549530259,-0.0
4240,1.0365544300897798,7.983157347135318,-0.0
4250,0.9513327940370603,7.9936502388827595,-0.0
4260,0.8660074244675764,8.003243102368764,-0.0
4270,0.780587617736532,8.011934960903417,-0.0
4280,0.6950826784118112,8.019724929336485,-0.0
4290,0.6095019184698094,8.026612214106024,-0.0
4300,0.5238546564914394,8.03259611328201,-0.0
4310,0.4381502168582983,8.037676016605175,-0.0
4320,0.3523979289489633,8.041851405520893,-0.0
4330,0.26660712633539896,8.045121853208235,-0.0
4340,0.18078714597945028,8.047487024604198,-0.0
4350,0.0949473274293969,8.048946676423082,-0.0
4360,0.009097012016542554,8.049500657170988,-0.0
4370,-0.07675445794818134,8.049148907155537,-0.0
4380,-0.16259773997762525,8.047891458490735,-0.0
4390,-0.24842349221186766,8.04572843509699,-0.0
4400,-0.33422237422172274,8.04266005269633,-0.0
4410,-0.4199850478123342,8.038686618802759,-0.0
4420,-0.5057021778268793,8.033808532707786,-0.0
4430,-0.5913644329504075,8.028026285461094,-0.0
4440,-0.6769624865138392,8.021340459846364,-0.0
4450,-0.7624870172981447,8.013751730352233,-0.0
4460,-0.8479287103387334,8.005260863138373,-0.0
4470,-0.9332782577300682,7.995868715996654,-0.0
4480,-1.0185263594305367,7.985576238307456,-0.0
4490,-1.103663724067594,7.974384470991003,-0.0
4500,-1.188681069743206,7.96229454645378,-0.0
4510,-1.2735691248396086,7.949307688529984,-0.0
4520,-1.3583186288254079,7.935425212417995,-0.0
4530,-1.4429203330620406,7.92064852461182,-0.0
4540,-1.5273650016106142,7.904979122827532,-0.0
4550,-1.6116434120391494,7.8884185959246444,-0.0
4560,-1.6957463562302302,7.870968623822348,-0.0
4570,-1.779664641189104,7.8526309774107075,-0.0
4580,-1.8633890898522205,7.833407518456649,-0.0
4590,-1.9469105418962476,7.8133001995047815,-0.0
4600,-2.030219854547564,7.792311063773004,-0.0
4610,-2.1133079033922524,7.77044224504285,-0.0
4620,-2.1961655831866094,7.747695967544554,-0.0
4630,-2.27878380866816,7.7240745458367455,-0.0
4640,-2.3611535153672265,7.699580384680815,-0.0
4650,-2.4432656604190357,7.6742159789098645,-0.0
4660,-2.5251112233763684,7.647983913292138,-0.0
4670,-2.6066812070227807,7.620886862389019,-0.0
4680,-2.6879666381863894,7.592927590407428,-0.0
4690,-2.768958568554233,7.5641089510466495,-0.0
4700,-2.8496480754872002,7.53443388733949,-0.0
4710,-2.930026262835551,7.503905431487752,-0.0
4720,-3.0100842617550008,7.472526704691933,-0.0
4730,-3.0898132315234097,7.440300916975154,-0.0
4740,-3.1692043603580204,7.407231367001193,-0.0
4750,-3.248248866233301,7.373321441886636,-0.0
4760,-3.326937997699335,7.338574617007024,-0.0
4770,-3.405263034700792,7.302994455796984,-0.0
4780,-3.483215289396455,7.266584609544302,-0.0
4790,-3.560786106979281,7.229348817177785,-0.0
4800,-3.637966866497019,7.191290905048958,-0.0
4810,-3.7147489816733383,7.152414786707483,-0.0
4820,-3.7911239017294736,7.112724462670235,-0.0
4830,-3.867083112206358,7.0722240201839615,-0.0
4840,-3.942618135787242,7.030917632981525,-0.0
4850,-4.017720533120754,6.988809561031558,-0.0
4860,-4.092381903644416,6.945904150281573,-0.0
4870,-4.166593886408548,6.9022058323943645,-0.0
4880,-4.240348160900564,6.8577191244777005,-0.0
4890,-4.313636447869645,6.8124486288072195,-0.0
4900,-4.386450510151716,6.766399032542433,-0.0
4910,-4.458782153494736,6.719575107435813,-0.0
4920,-4.530623227384243,6.671981709534842,-0.0
4930,-4.601965625869136,6.623623778876998,-0.0
4940,-4.6728012883876415,6.574506339177579,-0.0
4950,-4.7431222005934375,6.524634497510291,-0.0
4960,-4.812920395181889,6.474013443980559,-0.0
4970,-4.882187952716335,6.422648451391437,-0.0
4980,-4.950917002454417,6.370544874902084,-0.0
4990,-5.019099723174366,6.317708151678738,-0.0
5000,-5.086728344001222,6.264143800538066,-0.0
5010,-5.153795145232908,6.2098574215828695,-0.0
5020,-5.22029245916612,6.1548546958300205,-0.0
5030,-5.286212670922002,6.0991413848306335,-0.0
5040,-5.3515482192714785,6.042723330282291,-0.0
5050,-5.416291597460248,5.985606453633336,-0.0
5060,-5.48043535403335,5.927796755679139,-0.0
5070,-5.543972093659217,5.869300316150201,-0.0
5080,-5.606894477953191,5.8101232932921505,-0.0
5090,-5.669195226300394,5.750271923437412,-0.0
5100,-5.7308671166778655,5.689752520568566,-0.0
5110,-5.791902986475977,5.628571475873339,-0.0
5120,-5.85229573331893,5.566735257291058,-0.0
5130,-5.91203831588434,5.504250409050613,-0.0
5140,-5.97112375472178,5.441123551199749,-0.0
5150,-6.029545133070244,5.3773613791257215,-0.0
5160,-6.087295597674373,5.312970663067148,-0.0
5170,-6.144368359599426,5.247958247617051,-0.0
5180,-6.200756695044856,5.182331051217001,-0.0
5190,-6.256453946156423,5.116096065642302,-0.0
5200,-6.311453521836708,5.049260355478114,-0.0
5210,-6.365748898553999,4.981831057586523,-0.0
5220,-6.4193336211493675,4.913815380564409,-0.0
5230,-6.472201303641881,4.845220604192109,-0.0
5240,-6.524345630031823,4.776054078872776,-0.0
5250,-6.575760355101845,4.706323225062399,-0.0
5260,-6.626439305215863,4.636035532690399,-0.0
5270,-6.676376379115691,4.565198560570764,-0.0
5280,-6.725565548715202,4.493819935803646,-0.0
5290,-6.774000859891938,4.421907353167381,-0.0
5300,-6.821676433276067,4.34946857450086,-0.0
5310,-6.868586465036511,4.276511428076214,-0.0
5320,-6.914725227664173,4.203043807961746,-0.0
5330,-6.960087070752089,4.129073673375067,-0.0
5340,-7.004666421772436,4.054609048026399,-0.0
5350,-7.048457786850176,3.979658019451976,-0.0
5360,-7.091455751533284,3.904228738337504,-0.0
5370,-7.133654981559391,3.8283294178316596,-0.0
5380,-7.175050223618676,3.75196833284955,-0.0
5390,-7.2156363061129145,3.6751538193661246,-0.0
5400,-3.861909563665493,10.43213527557724,0.0
5410,-3.974187628068482,10.389382488300726,0.0
5420,-4.085595389618684,10.34425116794177,0.0
5430,-4.196060099048498,10.296749489224272,0.0
5440,-4.3055071703218974,10.246887121163336,0.0
5450,-4.413860189263781,10.194675413294565,0.0
5460,-4.521040936886028,10.140127584956932,0.0
5470,-7.517251215879565,3.0214635470065794,-0.0
5480,-7.551139185188529,2.934711889088696,-0.0
5490,-7.58377119942354,2.8474909696711115,-0.0
5500,-7.615139105072596,2.759824132661567,-0.0
5510,-7.6452353044108134,2.6717348997190964,-0.0
5520,-7.674052760079091,2.583246954154374,-0.0
5530,-7.701584999109657,2.4943841246944194,-0.0
5540,-7.727826116394145,2.4051703691334474,-0.0
5550,-7.752770777590813,2.3156297578918426,-0.0
5560,-7.776414221468499,2.2257864575053015,-0.0
5570,-7.7987522616858955,2.135664714066252,-0.0
5580,-7.819781288005657,2.045288836639651,-0.0
5590,-7.839498266943928,1.954683180675234,-0.0
5600,-7.857900741856783,1.863872131438183,-0.0
5610,-7.874986832466003,1.772880087480032,-0.0
5620,-7.890755233827679,1.6817314441714553,-0.0
5630,-7.9052052147479985,1.5904505773183522,-0.0
5640,-7.918336615651418,1.4990618268823326,-0.0
5650,-7.930149845907578,1.4075894808264307,-0.0
5660,-7.9406458806238245,1.3160577591064564,-0.0
5670,-7.949826256911509,1.224490797828046,-0.0
5680,-7.957693069634649,1.1329126335889639,-0.0
5690,-7.964248966650671,1.0413471880257748,-0.0
5700,-7.96949714355354,0.9498182525834474,-0.0
5710,-7.9734413379304,0.8583494735259194,-0.0
5720,-7.9760858231436265,0.7669643372050464,-0.0
5730,-7.977435401650726,0.6756861556047451,-0.0
5740,-7.977495397875343,0.5845380521764939,-0.0
5750,-7.97627165064313,0.49354294798167264,-0.0
5760,-7.973770505196836,0.40272354815552475,-0.0
5770,-7.969998804805586,0.3121023287068053,-0.0
5780,-7.964963881983653,0.2217015236664304,-0.0
5790,-7.958673549334699,0.13154311259768564,-0.0
5800,-7.9511360900377035,0.041648808479775694,-0.0
5810,-7.942360247991266,-0.04795995402429547,-0.0
5820,-7.932355217633292,-0.13726202990532357,-0.0
5830,-7.921130633453322,-0.2262365747416008,-0.0
5840,-7.908696559215086,-0.31486305522014524,-0.0
5850,-7.8950634769070644,-0.4031212592377195,-0.0
5860,-7.880242275438923,-0.49099130557471415,-0.0
5870,-7.864244239101943,-0.5784536531357962,-0.0
5880,-7.847081035811574,-0.6654891097520397,-0.0
5890,-7.82876470515033,-0.7520788405400751,-0.0
5900,-7.809307646229245,-0.8382043758145981,-0.0
5910,-7.788722605386029,-0.9238476185513766,-0.0
5920,-7.767022663738168,-1.0089908513987043,-0.0
5930,-7.744221224608833,-1.093616743235988,-0.0
5940,-7.720332000843637,-1.1777083552789696,-0.0
5950,-7.695369002035874,-1.2612491467317923,-0.0
5960,-7.669346521677796,-1.344222979986875,-0.0
5970,-7.642279124255196,-1.4266141253742626,-0.0
5980,-7.614181632302351,-1.5084072654628282,-0.0
5990,-7.585069113434011,-1.589587498916351,-0.0
6000,-7.554956867370876,-1.6701403439081743,-0.0
6010,-7.523860412974646,-1.7500517410987617,-0.0
6020,-7.4917954753083,-1.8293080561810675,-0.0
6030,-7.458777972736927,-1.90789608199923,-0.0
6040,-7.4248240040840345,-1.9858030402466478,-0.0
6050,-7.389949835857735,-2.0630165827500124,-0.0
6060,-7.354171889560888,-2.139524792346394,-0.0
6070,-7.317506729098706,-2.2153161833609296,-0.0
6080,-7.2799710482968925,-2.290379701693121,-0.0
6090,-7.241581658542915,-2.364704724520159,-0.0
6100,-7.202355476562439,-2.4382810596260875,-0.0
6110,-7.162309512342538,-2.5110989443659824,-0.0
6120,-7.121460857212631,-2.5831490442746294,-0.0
6130,-7.079826672093759,-2.654422451329545,-0.0
6140,-7.0374241759260565,-2.724910681878386,-0.0
6150,-6.994270634283937,-2.794605674241106,-0.0
6160,-6.950383348187851,-2.863499785997417,-0.0
6170,-6.905779643120985,-2.9315857909702925,-0.0
6180,-6.860476858258665,-2.998856875916432,-0.0
6190,-6.814492335917815,-3.065306636934762,-0.0
6200,-6.767843411233137,-3.1309290756041315,-0.0
6210,-6.720547402066257,-3.1957185948614804,-0.0
6220,-6.672621599153497,-3.2596699946318153,-0.0
6230,-6.624083256497429,-3.32277846722135,-0.0
6240,-6.5749495820068775,-3.385039592485258,-0.0
6250,-6.5252377283894605,-3.446449332781368,-0.0
6260,-6.4749647843003615,-3.5070040277212273,-0.0
6270,-6.424147765750443,-3.566700388729845,-0.0
6280,-6.3728036077764125,-3.625535493425379,-0.0
6290,-6.320949156375244,-3.683506779829962,-0.0
6300,-6.268601160704576,-3.740612040422735,-0.0
6310,-6.215776265550485,-3.796849416046094,-0.0
6320,-6.162491004063429,-3.8522173896759355,-0.0
6330,-6.108761790762931,-3.906714780066649,-0.0
6340,-6.054604914811004,-3.9603407352813287,-0.0
6350,-6.0000365335540495,-4.01309472611761,-0.0
6360,-5.945072666332525,-4.064976539439254,-0.0
6370,-5.889729188557368,-4.11598627142347,-0.0
6380,-5.834021826051758,-4.166124320733735,-0.0
6390,-5.777966149656548,-4.215391381627647,-0.0
6400,-5.721577570097306,-4.263788437009104,-0.0
6410,-5.664871333110686,-4.311316751433932,-0.0
6420,-5.607862514827491,-4.357977864077731,-0.0
6430,-5.550566017409601,-4.40377358167459,-0.0
6440,-5.492996564937635,-4.448705971434956,-0.0
6450,-5.43516869954598,-4.4927773539507445,-0.0
6460,-5.3770967778016265,-4.535990296095494,-0.0
6470,-5.318794967323031,-4.578347603927111,-0.0
6480,-5.260277243635055,-4.6198523156004905,-0.0
6490,-5.2015573872557725,-4.660507694296988,-0.0
6500,-5.1426489810108915,-4.700317221177483,-0.0
6510,-5.083565407571307,-4.7392845883655195,-0.0
6520,-5.02431984720916,-4.777413691966661,-0.0
6530,-4.964925275767748,-4.814708625130026,-0.0
6540,-4.905394462840361,-4.851173671157599,-0.0
6550,-4.845739970153212,-4.886813296666741,-0.0
6560,-4.78597415014736,-4.921632144810958,-0.0
6570,-4.726109144754605,-4.955635028563812,-0.0
6580,-4.666156884362151,-4.988826924070536,-0.0
6590,-4.606129086960869,-5.021212964071673,-0.0
6600,-4.546037257471914,-5.052798431402835,-0.0
6610,-4.4858926872463805,-5.0835887525743635,-0.0
6620,-4.425706453732766,-5.113589491434499,-0.0
6630,-4.36548942030689,-5.142806342919381,-0.0
6640,-4.305252236258963,-5.171245126892963,-0.0
6650,-4.245005336932525,-5.198911782079718,-0.0
6660,-4.18475894400994,-5.225812360092782,-0.0
6670,-4.124523065939192,-5.251953019559936,-0.0
6680,-4.064307498496752,-5.277340020349649,-0.0
6690,-4.004121825481279,-5.301979717899149,-0.0
6700,-3.943975419533052,-5.32587855764637,-0.0
6710,-3.8838774430739558,-5.349043069567296,-0.0
6720,-3.823836849363022,-5.371479862820172,-0.0
6730,-3.7638623836624903,-5.393195620497766,-0.0
6740,-3.7039625845094744,-5.4141970944887445,-0.0
6750,-3.6441457850883734,-5.434491100449025,-0.0
6760,-3.584420114699206,-5.45408451288379,-0.0
6770,-3.5247935003172137,-5.472984260340764,-0.0
6780,-3.465273668239048,-5.491197320715088,-0.0
6790,-3.4058681458110063,-5.5087307166660535,-0.0
6800,-3.3465842632348926,-5.525591511145838,-0.0
6810,-3.2874291554470862,-5.541786803040171,-0.0
6820,-3.2284097640665634,-5.557323722920784,-0.0
6830,-3.1695328394076827,-5.572209428909367,-0.0
6840,-3.1108049425536652,-5.586451102652662,-0.0
6850,-3.0522324474867406,-5.600055945408129,-0.0
6860,-2.993821543271111,-5.613031174239651,-0.0
6870,-2.9355782362849157,-5.625384018322483,-0.0
6880,-2.8775083524975056,-5.63712171535672,-0.0
6890,-2.81961753978846,-5.648251508088344,-0.0
6900,-2.7619112703048323,-5.658780640936882,-0.0
6910,-2.7043948428532585,-5.668716356728654,-0.0
6920,-2.647073385323635,-5.67806589353444,-0.0
6930,-2.5899518571411866,-5.6868364816104116,-0.0
6940,-2.5330350517438456,-5.695035340441053,-0.0
6950,-2.476327599081966,-5.70266967588277,-0.0
6960,-2.4198339681374863,-5.709746677406816,-0.0
6970,-2.3635584694597607,-5.7162735154401005,-0.0
6980,-2.307505257715398,-5.722257338802458,-0.0
6990,-2.2516783342494917,-5.727705272238838,-0.0
7000,-2.196081549655786,-5.732624414044885,-0.0
7010,-2.1407186063533716,-5.737021833784351,-0.0
7020,-2.0855930611676143,-5.740904570096735,-0.0
7030,-2.0307083279131124,-5.744279628593466,-0.0
7040,-1.9760676799765804,-5.747153979841084,-0.0
7050,-1.9216742528976194,-5.749534557429644,-0.0
7060,-1.8675310469454456,-5.751428256124705,-0.0
7070,-1.8136409296897342,-5.752841930101197,-0.0
7080,-1.7600066385638053,-5.753782391257456,-0.0
7090,-1.7066307834184657,-5.754256407607677,-0.0
7100,-1.6535158490649284,-5.754270701751105,-0.0
7110,-1.6006641978052587,-5.753831949416204,-0.0
7120,-1.5480780719489264,-5.752946778078066,-0.0
7130,-1.495759596314083,-5.75162176564736,-0.0
7140,-1.4437107807122773,-5.7498634392290935,-0.0
7150,-1.3919335224153746,-5.747678273949424,-0.0
7160,-1.340429608603545,-5.745072691848859,-0.0
7170,-1.2892007187932142,-5.742053060840124,-0.0
7180,-1.2382484272439758,-5.738625693729,-0.0
7190,-1.1875742053434957,-5.734796847296441,-0.0
7200,-1.1371794239695292,-5.7305727214403435,-0.0
7210,-1.0870653558282029,-5.725959458375269,-0.0
7220,-1.0372331777678025,-5.7209631418885225,-0.0
7230,-0.9876839730673344,-5.715589796650942,-0.0
7240,-0.9384187336992094,-5.709845387580824,-0.0
7250,-0.8894383625654293,-5.703735819259379,-0.0
7260,-0.8407436757067231,-5.69726693539619,-0.0
7270,-0.7923354044841183,-5.690444518343105,-0.0
7280,-0.744214197732485,-5.683274288655062,-0.0
7290,-0.6963806238856394,-5.675761904696373,-0.0
7300,-0.6488351730726253,-5.667912962290947,-0.0
7310,-0.6015782591848516,-5.659732994415055,-0.0
7320,-0.5546102219137887,-5.6512274709312065,-0.0
7330,-0.5079313287589734,-5.6424017983617025,-0.0
7340,-0.4615417770061127,-5.633261319700566,-0.0
7350,-0.4154416956750983,-5.623811314262401,-0.0
7360,-0.36963114743780034,-5.614056997566991,-0.0
7370,-0.3241101305055173,-5.604003521258205,-0.0
7380,-0.2788785804860112,-5.593655973056073,-0.0
7390,-0.2339363722100701,-5.5830193767406575,-0.0
7400,-0.18928332152758395,-5.57209869216664,-0.0
7410,-0.14491918707313345,-5.560898815307318,-0.0
7420,-0.10084367200112714,-5.54942457832693,-0.0
7430,-0.057056425690540945,-5.537680749680119,-0.0
7440,-0.013557045419340998,-5.5256720342374726,-0.0
7450,0.029654921991310083,-5.5134030734360016,-0.0
7460,0.07257997856293945,-5.500878445453548,-0.0
7470,0.11521867357560123,-5.488102665406075,-0.0
7480,0.15757160201350295,-5.475080185566796,-0.0
7490,0.19963940304024297,-5.461815395606242,-0.0
7500,0.24142275850346265,-5.448312622852227,-0.0
7510,0.2829223914687022,-5.434576132568842,-0.0
7520,0.3241390647822354,-5.42061012825354,-0.0
7530,0.36507357966264303,-5.406418751951451,-0.0
7540,0.4057267743208701,-5.392006084586043,-0.0
7550,0.44609952260850877,-5.377376146305346,-0.0
7560,0.48619273269402313,-5.362532896842869,-0.0
7570,0.5260073457666379,-5.347480235892476,-0.0
7580,0.5655443347675901,-5.332222003496426,-0.0
7590,0.604804703148442,-5.316761980445869,-0.0
7600,0.6437894836561429,-5.301103888693035,-0.0
7610,0.6824997371445177,-5.285251391774469,-0.0
7620,0.7209365514118604,-5.269208095244595,-0.0
7630,0.7591010400642944,-5.252977547119003,-0.0
7640,0.7969943414045674,-5.2365632383267835,-0.0
7650,0.8346176173459315,-5.219968603171317,-0.0
7660,0.8719720523507648,-5.203197019798919,-0.0
7670,0.9090588523935875,-5.186251810674801,-0.0
7680,0.9458792439481067,-5.169136243065733,-0.0
7690,0.9824344729979426,-5.15185352952893,-0.0
7700,1.018725804070676,-5.134406828406632,-0.0
7710,1.0547545192948433,-5.116799244325834,-0.0
7720,1.090521917479537,-5.099033828702773,-0.0
7730,1.1260293132162236,-5.0811135802516185,-0.0
7740,1.1612780360024333,-5.063041445496997,-0.0
7750,1.196269429386948,-5.0448203192898635,-0.0
7760,1.2310048501361157,-5.026453045326319,-0.0
7770,1.2654856674209436,-5.007942416669022,-0.0
7780,1.2997132620245846,-4.98929117627073,-0.0
7790,1.3336890255698712,-4.970502017499677,-0.0
7800,1.3674143597665216,-4.951577584666388,-0.0
7810,1.4008906756776662,-4.932520473551604,-0.0
7820,1.4341193930053313,-4.91333323193502,-0.0
7830,1.4671019393945144,-4.894018360124438,-0.0
7840,1.4998397497555165,-4.87457831148516,-0.0
7850,1.5323342656041592,-4.855015492969238,-0.0
7860,1.5645869344195362,-4.835332265644316,-0.0
7870,1.5965992090189665,-4.8155309452218535,-0.0
7880,1.6283725469497963,-4.795613802584451,-0.0
7890,1.6599084098976953,-4.775583064311997,-0.0
7900,1.6912082631111325,-4.755440913206484,-0.0
7910,1.7222735748416733,-4.735189488815219,-0.0
7920,1.7531058157997814,-4.714830887952235,-0.0
7930,1.7837064586257878,-4.694367165217726,-0.0
7940,1.814076977375704,-4.673800333515279,-0.0
7950,1.84421884702156,-4.6531323645667655,-0.0
7960,1.8741335429659483,-4.632365189424689,-0.0
7970,1.9038225405704552,-4.611500698981857,-0.0
7980,1.9332873146976757,-4.590540744478182,-0.0
7990,1.9625293392665106,-4.569487138004545,-0.0
8000,1.9915500868204206,-4.548341653003481,-0.0
8010,2.0203510281083763,-4.527106024766665,-0.0
8020,2.0489336316781728,-4.505781950928987,-0.0
8030,2.077299363481842,-4.484371091959164,-0.0
8040,2.105449686492877,-4.462875071646765,-0.0
8050,2.1333860603349737,-4.44129547758554,-0.0
8060,2.1611099409220227,-4.419633861652954,-0.0
8070,2.188622780109075,-4.397891740485873,-0.0
8080,2.215926025354021,-4.37607059595229,-0.0
8090,2.2430211193896987,-4.3541718756190235,-0.0
8100,2.2699094999061953,-4.332196993215329,-0.0
8110,2.296592599243068,-4.310147329092349,-0.0
8120,2.3230718440912455,-4.288024230678352,-0.0
8130,2.349348655204341,-4.265829012929692,-0.0
8140,2.3754244471191672,-4.243562958777466,-0.0
8150,2.401300627885182,-4.221227319569797,-0.0
8160,2.426978598802649,-4.198823315509734,-0.0
8170,2.45245975416927,-4.176352136088693,-0.0
8180,2.477745481035074,-4.153814940515454,-0.0
8190,2.5028371589653373,-4.131212858140667,-0.0
8200,2.5277361598113015,-4.108546988876825,-0.0
8210,2.5524438474884947,-4.085818403613718,-0.0
8220,2.5769615777624395,-4.06302814462934,-0.0
8230,2.6012906980415296,-4.04017722599623,-0.0
8240,2.6254325471768873,-4.017266633983239,-0.0
8250,2.6493884552689977,-3.9942973274527476,-0.0
8260,2.6731597434809022,-3.971270238253251,-0.0
8270,2.696747723857824,-3.9481862716074514,-0.0
8280,2.7201536991529482,-3.925046306495694,-0.0
8290,2.7433789626592406,-3.901851196034882,-0.0
8300,2.766424798047109,-3.8786017678528277,-0.0
8310,2.7892924792077007,-3.8552988244580386,-0.0
8320,2.811983270101714,-3.8319431436049864,-0.0
8330,2.8344984246135,-3.8085354786548447,-0.0
8340,2.8568391864103337,-3.78507655893173,-0.0
8350,2.8790067888066533,-3.7615670900744482,-0.0
8360,2.9010024546331468,-3.7380077543838053,-0.0
8370,2.922827396110494,-3.714399211165452,-0.0
8380,2.9444828147276243,-3.6907420970683207,-0.0
8390,2.965969901124354,-3.667037026418693,-0.0
8400,2.987289834978238,-3.643284591549894,-0.0
8410,3.008443784895488,-3.6194853631276493,-0.0
8420,3.0294329083058447,-3.595639890471172,-0.0
8430,3.050258351361235,-3.571748701869957,-0.0
8440,3.070921248838097,-3.54781230489636,-0.0
8450,3.0914227240432264,-3.5238311867139642,-0.0
8460,3.111763888723054,-3.499805814381825,-0.0
8470,3.1319458429761555,-3.4757366351545347,-0.0
8480,3.1519696751689485,-3.4516240767782516,-0.0
8490,3.171836461854411,-3.4274685477826625,-0.0
8500,3.1915472676937022,-3.4032704377689456,-0.0
8510,3.2111031453805934,-3.3790301176937634,-0.0
8520,3.2305051355685723,-3.354747940149343,-0.0
8530,3.2497542668005357,-3.330424239639675,-0.0
8540,3.2688515554409245,-3.3060593328528713,-0.0
8550,3.287798005610242,-3.2816535189297436,-0.0
8560,3.306594609121811,-3.257207079728624,-0.0
8570,3.325242345420686,-3.2327202800864856,-0.0
8580,3.3437421815246293,-3.2081933680764183,-0.0
8590,3.3620950719670395,-3.1836265752614876,-0.0
8600,3.3803019587417453,-3.1590201169450363,-0.0
8610,3.3983637712495716,-3.1343741924174715,-0.0
8620,3.4162814262465737,-3.1096889851995746,-0.0
8630,3.43405582779389,-3.0849646632824244,-0.0
8640,3.451687867209075,-3.0602013793639142,-0.0
8650,3.469178423018863,-3.0353992710819773,-0.0
8660,3.486528360913278,-3.0105584612445306,-0.0
8670,3.5037385337009797,-2.9856790580561916,-0.0
8680,3.5208097812658203,-2.960761155341849,-0.0
8690,3.5377429305244728,-2.935804832767084,-0.0
8700,3.5545387953850978,-2.9108101560555375,-0.0
8710,3.571198176706972,-2.8857771772032685,-0.0
8720,3.5877218622609783,-2.860705934690118,-0.0
8730,3.6041106266909195,-2.835596453688178,-0.0
8740,3.6203652314755694,-2.8104487462673924,-0.0
8750,3.6364864248913946,-2.7852628115983324,-0.0
8760,3.652474941975892,-2.760038636152227,-0.0
8770,3.6683315044914613,-2.7347761938982673,-0.0
8780,3.6840568208897615,-2.709475446498259,-0.0
8790,3.6996515862764907,-2.6841363434986736,-0.0
8800,3.715116482376525,-2.658758822520139,-0.0
8810,3.7304521774993518,-2.633342809444428,-0.0
8820,3.7456593265047444,-2.6078882185989927,-0.0
8830,3.760738570768644,-2.582394952939121,-0.0
8840,3.775690538149154,-2.556862904227724,-0.0
8850,3.790515842952622,-2.5312919532128473,-0.0
8860,3.805215085899741,-2.5056819698029327,-0.0
8870,3.8197888540916454,-2.4800328132399057,-0.0
8880,3.8342377209758984,-2.454344332270107,-0.0
8890,3.8485622463124125,-2.4286163653131787,-0.0
8900,3.8627629761391247,-2.4028487406288765,-0.0
8910,3.8768404427375294,-2.3770412764819517,-0.0
8920,3.8907951645978858,-2.351193781305073,-0.0
8930,3.904627646384166,-2.3253060538599075,-0.0
8940,3.918338378898621,-2.299377883396373,-0.0
8950,3.931927839045965,-2.2734090498101254,-0.0
8960,0.2456289301691137,-8.383082170499726,0.0
8970,0.30481141139113266,-8.384034051553604,0.0
8980,0.3636752184316996,-8.383971496989284,0.0
8990,0.422209356811837,-8.382905255913984,0.0
9000,0.4804024499204753,-8.380845662328348,0.0
9010,0.5382427224273205,-8.377802677512296,0.0
9020,4.026367154060726,-2.0836722392127753,-0.0
9030,4.0396158073727015,-2.0553653969385652,-0.0
9040,4.052669451446576,-2.0269855828801346,-0.0
9050,4.065527848766992,-1.9985340753439098,-0.0
9060,4.0781907691247214,-1.9700121507107615,-0.0
9070,4.090657989559558,-1.9414210834129848,-0.0
9080,4.102929294303472,-1.912762145912127,-0.0
9090,4.115004474724122,-1.8840366086776916,-0.0
9100,4.126883329268623,-1.8552457401666558,-0.0
9110,4.138565663407694,-1.82639080680385,-0.0
9120,4.1500512895801025,-1.7974730729631418,-0.0
9130,4.161340027137467,-1.7684938009494446,-0.0
9140,4.172431702289409,-1.739454250981529,-0.0
9150,4.183326148049059,-1.7103556811756293,-0.0
9160,4.194023204178934,-1.6811993475298386,-0.0
9170,4.204522717137192,-1.6519865039092803,-0.0
9180,4.214824540024268,-1.6227184020320466,-0.0
9190,4.224928532529896,-1.593396291455895,-0.0
9200,4.234834560880536,-1.56402141956569,-0.0
9210,4.244542497787205,-1.5345950315615895,-0.0
9220,4.254052222393727,-1.5051183704479565,-0.0
9230,4.263363620225393,-1.4755926770229895,-0.0
9240,4.272476583138052,-1.4460191898690615,-0.0
9250,4.281391009267642,-1.4163991453437612,-0.0
9260,4.290106802980154,-1.3867337775716209,-0.0
9270,4.2986238748220575,-1.357024318436533,-0.0
9280,4.30694214147115,-1.3272719975748182,-0.0
9290,4.315061525687905,-1.2974780423689778,-0.0
9300,4.322981956267264,-1.26764367794208,-0.0
9310,4.330703367990885,-1.2377701271527877,-0.0
9320,4.338225701579919,-1.2078586105910298,-0.0
9330,4.345548903648219,-1.1779103465742806,-0.0
9340,4.352672926656057,-1.1479265511444532,-0.0
9350,4.359597728864344,-1.1179084380654014,-0.0
9360,4.366323274289341,-1.0878572188210034,-0.0
9370,4.372849532657879,-1.0577741026138359,-0.0
9380,4.379176479363077,-1.0276602963644128,-0.0
9390,4.385304095420597,-0.997517004710991,-0.0
9400,4.39123236742539,-0.9673454300099255,-0.0
9410,4.396961287508998,-0.9371467723365684,-0.0
9420,4.402490853297357,-0.9069222294866998,-0.0
9430,4.407821067869147,-0.8766729969784802,-0.0
9440,4.412951939714677,-0.8464002680549179,-0.0
9450,4.41788348269531,-0.816105233686838,-0.0
9460,4.422615716003438,-0.7857890825763456,-0.0
9470,4.427148664122992,-0.7554530011607697,-0.0
9480,4.431482356790525,-0.7250981736170841,-0.0
9490,4.435616828956832,-0.6947257818667891,-0.0
9500,4.439552120749151,-0.6643370055812519,-0.0
9510,4.443288277433902,-0.6339330221874835,-0.0
9520,4.446825349380007,-0.6035150068743567,-0.0
9530,4.450163392022799,-0.5730841325992492,-0.0
9540,4.453302465828447,-0.5426415700950942,-0.0
9550,4.456242636259029,-0.5121884878778467,-0.0
9560,4.458983973738127,-0.4817260522543377,-0.0
9570,4.461526553617026,-0.4512554273305167,-0.0
9580,4.463870456141502,-0.420777775020073,-0.0
9590,4.4660157664191775,-0.3902942550534201,-0.0
9600,4.467962574387493,-0.3598060249870401,-0.0
9610,4.469710974782235,-0.3293142402131738,-0.0
9620,4.471261067106687,-0.29882005396984956,-0.0
9630,4.472612955601362,-0.26832461735124125,-0.0
9640,4.47376674921434,-0.23782907931834427,-0.0
9650,4.474722561572183,-0.20733458670996074,-0.0
9660,4.475480510951489,-0.17684228425398593,-0.0
9670,4.4760407202510075,-0.14635331457898396,-0.0
9680,4.476403316964388,-0.11586881822604504,-0.0
9690,4.476568433153521,-0.08538993366091444,-0.0
9700,4.476536205422489,-0.05491779728638355,-0.0
9710,4.476306774892131,-0.02445354345493401,-0.0
9720,4.47588028717521,0.006001695518375092,-0.0
9730,4.475256892352176,0.036446789342785293,-0.0
9740,4.474436744947584,0.06688060973849211,-0.0
9750,4.473420003907082,0.09730203042308277,-0.0
9760,4.472206832575024,0.12770992709776763,-0.0
9770,4.470797398672716,0.1581031774334142,-0.0
9780,4.469191874277248,0.18848066105639352,-0.0
9790,4.46739043580096,0.21884125953424727,-0.0
9800,4.465393263971522,0.24918385636118592,-0.0
9810,4.463200543812617,0.27950733694342544,-0.0
9820,4.460812464625268,0.3098105885843737,-0.0
9830,4.4582292199697475,0.3400925004696737,-0.0
9840,4.455451007648124,0.37035196365211337,-0.0
9850,4.452478029687436,0.4005878710364124,-0.0
9860,4.449310492323446,0.43079911736389176,-0.0
9870,4.4459486059850555,0.4609845991970388,-0.0
9880,4.442392585279299,0.4911432149039736,-0.0
9890,4.438642648976986,0.5212738646428285,-0.0
9900,4.43469901999894,0.5513754503460468,-0.0
9910,4.430561925402834,0.5814468757046091,-0.0
9920,4.426231596370712,0.6114870461522037,-0.0
9930,4.4217082681970306,0.6414948688493363,-0.0
9940,4.416992180277381,0.6714692526674009,-0.0
9950,4.412083576097811,0.7014091081727146,-0.0
9960,4.406982703224738,0.7313133476105231,-0.0
9970,4.401689813295505,0.7611808848889914,-0.0
9980,4.396205162009508,0.7910106355631814,-0.0
9990,4.39052900911998,0.8208015168190341,-0.0
10000,4.384661618426344,0.8505524474573556,-0.0
10010,4.378603257767185,0.8802623478778193,-0.0
10020,4.372354199013842,0.9099301400629983,-0.0
10030,4.36591471806459,0.9395547475624269,-0.0
10040,4.35928509483942,0.9691350954767044,-0.0
10050,4.352465613275449,0.9986701104416558,-0.0
10060,4.345456561322887,1.0281587206125418,-0.0
10070,4.33825823094164,1.057599855648345,-0.0
10080,4.330870918098505,1.0869924466961327,-0.0
10090,4.323294922764929,1.116335426375495,-0.0
10100,4.3155305489154,1.1456277287630867,-0.0
10110,4.307578104526414,1.1748682893772668,-0.0
10120,4.299437901576022,1.2040560451628446,-0.0
10130,4.291110256043982,1.233189934475949,-0.0
10140,4.2825954879124755,1.2622688970690195,-0.0
10150,4.273893921167435,1.2912918740759378,-0.0
10160,4.26500588380043,1.3202578079972986,-0.0
10170,4.255931707811131,1.3491656426858294,-0.0
10180,4.246671729210372,1.3780143233319757,-0.0
10190,4.237226288023754,1.406802796449648,-0.0
10200,4.227595728295859,1.4355300098621502,-0.0
10210,4.217780398094981,1.4641949126882852,-0.0
10220,4.207780649518491,1.492796455328662,-0.0
10230,4.197596838698692,1.5213335894521902,-0.0
10240,4.187229325809297,1.5498052679828012,-0.0
10250,4.176678475072411,1.5782104450863579,-0.0
10260,4.165944654766118,1.6065480761578224,-0.0
10270,4.15502823723258,1.6348171178086266,-0.0
10280,4.1439295988867,1.6630165278543019,-0.0
10290,4.132649120225346,1.6911452653023513,-0.0
10300,4.121187185837073,1.7192022903403714,-0.0
10310,4.109544184412438,1.7471865643244504,-0.0
10320,4.097720508754806,1.7750970497678276,-0.0
10330,4.085716555791715,1.8029327103298414,-0.0
10340,4.073532726586758,1.8306925108051575,-0.0
10350,4.061169426351993,1.8583754171133007,-0.0
10360,4.048627064460864,1.8859803962884762,-0.0
10370,4.035906054461663,1.9135064164697237,-0.0
10380,4.02300681409148,1.9409524468913695,-0.0
10390,4.009929765290679,1.968317457873817,-0.0
10400,3.9966753342178727,1.9956004208146683,-0.0
10410,3.9832439512653988,2.022800308180188,-0.0
10420,3.9696360510752973,2.049916093497116,-0.0
10430,3.9558520725557798,2.076946751344839,-0.0
10440,3.9418924588981925,2.1038912573479305,-0.0
10450,3.927757657594449,2.130748588169051,-0.0
10460,3.9134481204549583,2.1575177215022427,-0.0
10470,3.8989643036270314,2.1841976360666067,-0.0
10480,3.8843066676137425,2.210787311600372,-0.0
10490,3.869475677293274,2.237285728855372,-0.0
10500,3.854471801938707,2.2636918695919253,-0.0
10510,3.8392955152382893,2.2900047165741433,-0.0
10520,3.8239472953161426,2.3162232535656577,-0.0
10530,3.808427624753411,2.342346465325775,-0.0
10540,3.7927369906098707,2.36837333760608,-0.0
10550,3.7768758844459653,2.394302857147486,-0.0
10560,3.760844802345271,2.420134011677732,-0.0
10570,3.7446442449373922,2.4458657899093437,-0.0
10580,3.7282747174212876,2.4714971815380764,-0.0
10590,3.7117367295889903,2.4970271772418107,-0.0
10600,3.695030795849765,2.522454768679956,-0.0
10610,3.6781574352546524,2.5477789484933284,-0.0
10620,3.6611171715214224,2.5729987103045344,-0.0
10630,3.6439105330599064,2.598113048718853,-0.0
10640,3.626538052997737,2.6231209593256355,-0.0
10650,3.6090002692064593,2.6480214387002268,-0.0
10660,3.591297724328015,2.672813484406402,-0.0
10670,3.573430965801605,2.6974960949993494,-0.0
10680,3.5554005458909077,2.7220682700291814,-0.0
10690,3.5372070217116627,2.7465290100450064,-0.0
10700,3.5188509552595884,2.7708773165995333,-0.0
10710,3.500332913438679,2.795112192254268,-0.0
10720,3.4816534680897937,2.819232640585244,-0.0
10730,3.462813196019608,2.843237666189346,-0.0
10740,3.4438126790298904,2.867126274691222,-0.0
10750,3.4246525039470788,2.8908974727507597,-0.0
10760,3.4053332626521837,2.91455026807118,-0.0
10770,3.38585555211098,2.9380836694077135,-0.0
10780,3.3662199744045194,2.961496686576907,-0.0
10790,3.346427136759904,2.984788330466514,-0.0
10800,3.326477651581364,3.007957613046038,-0.0
10810,3.3063721364816026,3.031003547377881,-0.0
10820,3.286111214313402,3.0539251476291316,-0.0
10830,3.2656955132015044,3.0767214290839977,-0.0
10840,3.2451256665747295,3.099391408156879,-0.0
10850,3.2244023131983526,3.1219341024061045,-0.0
10860,3.203526097206699,3.144348530548304,-0.0
10870,3.182497668135991,3.1666337124734767,-0.0
10880,3.1613176809573935,3.1887886692607044,-0.0
10890,3.1399867961102887,3.2108124231945574,-0.0
10900,3.1185056795357466,3.232703997782176,-0.0
10910,3.096875002710193,3.2544624177710455,-0.0
10920,3.0750954426792667,3.2760867091674704,-0.0
10930,3.0531676820918516,3.2975758992557314,-0.0
10940,3.031092409234286,3.3189290166179757,-0.0
10950,3.0088703180647323,3.3401450911548007,-0.0
10960,2.986502108247687,3.3612231541065607,-0.0
10970,2.9639884851886475,3.382162238075396,-0.0
10980,2.9413301600689215,3.402961377048006,-0.0
10990,2.918527849880532,3.423619606419127,-0.0
11000,2.8955822774612687,3.4441359630157837,-0.0
11010,2.8724941715298384,3.4645094851222673,-0.0
11020,2.8492642667210926,3.484739212505856,-0.0
11030,2.825893303621378,3.5048241864433263,-0.0
11040,2.802382028803933,3.5247634497481823,-0.0
11050,2.778731194864375,3.544556046798688,-0.0
11060,2.7549415604562246,3.564201023566639,-0.0
11070,2.731013890326505,3.5836974276469413,-0.0
11080,2.706948955351358,3.603044308287953,-0.0
11090,2.682747532571686,3.622240716422601,-0.0
11100,2.6584104052288358,3.6412857047003206,-0.0
11110,2.6339383628002633,3.6601783275197604,-0.0
11120,2.609332201035213,3.678917641062306,-0.0
11130,2.584592721990366,3.6975027033263848,-0.0
11140,2.559720734065477,3.715932574162602,-0.0
11150,2.5347170520389803,3.7342063153096867,-0.0
11160,2.5095824971035214,3.752322990431228,-0.0
11170,2.4843178969014663,3.770281665153272,-0.0
11180,2.4589240855603167,3.7880814071027045,-0.0
11190,2.433401903728052,3.805721285946493,-0.0
11200,2.4077521986083807,3.8232003734317317,-0.0
11210,2.3819758239958873,3.8405177434265463,-0.0
11220,2.3560736403110645,3.8576724719618265,-0.0
11230,2.330046514635221,3.874663637273803,-0.0
11240,2.303895320745238,3.891490319847459,-0.0
11250,2.2776209391481936,3.9081516024608063,-0.0
11260,2.25122425711581,3.9246465702300095,-0.0
11270,2.224706168718734,3.940974310655357,-0.0
11280,2.1980675748606213,3.9571339136680925,-0.0
11290,2.171309383312031,3.9731244716781067,-0.0
11300,2.1444325087440994,3.988945079622498,-0.0
11310,2.117437872761992,4.004594835014977,-0.0
11320,2.090326403938121,4.020072837996175,-0.0
11330,2.0630990378451033,4.0353781913847735,-0.0
11340,2.035756717088468,4.050510000729553,-0.0
11350,2.00830039133907,4.0654673743622745,-0.0
11360,1.980731017365228,4.080249423451458,-0.0
11370,1.9530495590645582,4.094855262057043,-0.0
11380,1.9252569874954797,4.1092840071858925,-0.0
11390,1.8973542809084072,4.123534778848228,-0.0
11400,1.8693424247765795,4.137606700114886,-0.0
11410,1.841222411826552,4.1514988971755,-0.0
11420,1.8129952420683026,4.165210499397549,-0.0
11430,1.7846619228249638,4.178740639386286,-0.0
11440,1.7562234687621399,4.192088453045535,-0.0
11450,1.7276809019168349,4.205253079639419,-0.0
11460,1.6990352517259288,4.218233661854909,-0.0
11470,1.6702875550542289,4.231029345865296,-0.0
11480,1.6414388562220603,4.24363928139454,-0.0
11490,1.6124902070323872,4.256062621782498,-0.0
11500,1.5834426667974384,4.268298524051013,-0.0
11510,1.5542973023648579,4.280346148970931,-0.0
11520,1.5250551881433156,4.2922046611299525,-0.0
11530,1.4957174061276046,4.303873229001389,-0.0
11540,1.466285045923192,4.315351025013791,-0.0
11550,1.4367592047702027,4.326637225621437,-0.0
11560,1.4071409875668432,4.337731011375729,-0.0
11570,1.3774315068922265,4.348631566997431,-0.0
11580,1.347631883028593,4.359338081449784,-0.0
11590,1.3177432439829206,4.369849748012512,-0.0
11600,1.2877667255078897,4.380165764356654,-0.0
11610,1.2577034711222015,4.390285332620288,-0.0
11620,1.227554632130239,4.400207659485122,-0.0
11630,1.1973213676410295,4.409931956253888,-0.0
11640,1.16700484458653,4.419457438928673,-0.0
11650,1.1366062377391826,4.428783328290017,-0.0
11660,1.1061267297287563,4.437908849976917,-0.0
11670,1.075567511058433,4.446833234567632,-0.0
11680,1.044929780120144,4.455555717661359,-0.0
11690,1.0142147432091182,4.464075539960705,-0.0
11700,0.9834236145376537,4.4723919473550255,-0.0
11710,0.9525576162480692,4.480504191004553,-0.0
11720,0.9216179784248405,4.4884115274253755,-0.0
11730,0.8906059391058889,4.496113218575184,-0.0
11740,0.8595227442930218,4.503608531939877,-0.0
11750,0.8283696479614948,4.510896740620916,-0.0
11760,0.7971479120686903,4.51797712342352,-0.0
11770,0.7658588065618896,4.524848964945616,-0.0
11780,0.7345036093851229,4.531511555667573,-0.0
11790,0.7030836064850874,4.537964192042743,-0.0
11800,0.671600091816105,4.544206176588716,-0.0
11810,0.640054367344117,4.550236817979373,-0.0
11820,0.6084477430496888,4.556055431137675,-0.0
11830,0.5767815369300178,4.561661337329209,-0.0
11840,0.5450570749999153,4.567053864256443,-0.0
11850,0.5132756912917601,4.572232346153724,-0.0
11860,0.48143872785439945,4.577196123883,-0.0
11870,0.4495475347509825,4.581944545030233,-0.0
11880,0.4176034700557092,4.5864769640025145,-0.0
11890,0.3856078998494822,4.590792742125882,-0.0
11900,0.3535621982144403,4.594891247743798,-0.0
11910,0.32146774722736143,4.598771856316305,-0.0
11920,0.2893259369519164,4.602433950519835,-0.0
11930,0.25713816542975887,4.605876920347674,-0.0
11940,0.22490583867043437,4.609100163211044,-0.0
11950,0.19263037064009267,4.612103084040827,-0.0
11960,0.16031318324898874,4.6148850953898926,-0.0
11970,0.1279557063377534,4.617445617536017,-0.0
11980,0.0955593776624214,4.6197840785854165,-0.0
11990,0.06312564287819787,4.621899914576816,-0.0
12000,0.03065595552194988,4.623792569586116,-0.0
12010,-0.0018482230065942603,4.6254614958315905,-0.0
12020,-0.03438542346495269,4.626906153779602,-0.0
12030,-0.06695416878932035,4.628126012250887,-0.0
12040,-0.0995529741173375,4.62912054852729,-0.0
12050,-0.13218034681221175,4.629889248459021,-0.0
12060,-0.1648347864882089,4.630431606572404,-0.0
12070,-0.19751478503752695,4.630747126178029,-0.0
12080,-0.2302188266585699,4.630835319479428,-0.0
12090,-0.26294538788563454,4.630695707682112,-0.0
12100,-0.29569293762002585,4.630327821103068,-0.0
12110,-0.3284599371626155,4.629731199280626,-0.0
12120,-0.3612448402478571,4.6289053910847135,-0.0
12130,-0.39404609307927574,4.627849954827495,-0.0
12140,-0.4268621343664403,4.626564458374315,-0.0
12150,-0.45969139536343895,4.625048479255006,-0.0
12160,-0.49253229990886654,4.623301604775497,-0.0
12170,-0.5253832644673408,4.6213234321296985,-0.0
12180,-0.5582426981725609,4.619113568511684,-0.0
12190,-0.5911090028719158,4.616671631228094,-0.0
12200,-0.6239805731726682,4.613997247810816,-0.0
12210,-0.6568557964897127,4.611090056129843,-0.0
12220,-0.6897330530949317,4.607949704506352,-0.0
12230,-0.7226107161681539,4.604575851825926,-0.0
12240,-0.7554871518497345,4.60096816765197,-0.0
12250,-0.7883607192947644,4.5971263323392195,-0.0
12260,-0.8212297707289258,4.59305003714741,-0.0
12270,-0.8540926515059915,4.588738984354959,-0.0
12280,-0.8869477001670056,4.5841928873728115,-0.0
12290,-0.9197932485011289,4.579411470858254,-0.0
12300,-0.9526276216081753,4.574394470828786,-0.0
12310,-0.9854491379628523,4.569141634775997,-0.0
12320,-1.0182561094807003,4.5636527217793885,-0.0
12330,-1.051046841585764,4.5579275026202035,-0.0
12340,-1.0838196332799779,4.551965759895119,-0.0
12350,-1.116572777214307,4.545767288129905,-0.0
12360,-1.1493045597616174,4.53933189389292,-0.0
12370,-1.1820132610913245,4.532659395908511,-0.0
12380,-1.2146971552457853,4.525749625170184,-0.0
12390,-1.2473545102184802,4.518602425053636,-0.0
12400,-1.2799835880339727,4.511217651429544,-0.0
12410,-1.3125826448296536,4.5035951727761026,-0.0
12420,-1.3451499309392905,4.495734870291314,-0.0
12430,-1.3776836909783738,4.487636638004958,-0.0
12440,-1.4101821639312815,4.479300382890257,-0.0
12450,-1.442643583240252,4.4707260249751695,-0.0
12460,-1.475066176896186,4.461913497453329,-0.0
12470,-1.5074481675312754,4.452862746794558,-0.0
12480,-1.5397877725134677,4.443573732854965,-0.0
12490,-1.572083204042766,4.43404642898657,-0.0
12500,-1.6043326692493716,4.424280822146446,-0.0
12510,-1.636534370293678,4.414276913005337,-0.0
12520,-1.6686865044681112,4.4040347160557385,-0.0
12530,-1.700787264300826,4.393554259719405,-0.0
12540,-1.7328348376612557,4.382835586454229,-0.0
12550,-1.7648274078675281,4.371878752860527,-0.0
12560,-1.796763153795731,4.360683829786625,-0.0
12570,-1.8286402499910521,4.349250902433776,-0.0
12580,-1.86045686678077,4.337580070460333,-0.0
12590,-1.892211170389118,4.325671448085192,-0.0
12600,-1.9239013230540094,4.313525164190437,-0.0
12610,-1.955525483145627,4.301141362423182,-0.0
12620,-1.9870818052868642,4.288520201296537,-0.0
12630,-2.0185684404756508,4.275661854289757,-0.0
12640,-2.0499835362091097,4.2625665099474155,-0.0
12650,-2.0813252366095965,4.249234371977702,-0.0
12660,-2.112591682552574,4.235665659349701,-0.0
12670,-2.143781011796349,4.2218606063897015,-0.0
12680,-2.1748913591136545,4.207819462876472,-0.0
12690,-2.2059208564250623,4.193542494135434,-0.0
12700,-2.2368676329342536,4.179029981131798,-0.0
12710,-2.2677298152651097,4.164282220562528,-0.0
12720,-2.2985055276006294,4.149299524947161,-0.0
12730,-2.3291928918236646,4.134082222717421,-0.0
12740,-2.359790027659476,4.118630658305632,-0.0
12750,-2.3902950528200906,4.1029451922318545,-0.0
12760,-2.420706083150452,4.087026201189732,-0.0
12770,-2.4510212327763634,4.070874078131029,-0.0
12780,-2.481238614254211,4.054489232348798,-0.0
12790,-2.5113563387224516,4.03787208955917,-0.0
12800,-2.5413725160548615,4.021023091981716,-0.0
12810,-2.5712852550155336,4.003942698418364,-0.0
12820,-2.6010926634156113,3.9866313843308303,-0.0
12830,-2.630792848271745,3.9690896419165207,-0.0
12840,-2.660383915966257,3.951317980182894,-0.0
12850,-2.689863972409009,3.9333169250202324,-0.0
12860,-2.7192311232009527,3.9150870192728062,-0.0
12870,-2.7484834737993507,3.896628822808386,-0.0
12880,-2.777619129684637,3.8779429125860525,-0.0
12890,-2.806636196528948,3.8590298827223406,-0.0
12900,-2.8355327803662354,3.839890344555582,-0.0
12910,-2.86430698776402,3.820524926708512,-0.0
12920,-2.8929569259967036,3.8009342751490403,-0.0
12930,-2.921480703220479,3.7811190532491987,-0.0
12940,-2.949876428649759,3.7610799418421923,-0.0
12950,-2.9781422127351576,3.740817639277562,-0.0
12960,-3.0062761673429823,3.720332861474404,-0.0
12970,-3.034276405936204,3.6996263419726207,-0.0
12980,-3.0621410437568963,3.67869883198216,-0.0
12990,-3.0898681980101417,3.657551100430241,-0.0
13000,-3.1174559880493313,3.6361839340065005,-0.0
13010,-3.144902535562891,3.6145981372060554,-0.0
13020,-3.1722059647623735,3.5927945323704393,-0.0
13030,-3.1993644025719017,3.570773959726383,-0.0
13040,-3.2263759788189406,3.5485372774223998,-0.0
13050,-3.253238826426383,3.5260853615631875,-0.0
13060,-3.279951081605881,3.503419106241741,-0.0
13070,-3.3065108840524724,3.4805394235692444,-0.0
13080,-3.3329163771403745,3.4574472437026054,-0.0
13090,-3.359165708120013,3.434143514869705,-0.0
13100,-3.3852570283161953,3.410629203392262,-0.0
13110,-3.411188493327423,3.3869052937063215,-0.0
13120,-3.436958263226306,3.3629727883803207,-0.0
13130,-3.462564502761058,3.338832708130724,-0.0
13140,-3.488005381558026,3.3144860918351724,-0.0
13150,-3.5132790743252316,3.2899339965431547,-0.0
13160,-3.538383761056903,3.2651774974841485,-0.0
13170,-3.5633176272389355,3.240217688073214,-0.0
13180,-3.5880788640552734,3.2150556799140166,-0.0
13190,-3.6126656685951737,3.1896926027992536,-0.0
13200,-3.6370762440612934,3.1641296047084513,-0.0
13210,-3.6613087999786194,3.1383678518031344,-0.0
13220,-3.685361552404129,3.1124085284193037,-0.0
13230,-3.7092327241372134,3.086252837057237,-0.0
13240,-3.7329205449307983,3.0599019983685745,-0.0
13250,-3.756423251703111,3.0333572511406617,-0.0
13260,-3.7797390887500786,3.006619852278133,-0.0
13270,-3.802866307958312,2.979691076781732,-0.0
13280,-3.825803169018632,2.9525722177243123,-0.0
13290,-3.848547939640109,2.9252645862240425,-0.0
13300,-3.871098895764542,2.8977695114147446,-0.0
13310,-3.8934543217813995,2.8700883404134063,-0.0
13320,-3.9156125107431063,2.8422224382847943,-0.0
13330,-3.9375717645807145,2.8141731880032057,-0.0
13340,-3.959330394319824,2.785941990411272,-0.0
13350,-3.9808867202967915,2.7575302641758683,-0.0
13360,-4.002239072375165,2.728939445741085,-0.0
13370,-4.023385790162245,2.7001709892782197,-0.0
13380,-4.0443252232258144,2.6712263666328253,-0.0
13390,-4.06505573131093,2.6421070672687663,-0.0
13400,-4.085575684556754,2.6128145982092845,-0.0
13410,-4.105883463713372,2.5833504839750474,-0.0
13420,-4.125977460358587,2.553716266519205,-0.0
13430,-4.145856077114561,2.5239135051593875,-0.0
13440,-4.165517727864366,2.4939437765066876,-0.0
13450,-4.184960837968299,2.463808674391586,-0.0
13460,-4.20418384448,2.4335098097868304,-0.0
13470,-4.223185196362236,2.4030488107272454,-0.0
13480,-4.241963354702392,2.3724273222264727,-0.0
13490,-4.260516792927551,2.341647006190644,-0.0
13500,-4.2788439970191705,2.3107095413289707,-0.0
13510,-4.296943465727253,2.2796166230612473,-0.0
13520,-4.314813710784004,2.248369963422271,-0.0
13530,-4.3324532571169145,2.2169712909631714,-0.0
13540,-4.349860643061215,2.185422350649646,-0.0
13550,-4.367034420571648,2.153724903757107,-0.0
13560,-4.3839731554335275,2.12188072776273,-0.0
13570,-4.400675427473012,2.0898916162344183,-0.0
13580,-4.417139830766566,2.057759378716672,-0.0
13590,-4.433364973849541,2.0254858406133733,-0.0
13600,-4.449349479923817,1.993072843067481,-0.0
13610,-4.465091987064499,1.9605222428376528,-0.0
13620,-4.480591148425567,1.927835912171795,-0.0
13630,-4.4958456324444445,1.895015738677527,-0.0
13640,-4.510854123045466,1.8620636251896094,-0.0
13650,-4.525615319842145,1.8289814896343004,-0.0
13660,-4.540127938338205,1.7957712648906674,-0.0
13670,-4.554390710127382,1.762434898648881,-0.0
13680,-4.568402383091824,1.728974353265462,-0.0
13690,-4.582161721599178,1.695391605615533,-0.0
13700,-4.595667506698205,1.661688646942062,-0.0
13710,-4.608918536312924,1.6278674827021171,-0.0
13720,-4.621913625435225,1.5939301324101558,-0.0
13730,-4.634651606315923,1.559878629478356,-0.0
13740,-4.6471313286541225,1.5257150210539958,-0.0
13750,-4.659351659784965,1.4914413678539253,-0.0
13760,-4.671311484865596,1.45705974399612,-0.0
13770,-4.683009707059376,1.4225722368283533,-0.0
13780,-4.694445247718244,1.3879809467540025,-0.0
13790,-4.705617046563209,1.3532879870550045,-0.0
13800,-4.716524061862915,1.3184954837119958,-0.0
13810,-4.727165270610204,1.2836055752216378,-0.0
13820,-4.737539668696682,1.2486204124111808,-0.0
13830,-4.747646271085182,1.2135421582502608,-0.0
13840,-4.757484111980115,1.1783729876599767,-0.0
13850,-4.767052244995647,1.1431150873192646,-0.0
13860,-4.776349743321652,1.1077706554685947,-0.0
13870,-4.785375699887406,1.0723419017110298,-0.0
13880,-4.794129227522953,1.0368310468106596,-0.0
13890,-4.8026094591181305,1.001240322488456,-0.0
13900,-4.810815547779168,0.9655719712155664,-0.0
13910,-4.818746666982847,0.9298282460040869,-0.0
13920,-4.826402010728171,0.8940114101953468,-0.0
13930,-4.833780793685463,0.8581237372457299,-0.0
13940,-4.840882251342917,0.8221675105100782,-0.0
13950,-4.847705640150506,0.7861450230227093,-0.0
13960,-4.854250237661201,0.7500585772760751,-0.0
13970,-4.860515342669506,0.7139104849971162,-0.0
13980,-4.8665002753472075,0.6777030669213328,-0.0
13990,-4.872204377376364,0.6414386525646226,-0.0
14000,-4.877627012079397,0.6051195799929157,-0.0
14010,-4.882767564546388,0.5687481955896602,-0.0
14020,-4.887625441759372,0.5323268538211821,-0.0
14030,-4.8922000727137425,0.4958579169999777,-0.0
14040,-4.896490908536619,0.4593437550459716,-0.0
14050,-4.900497422602201,0.4227867452457846,-0.0
14060,-4.904219110644054,0.3861892720100619,-0.0
14070,-4.907655490864288,0.349553726628899,-0.0
14080,-4.910806104039581,0.3128825070254144,-0.0
14090,-4.91367051362407,0.27617801750751764,-0.0
14100,-4.916248305848986,0.23944266851791565,-0.0
14110,-4.918539089819068,0.20267887638240686,-0.0
14120,-4.920542497605721,0.16588906305651374,-0.0
14130,-4.922258184336839,0.1290756558704989,-0.0
14140,-4.923685828283312,0.09224108727281832,-0.0
14150,-4.924825130942164,0.05538779457205912,-0.0
14160,-4.9256758171162955,0.01851821967741515,-0.0
14170,-4.926237634990805,-0.018365191162249463,-0.0
14180,-4.92651035620587,-0.05525998762069576,-0.0
14190,-4.926493775926137,-0.09216371555791207,-0.0
14200,-4.926187712906629,-0.12907391728496942,-0.0
14210,-4.925592009555118,-0.16598813183007605,-0.0
14220,-4.924706531990949,-0.20290389520577737,-0.0
14230,-4.923531170100308,-0.23981874067724585,-0.0
14240,-4.922065837587872,-0.2767301990316054,-0.0
14250,-4.920310472024887,-0.31363579884823634,-0.0
14260,-4.918265034893563,-0.35053306677000073,-0.0
14270,-4.91592951162787,-0.3874195277753371,-0.0
14280,-4.913303911650635,-0.4242927054511619,-0.0
14290,-4.910388268406959,-0.46115012226652397,-0.0
14300,-4.9071826393939455,-0.49798929984695306,-0.0
14310,-4.903687106186698,-0.5348077592494438,-0.0
14320,-4.899901774460616,-0.5716030212380185,-0.0
14330,-4.895826774009914,-0.6083726065598071,-0.0
14340,-4.891462258762426,-0.645114036221588,-0.0
14350,-4.8868084067906326,-0.6818248317667316,-0.0
14360,-4.881865420318901,-0.7185025155524787,-0.0
14370,-4.8766335257269775,-0.7551446110275087,-0.0
14380,-4.87111297354967,-0.7917486430097228,-0.0
14390,-4.8653040384727495,-0.8283121379641912,-0.0
14400,-4.859207019325049,-0.8648326242812031,-0.0
14410,-4.852822239066766,-0.9013076325543553,-0.0
14420,-4.846150044773954,-0.9377346958586211,-0.0
14430,-4.839190807619213,-0.9741113500283397,-0.0
14440,-4.831944922848587,-1.010435133935071,-0.0
14450,-4.824412809754625,-1.0467035897652361,-0.0
14460,-4.81659491164566,-1.0829142632975066,-0.0
14470,-4.8084916958112895,-1.1190647041798711,-0.0
14480,-4.800103653484041,-1.1551524662063104,-0.0
14490,-4.791431299797272,-1.1911751075930388,-0.0
14500,-4.782475173739243,-1.2271301912542338,-0.0
14510,-4.773235838103447,-1.2630152850772032,-0.0
14520,-4.763713879435159,-1.2988279621969325,-0.0
14530,-4.753909907974213,-1.3345658012699382,-0.0
14540,-4.743824557594027,-1.37022638674738,-0.0
14550,-4.733458485736909,-1.405807309147374,-0.0
14560,-4.7228123733456,-1.4413061653264274,-0.0
14570,-4.711886924791145,-1.4767205587499648,-0.0
14580,-4.700682867797021,-1.5120480997618604,-0.0
14590,-4.689200953359624,-1.5472864058529343,-0.0
14600,-4.677441955665039,-1.5824331019283415,-0.0
14610,-4.665406672002219,-1.6174858205738118,-0.0
14620,-4.653095922672484,-1.6524422023206635,-0.0
14630,-4.640510550895431,-1.687299895909545,-0.0
14640,-4.627651422711271,-1.7220565585528549,-0.0
14650,-4.614519426879551,-1.7567098561957517,-0.0
14660,-4.601115474774389,-1.7912574637757424,-0.0
14670,-4.587440500276151,-1.8256970654807567,-0.0
14680,-4.57349545965964,-1.8600263550056617,-0.0
14690,-4.559281331478828,-1.894243035807181,-0.0
14700,-4.54479911644813,-1.9283448213571295,-0.0
14710,-4.53004983732028,-1.9623294353939413,-0.0
14720,-4.515034538760806,-1.9961946121724143,-0.0
14730,-4.499754287219167,-2.0299380967116396,-0.0
14740,-4.484210170796547,-2.063557645041038,-0.0
14750,-4.468403299110373,-2.097051024444477,-0.0
14760,-4.452334803155574,-2.1304160137024057,-0.0
14770,-4.436005835162585,-2.1636504033319444,-0.0
14780,-4.41941756845221,-2.196751995824911,-0.0
14790,-4.402571197287275,-2.2297186058836975,-0.0
14800,-4.385467936721211,-2.2625480606549844,-0.0
14810,-4.368109022443504,-2.295238199961206,-0.0
14820,-4.350495710622152,-2.327786876529764,-0.0
14830,-4.332629277743069,-2.3601919562198983,-0.0
14840,-4.314511020446558,-2.3924513182472054,-0.0
14850,-4.296142255360833,-2.4245628554057355,-0.0
14860,-4.277524318932671,-2.4565244742876398,-0.0
14870,-4.25865856725522,-2.4883340955003157,-0.0
14880,-4.2395463758929886,-2.5199896538810056,-0.0
14890,-4.220189139704106,-2.5514890987088177,-0.0
14900,-4.200588272659842,-2.582830393914121,-0.0
14910,-4.180745207661475,-2.614011518285268,-0.0
14920,-4.160661396354532,-2.6450304656726287,-0.0
14930,-4.140338308940449,-2.675885245189865,-0.0
14940,-4.119777433985702,-2.706573881412435,-0.0
14950,-4.098980278228448,-2.7370944145732756,-0.0
14960,-4.077948366382744,-2.76744490075564,-0.0
14970,-4.05668324094037,-2.797623412083044,-0.0
14980,-4.035186461970305,-2.827628036906284,-0.0
14990,-4.01345960691593,-2.8574568799875166,-0.0
15000,-3.991504270389983,-2.887108062681339,-0.0
15010,-3.969322063967319,-2.9165797231128585,-0.0
15020,-3.9469146159755537,-2.945870016352718,-0.0
15030,-3.924283571283592,-2.9749771145890387,-0.0
15040,-3.901430591088147,-3.003899207296262,-0.0
15050,-3.8783573526982535,-3.032634501400856,-0.0
15060,-3.855065549317878,-3.061181221443881,-0.0
15070,-3.8315568898266306,-3.089537609740347,-0.0
15080,-3.8078330985586577,-3.1177019265353794,-0.0
15090,-3.78389591507978,-3.1456724501571616,-0.0
15100,-3.7597470939628943,-3.173447477166611,-0.0
15110,-3.735388404561717,-3.2010253225037766,-0.0
15120,-3.7108216307829407,-3.228404319630972,-0.0
15130,-3.6860485708568165,-3.2555828206725663,-0.0
15140,-3.6610710371062485,-3.2825591965514573,-0.0
15150,-3.635890855714439,-3.30933183712219,-0.0
15160,-3.610509866491168,-3.3358991513007266,-0.0
15170,-3.5849299226377154,-3.362259567190817,-0.0
15180,-3.5591528905105214,-3.3884115322069865,-0.0
15190,-3.5331806493836333,-3.414353513194123,-0.0
15200,-3.5070150912099787,-3.4400839965436334,-0.0
15210,-3.4806581203815328,-3.4656014883061763,-0.0
15220,-3.4541116534884413,-3.4909045143009645,-0.0
15230,-3.4273776190771486,-3.5159916202216066,-0.0
15240,-3.400457957407569,-3.5408613717384916,-0.0
15250,-3.373354620209403,-3.565512354597728,-0.0
15260,-3.3460695704376135,-3.5899431747165993,-0.0
15270,-3.3186047820271174,-3.614152458275538,-0.0
15280,-3.2909622396467975,-3.638138851806659,-0.0
15290,-3.2631439384528242,-3.6619010222787645,-0.0
15300,-3.2351518838413913,-3.6854376571789005,-0.0
15310,-3.206988091200895,-3.7087474645904157,-0.0
15320,-3.178654585663643,-3.7318291732675557,-0.0
15330,-3.150153401857092,-3.7546815327065346,-0.0
15340,-3.121486583654749,-3.777303313213184,-0.0
15350,-3.0926561839267044,-3.7996933059670717,-0.0
15360,-3.063664264289931,-3.821850323082188,-0.0
15370,-3.034512894858344,-3.843773197664139,-0.0
15380,-3.0052041539927123,-3.8654607838638895,-0.0
15390,-2.9757401280504534,-3.886911956928048,-0.0
15400,-2.9461229111353853,-3.9081256132457054,-0.0
15410,-2.9163546048474736,-3.92910067039184,-0.0
15420,-2.8864373180326357,-3.949836067167285,-0.0
15430,-2.8563731665326375,-3.970330763635274,-0.0
15440,-2.82616427293518,-3.9905837411546097,-0.0
15450,-2.795812766324162,-4.010594002409389,-0.0
15460,-2.7653207820302317,-4.030360571435399,-0.0
15470,-2.73469046138164,-4.049882493643101,-0.0
15480,-2.7039239514554656,-4.069158835837291,-0.0
15490,-2.6730234048292583,-4.08818868623342,-0.0
15500,-2.6419909793331393,-4.106971154470579,-0.0
15510,-2.610828837802424,-4.125505371621193,-0.0
15520,-2.579539147830813,-4.14379049019743,-0.0
15530,-2.5481240815241932,-4.16182568415435,-0.0
15540,-2.516585815255102,-4.179610148889791,-0.0
15550,-2.4849265294179026,-4.197143101241051,-0.0
15560,-2.4531484081847097,-4.214423779478338,-0.0
15570,-2.4212536392621384,-4.231451443295086,-0.0
15580,-2.3892444136488726,-4.248225373795047,-0.0
15590,-2.357122925394164,-4.264744873476317,-0.0
15600,-2.3248913713572397,-4.28100926621219,-0.0
15610,-2.292551950967717,-4.297017897228963,-0.0
15620,-2.260106865987036,-4.31277013308067,-0.0
15630,-2.2275583202709646,-4.328265361620771,-0.0
15640,-2.1949085195332256,-4.343502991970856,-0.0
15650,-2.162159671110274,-4.3584824544863485,-0.0
15660,-2.1293139837272665,-4.373203200719262,-0.0
15670,-2.0963736672652833,-4.387664703378034,-0.0
15680,-2.0633409325298153,-4.401866456284471,-0.0
15690,-2.0302179910205793,-4.415807974327824,-0.0
15700,-1.9970070547026781,-4.429488793416025,-0.0
15710,-1.963710335779168,-4.442908470424132,-0.0
15720,-1.930330046465046,-4.456066583139993,-0.0
15730,-1.896868398762715,-4.46896273020718,-0.0
15740,-1.8633276042389468,-4.481596531065204,-0.0
15750,-1.8297098738033872,-4.493967625887066,-0.0
15760,-1.7960174174886323,-4.506075675514159,-0.0
15770,-1.7622524442319214,-4.517920361388581,-0.0
15780,-1.7284171616584556,-4.529501385482848,-0.0
15790,-1.6945137758664037,-4.540818470227089,-0.0
15800,-1.6605444912136078,-4.551871358433744,-0.0
15810,-1.6265115101060204,-4.56265981321977,-0.0
15820,-1.5924170327879137,-4.57318361792644,-0.0
15830,-1.558263257133885,-4.583442576036744,-0.0
15840,-1.5240523784426725,-4.5934365110904025,-0.0
15850,-1.4897865892328463,-4.6031652665966165,-0.0
15860,-1.4554680790403558,-4.612628705944472,-0.0
15870,-1.4210990342179968,-4.621826712311139,-0.0
15880,-1.3866816377368016,-4.6307591885678425,-0.0
15890,-1.3522180689893957,-4.639426057183678,-0.0
15900,-1.317710503595317,-4.647827260127264,-0.0
15910,-1.2831611132083596,-4.655962758766352,-0.0
15920,-1.248572065325929,-4.663832533765323,-0.0
15930,-1.2139455231004481,-4.671436584980713,-0.0
15940,-1.179283645152841,-4.678774931354741,-0.0
15950,-1.1445885853880935,-4.685847610806896,-0.0
15960,-1.1098624928129368,-4.692654680123647,-0.0
15970,-1.0751075113556434,-4.699196214846261,-0.0
15980,-1.0403257796879868,-4.705472309156834,-0.0
15990,-1.0055194310493532,-4.711483075762527,-0.0
16000,-0.9706905930730346,-4.71722864577806,-0.0
16010,-0.9358413876147245,-4.722709168606514,-0.0
16020,-0.90097393058322,-4.727924811818478,-0.0
16030,-0.8660903317733489,-4.732875761029562,-0.0
16040,-0.8311926947011409,-4.737562219776341,-0.0
16050,-0.7962831164412487,-4.741984409390768,-0.0
16060,-0.7613636874666304,-4.746142568873061,-0.0
16070,-0.7264364914905157,-4.7500369547631704,-0.0
16080,-0.6915036053106526,-4.753667841010791,-0.0
16090,-0.656567098655854,-4.757035518844028,-0.0
16100,-0.6216290340348481,-4.760140296636685,-0.0
16110,-0.5866914665874496,-4.762982499774317,-0.0
16120,-0.5517564439380447,-4.7655624705189465,-0.0
16130,-0.5168260060514155,-4.767880567872633,-0.0
16140,-0.48190218509089344,-4.769937167439814,-0.0
16150,-0.44698700527886115,-4.771732661288541,-0.0
16160,-0.41208248275959836,-4.7732674578106025,-0.0
16170,-0.3771906254644797,-4.774541981580572,-0.0
16180,-0.3423134329795317,-4.775556673213874,-0.0
16190,-0.3074528964153456,-4.776311989223836,-0.0
16200,-0.27261099827935426,-4.776808401877816,-0.0
16210,-0.23778971235046997,-4.7770463990524075,-0.0
16220,-0.20299100355609037,-4.777026484087822,-0.0
16230,-0.16821682785146638,-4.776749175641388,-0.0
16240,-0.1334691321014381,-4.776215007540319,-0.0
16250,-0.09874985396453331,-4.775424528633684,-0.0
16260,-0.06406092177943117,-4.774378302643705,-0.0
16270,-0.02940425445378604,-4.773076908016364,-0.0
16280,0.005218238644588853,-4.771520937771353,-0.0
16290,0.03980465779418184,-4.769710999351485,-0.0
16300,0.07435311302389107,-4.767647714471467,-0.0
16310,0.10886172421478418,-4.7653317189662,-0.0
16320,0.14332862119951487,-4.762763662638574,-0.0
16330,0.1777519438594013,-4.759944209106814,-0.0
16340,0.2121298422191716,-4.756874035651386,-0.0
16350,0.24646047653938452,-4.753553833061557,-0.0
16360,0.2807420174065306,-4.749984305481591,-0.0
16370,0.31497264582082113,-4.746166170256614,-0.0
16380,0.3491505532816748,-4.742100157778235,-0.0
16390,0.3832739418709089,-4.73778701132991,-0.0
16400,0.4173410243336431,-4.733227486932081,-0.0
16410,0.4513500241569282,-4.728422353187165,-0.0
16420,0.4852991756461082,-4.723372391124395,-0.0
16430,0.5191867239989224,-4.718078394044523,-0.0
16440,0.5530109253773673,-4.712541167364484,-0.0
16450,0.5867700469773199,-4.706761528462004,-0.0
16460,0.6204623670959403,-4.7007403065201725,-0.0
16470,0.6540861751968619,-4.694478342372061,-0.0
16480,0.6876397719731868,-4.687976488345374,-0.0
16490,0.721121469408293,-4.681235608107187,-0.0
16500,0.7545295908344729,-4.674256576508802,-0.0
16510,0.7878624709894098,-4.6670402794307115,-0.0
16520,0.8211184560705139,-4.659587613627767,-0.0
16530,0.8542959037871303,-4.6518994865745364,-0.0
16540,0.887393183410628,-4.643976816310871,-0.0
16550,0.9204086758223932,-4.635820531287748,-0.0
16560,0.9533407735597369,-4.627431570213384,-0.0
16570,0.9861878808597393,-4.6188108818996705,-0.0
16580,1.018948413701035,-4.609959425108932,-0.0
16590,1.0516207998435694,-4.600878168401052,-0.0
16600,1.0842034788663362,-4.591568089981006,-0.0
16610,1.116694902203112,-4.582030177546788,-0.0
16620,1.1490935331762058,-4.572265428137778,-0.0
16630,1.1813978470282482,-4.562274847983601,-0.0
16640,1.2136063309520297,-4.552059452353456,-0.0
16650,1.2457174841184038,-4.541620265405947,-0.0
16660,1.2777298177022935,-4.5309583200395,-0.0
16670,1.3096418549067863,-4.5200746577432795,-0.0
16680,1.3414521309853713,-4.5089703284487355,-0.0
16690,1.3731591932623168,-4.497646390381743,-0.0
16700,1.4047616011512072,-4.486103909915356,-0.0
16710,1.4362579261716757,-4.474343961423239,-0.0
16720,1.4676467519643297,-4.462367627133734,-0.0
16730,1.4989266743039134,-4.450175996984661,-0.0
16740,1.5300963011107007,-4.43777016847879,-0.0
16750,1.5611542524601691,-4.425151246540075,-0.0
16760,1.5920991605909405,-4.41232034337061,-0.0
16770,1.622929669911046,-4.399278578308384,-0.0
16780,1.6536444370025078,-4.386027077685803,-0.0
16790,1.68424213062427,-4.372566974689027,-0.0
16800,1.7147214317134998,-4.358899409218123,-0.0
16810,1.745081033385279,-4.345025527748065,-0.0
16820,1.7753196409307097,-4.330946483190607,-0.0
16830,1.805435971813443,-4.316663434756973,-0.0
16840,1.8354287556646727,-4.302177547821514,-0.0
16850,1.865296734276606,-4.287489993786216,-0.0
16860,1.895038661594418,-4.272601949946136,-0.0
16870,1.9246533037067415,-4.257514599355789,-0.0
16880,1.9541394388346918,-4.242229130696473,-0.0
16890,1.9834958573194514,-4.226746738144557,-0.0
16900,2.012721361608447,-4.211068621240743,-0.0
16910,2.0418147662401274,-4.195195984760317,-0.0
16920,2.0707748978273752,-4.179130038584409,-0.0
16930,2.0996005950395675,-4.162871997572259,-0.0
16940,2.128290708583312,-4.146423081434501,-0.0
16950,2.156844101181877,-4.129784514607509,-0.0
16960,2.185259647553337,-4.112957526128749,-0.0
16970,2.213536234387466,-4.0959433495132345,-0.0
16980,2.2416727603213857,-4.078743222631017,-0.0
16990,2.2696681359140043,-4.061358387585774,-0.0
17000,2.297521283619248,-4.04379009059446,-0.0
17010,2.325231137758145,-4.026039581868094,-0.0
17020,2.3527966444897337,-4.008108115493599,-0.0
17030,2.3802167617808654,-3.9899969493168053,-0.0
17040,2.407490459374885,-3.9717073448265388,-0.0
17050,2.434616718759246,-3.953240567039862,-0.0
17060,2.4615945331320477,-3.934597884388428,-0.0
17070,2.4884229073675384,-3.915780568605991,-0.0
17080,2.5151008579806104,-3.8967898946170703,-0.0
17090,2.5416274130902856,-3.877627140426748,-0.0
17100,2.5680016123822416,-3.85829358701166,-0.0
17110,2.5942225070703677,-3.838790518212112,-0.0
17120,2.620289159857409,-3.8191192206254025,-0.0
17130,2.6462006448946873,-3.799280983500297,-0.0
17140,2.671956047740946,-3.7792770986327047,-0.0
17150,2.69755446532032,-3.759108860262515,-0.0
17160,2.7229950058794614,-3.738777564971635,-0.0
17170,2.74827678894385,-3.7182845115832213,-0.0
17180,2.77339894527329,-3.697631001062097,-0.0
17190,2.798360616816631,-3.6768183364163676,-0.0
17200,2.8231609566657276,-3.6558478226002435,-0.0
17210,2.847799129008661,-3.6347207664180563,-0.0
17220,2.8722743090822322,-3.6134384764294762,-0.0
17230,2.8965856831237717,-3.592002262855947,-0.0
17240,2.9207324483222563,-3.570413437488319,-0.0
17250,2.944713812768766,-3.5486733135956703,-0.0
17260,2.96852899540633,-3.5267832058353887,-0.0
17270,2.9921772259791104,-3.504744430164393,-0.0
17280,3.0156577449810302,-3.4825583037516195,-0.0
17290,3.038969803603796,-3.4602261448916907,-0.0
17300,3.0621126636843687,-3.4377492729197856,-0.0
17310,3.0850855976519043,-3.41512900812774,-0.0
17320,3.10788788847416,-3.3923666716813328,-0.0
17330,3.1305188296034054,-3.3694635855387842,-0.0
17340,3.15297772492186,-3.346421072370462,-0.0
17350,3.1752638886866533,-3.323240455479783,-0.0
17360,3.197376645474349,-3.299923058725313,-0.0
17370,3.219315330125047,-3.276470206444079,-0.0
17380,3.2410792876860692,-3.2528832233760574,-0.0
17390,3.262667873355258,-3.2291634345898617,-0.0
17400,3.2840804524239093,-3.20531216540963,-0.0
17410,3.3053164002193562,-3.1813307413430914,-0.0
17420,3.3263751020471966,-3.1572204880108092,-0.0
17430,3.347255953133232,-3.1329827310766176,-0.0
17440,3.3679583585650756,-3.108618796179222,-0.0
17450,3.388481733233511,-3.0841300088649914,-0.0
17460,3.4088255017735536,-3.059517694521891,-0.0
17470,3.4289890985052827,-3.034783178314605,-0.0
17480,3.448971967374433,-3.0099277851208,-0.0
17490,3.468773561892778,-2.984952839468564,-0.0
17500,3.4883933450783022,-2.959859665474971,-0.0
17510,3.507830789395198,-2.9346495867858056,-0.0
17520,3.5270853766937025,-2.909323926516436,-0.0
17530,3.5461565981497625,-2.883884007193795,-0.0
17540,3.565043954204588,-2.858331150699516,-0.0
17550,3.5837469545040777,-2.8326666782141863,-0.0
17560,3.602265117838112,-2.806891910162694,-0.0
17570,3.620597972079819,-2.781008166160734,-0.0
17580,3.6387450541246964,-2.7550167649623676,-0.0
17590,3.656705909829719,-2.728919024408718,-0.0
17600,3.674480093952396,-2.7027162613777462,-0.0
17610,3.692067170089767,-2.676409791735102,-0.0
17620,3.709466710617433,-2.6500009302860805,-0.0
17630,3.726678296628528,-2.6234909907286172,-0.0
17640,3.7437015178727484,-2.5968812856073793,-0.0
17650,3.760535972695383,-2.5701731262688994,-0.0
17660,3.7771812679763936,-2.5433678228177614,-0.0
17670,3.793637019069532,-2.5164666840738326,-0.0
17680,3.809902849741538,-2.48947101753053,-0.0
17690,3.8259783921114185,-2.4623821293141237,-0.0
17700,3.841863286589792,-2.4352013241440433,-0.0
17710,3.8575571818183705,-2.407929905294221,-0.0
17720,3.873059734609531,-2.380569174555415,-0.0
17730,3.8883706098860302,-2.353120432198553,-0.0
17740,3.903489480620846,-2.325584976939046,-0.0
17750,3.9184160277771958,-2.2979641059021003,-0.0
17760,3.9331499402486894,-2.270259114588988,-0.0
17770,3.9476909147996704,-2.242471296844284,-0.0
17780,3.9620386560057574,-2.214601944824073,-0.0
17790,3.976192876194558,-2.186652348965084,-0.0
17800,3.990153295386612,-2.1586237979547764,-0.0
17810,4.003919641236544,-2.130517578702351,-0.0
17820,4.017491648974453,-2.102334976310689,-0.0
17830,4.030869061347539,-2.0740772740491917,-0.0
17840,4.044051628561974,-2.045745753327532,-0.0
17850,4.0570391082250605,-2.0173416936703066,-0.0
17860,4.069831265287621,-1.9888663726925537,-0.0
17870,4.082427871986717,-1.9603210660761772,-0.0
17880,4.094828707788607,-1.9317070475472027,-0.0
17890,4.10703355933205,-1.9030255888539247,-0.0
17900,4.119042220371886,-1.8742779597458799,-0.0
17910,4.130854491722971,-1.8454654279536782,-0.0
17920,4.142470181204384,-1.8165892591696438,-0.0
17930,4.153889103584043,-1.7876507170293003,-0.0
17940,4.1651110805235945,-1.7586510630936447,-0.0
17950,4.17613594052371,-1.7295915568322444,-0.0
17960,4.186963518869723,-1.7004734556071135,-0.0
17970,4.197593657577627,-1.671298014657373,-0.0
17980,4.208026205340471,-1.6420664870846935,-0.0
17990,4.21826101747513,-1.6127801238394919,-0.0
18000,4.228297955869475,-1.583440173707891,-0.0
18010,4.238136888929931,-1.5540478832994156,-0.0
18020,4.24777769152947,-1.5246044970354329,-0.0
18030,4.257220244955982,-1.4951112571383076,-0.0
18040,4.26646443686111,-1.4655694036212852,-0.0
18050,4.275510161209485,-1.4359801742790697,-0.0
18060,4.284357318228402,-1.4063448046791034,-0.0
18070,4.29300581435796,-1.3766645281535348,-0.0
18080,4.301455562201618,-1.3469405757918564,-0.0
18090,4.309706480477249,-1.3171741764342206,-0.0
18100,4.3177584939686025,-1.2873665566653947,-0.0
18110,4.325611533477294,-1.2575189408093865,-0.0
18120,4.3332655357752135,-1.2276325509246842,-0.0
18130,4.34072044355747,-1.197708606800143,-0.0
18140,4.347976205395757,-1.1677483259514734,-0.0
18150,4.355032775692276,-1.1377529236183521,-0.0
18160,4.361890114634106,-1.1077236127621182,-0.0
18170,4.3685481881480905,-1.0776616040640645,-0.0
18180,4.375006967856249,-1.0475681059243083,-0.0
18190,4.3812664310316665,-1.017444324461224,-0.0
18200,4.387326560554926,-0.98729146351144,-0.0
18210,4.393187344871056,-0.9571107246303852,-0.0
18220,4.398848777946996,-0.9269033070933665,-0.0
18230,4.404310859229596,-0.8966704078971858,-0.0
18240,4.409573593604159,-0.8664132217622685,-0.0
18250,4.4146369913535,-0.8361329411353033,-0.0
18260,4.41950106811758,-0.805830756192384,-0.0
18270,4.424165844853657,-0.7755078548426397,-0.0
18280,4.428631347796994,-0.7451654227323418,-0.0
18290,4.432897608422145,-0.7148046432494876,-0.0
18300,4.43696466340476,-0.6844266975288377,-0.0
18310,4.4408325545839835,-0.654032764457409,-0.0
18320,4.4445013289254005,-0.6236240206804062,-0.0
18330,4.447971038484542,-0.5932016406075825,-0.0
18340,4.4512417403710005,-0.5627667964200288,-0.0
18350,4.454313496713069,-0.5323206580773657,-0.0
18360,4.45718637462299,-0.5018643933253438,-0.0
18370,4.459860446162765,-0.4713991677038335,-0.0
18380,4.4623357883105745,-0.44092614455519913,-0.0
18390,4.464612482927735,-0.4104464850330443,-0.0
18400,4.466690616726303,-0.3799613481113234,-0.0
18410,4.468570281237204,-0.3494718905938028,-0.0
18420,4.4702515727790155,-0.3189792671238715,-0.0
18430,4.471734592427292,-0.28848463019468157,-0.0
18440,4.473019445984522,-0.2579891301596175,-0.0
18450,4.474106243950659,-0.22749391524307871,-0.0
18460,4.474995101494274,-0.1970001315515704,-0.0
18470,4.475686138424287,-0.16650892308508844,-0.0
18480,4.476179479162319,-0.13602143174879422,-0.0
18490,4.476475252715638,-0.10553879736496506,-0.0
18500,4.4765735926507135,-0.07506215768521453,-0.0
18510,4.476474637067388,-0.04459264840297112,-0.0
18520,4.47617852857364,-0.014131403166206546,-0.0
18530,4.475685414260968,0.016320446409595443,-0.0
18540,4.474995445680386,0.04676177072823932,-0.0
18550,4.474108778819026,0.07719144219939632,-0.0
18560,4.4730255740773615,0.10760833522497071,-0.0
18570,4.471745996247025,0.13801132618526243,-0.0
18580,4.470270214489265,0.16839929342493634,-0.0
18590,4.468598402314006,0.19877111723880622,-0.0
18600,4.466730737559514,0.22912567985744292,-0.0
18610,4.464667402372704,0.2594618654326171,-0.0
18620,4.462408583190031,0.2897785600225831,-0.0
18630,4.459954470719032,0.32007465157721615,-0.0
18640,4.457305259920448,0.3503490299230082,-0.0
18650,4.454461149991004,0.3806005867479368,-0.0
18660,4.451422344346764,0.4108282155862087,-0.0
18670,4.448189050607137,0.44103081180289505,-0.0
18680,4.444761480579477,0.4712072725784609,-0.0
18690,4.441139850244318,0.5013564968932022,-0.0
18700,4.4373243797412085,0.5314773855115961,-0.0
18710,4.433315293355172,0.561568840966575,-0.0
18720,4.429112819503771,0.591629767543733,-0.0
18730,4.424717190724816,0.621659071265475,-0.0
18740,4.420128643664646,0.6516556598751138,-0.0
18750,4.415347419067061,0.6816184428209268,-0.0
18760,4.410373761762833,0.7115463312401797,-0.0
18770,4.405207920659873,0.7414382379431301,-0.0
18780,4.399850148733953,0.7712930773970086,-0.0
18790,4.394300703020089,0.8011097657100017,-0.0
18800,4.388559844604513,0.8308872206152336,-0.0
18810,4.382627838617238,0.8606243614547558,-0.0
18820,4.376504954225255,0.8903201091635626,-0.0
18830,4.370191464626328,0.9199733862536318,-0.0
18840,4.363687647043373,0.9495831167979983,-0.0
18850,4.356993782719478,0.979148226414881,-0.0
18860,4.350110156913492,1.0086676422518581,-0.0
18870,4.343037058896222,1.0381402929701038,-0.0
18880,4.33577478194724,1.067565108728701,-0.0
18890,4.328323623352268,1.0969410211690267,-0.0
18900,4.320683884401171,1.1262669633992317,-0.0
18910,4.312855870386539,1.1555418699788096,-0.0
18920,4.304839890602856,1.1847646769032758,-0.0
18930,4.296636258346267,1.2139343215889578,-0.0
18940,4.288245290914919,1.2430497428579017,-0.0
18950,4.279667309609896,1.2721098809229163,-0.0
18960,4.270902639736731,1.301113677372747,-0.0
18970,4.261951610607505,1.3300600751574012,-0.0
18980,4.25281455554352,1.3589480185736273,-0.0
18990,4.243491811878546,1.38777645325055,-0.0
19000,4.233983720962635,1.416544326135484,-0.0
19010,4.224290628166519,1.4452505854799196,-0.0
19020,4.214412882886567,1.4738941808257013,-0.0
19030,4.204350838550308,1.5024740629913969,-0.0
19040,4.194104852622522,1.5309891840588699,-0.0
19050,4.183675286611881,1.559438497360069,-0.0
19060,4.17306250607814,1.5878209574640199,-0.0
19070,4.162266880639917,1.6161355201640708,-0.0
19080,4.151288783982978,1.6443811424653465,-0.0
19090,4.140128593869096,1.6725567825724625,-0.0
19100,4.128786692145448,1.7006613998774829,-0.0
19110,4.117263464754559,1.7286939549481404,-0.0
19120,4.105559301744771,1.7566534095163218,-0.0
19130,4.093674597281256,1.7845387264668282,-0.0
19140,4.081609749657547,1.812348869826415,-0.0
19150,4.069365161307626,1.8400828047531317,-0.0
19160,4.056941238818501,1.86773949752595,-0.0
19170,4.044338392943304,1.8953179155346958,-0.0
19180,4.031557038614954,1.9228170272703142,-0.0
19190,4.0185975949602675,1.950235802315433,-0.0
19200,4.0054604853146065,1.9775732113352642,-0.0
19210,3.99214613723705,2.0048282260688524,-0.0
19220,3.978654982526031,2.0319998193206517,-0.0
19230,3.9649874572354853,2.0590869649524643,-0.0
19240,3.951144001691499,2.086088637875738,-0.0
19250,3.9371250605094326,2.113003814044232,-0.0
19260,3.9229310826115342,2.1398314704470534,-0.0
19270,3.9085625212450275,2.1665705851020824,-0.0
19280,3.8940198340006806,2.1932201370497837,-0.0
19290,3.879303482831837,2.2197791063474193,-0.0
19300,3.8644139340739136,2.2462464740636574,-0.0
19310,3.8493516584643697,2.2726212222736124,-0.0
19320,3.834117131163118,2.2989023340542865,-0.0
19330,3.818710831773391,2.325088793480447,-0.0
19340,3.8031332443630474,2.3511795856209385,-0.0
19350,3.78738485748634,2.377173696535438,-0.0
19360,3.771466164206093,2.40307011327166,-0.0
19370,3.755377662116326,2.4288678238630146,-0.0
19380,3.7391198533652954,2.4545658173267326,-0.0
19390,3.72269324467896,2.4801630836624655,-0.0
19400,3.7060983473848643,2.5056586138513612,-0.0
19410,3.689335677436414,2.531051399855619,-0.0
19420,3.672405755437581,2.5563404346185576,-0.0
19430,3.655309106667979,2.581524712065157,-0.0
19440,3.6380462611083484,2.606603227103128,-0.0
19450,3.6206177534664223,2.63157497562449,-0.0
19460,3.6030241232031677,2.656438954507668,-0.0
19470,3.585265914559408,2.6811941616201187,-0.0
19480,3.567343676582808,2.7058395958214967,-0.0
19490,3.5492579631552212,2.73037425696736,-0.0
19500,3.5310093330203935,2.754797145913422,-0.0
19510,3.5125983498120177,2.779107264520367,-0.0
19520,3.494025582082118,2.803303615659218,-0.0
19530,3.475291603329797,2.8273852032172915,-0.0
19540,3.4563969920302746,2.8513510321047093,-0.0
19550,3.437342331664284,2.875200108261506,-0.0
19560,3.418128210747763,2.89893143866533,-0.0
19570,3.3987552228618587,2.9225440313397253,-0.0
19580,3.3792239666832367,2.946036895363036,-0.0
19590,3.3595350460146736,2.9694090408779035,-0.0
19600,3.339689069815959,2.9926594791013947,-0.0
19610,3.319686652235052,3.0157872223357436,-0.0
19620,3.2995284126395292,3.03879128397973,-0.0
19630,3.279214975648286,3.061670678540685,-0.0
19640,3.2587469711635,3.0844244216471464,-0.0
19650,3.2381250344028407,3.1070515300621557,-0.0
19660,3.217349805931936,3.129551021697227,-0.0
19670,3.19642193169704,3.151921915626943,-0.0
19680,3.1753420630579736,3.174163232104268,-0.0
19690,3.154110856821233,3.1962739925764767,-0.0
19700,3.132728975273341,3.2182532197018103,-0.0
19710,3.111197086214396,3.2400999373667916,-0.0
19720,3.0895158629918003,3.2618131707042433,-0.0
19730,3.0676859845341893,3.2833919461119967,-0.0
19740,3.0457081353855218,3.3048352912723082,-0.0
19750,3.023583005739346,3.326142235171976,-0.0
19760,3.001311291473225,3.347311808123186,-0.0
19770,2.9788936941833137,3.368343041785072,-0.0
19780,2.9563309212190583,3.389234969185983,-0.0
19790,2.9336236857180626,3.4099866247465274,-0.0
19800,2.9107727066410267,3.430597044303286,-0.0
19810,2.8877787088068616,3.4510652651333498,-0.0
19820,2.8646424229278407,3.471390325979523,-0.0
19830,2.8413645856448992,3.491571267076344,-0.0
19840,2.8179459395629882,3.511607130176825,-0.0
19850,2.7943872332865127,3.5314969585799707,-0.0
19860,2.770689221454834,3.5512397971590643,-0.0
19870,2.7468526647778253,3.5708346923907186,-0.0
19880,2.7228783300714743,3.590280692384714,-0.0
19890,2.6987669902935205,3.6095768469146154,-0.0
19900,2.6745194245791133,3.628722207449177,-0.0
19910,2.650136418276484,3.6477158271845314,-0.0
19920,2.6256187629826324,3.6665567610771927,-0.0
19930,2.6009672565789903,3.6852440658778467,-0.0
19940,2.576182703267079,3.7037768001659495,-0.0
19950,2.5512659136041247,3.7221540243851248,-0.0
19960,2.5262177045386554,3.7403748008794078,-0.0
19970,2.5010388994460286,3.7584381939302696,-0.0
19980,2.4757303281639014,3.7763432697944785,-0.0
19990,2.450292827027634,3.7940890967427947,-0.0
20000,2.4247272389056005,3.8116747450994803,-0.0
20010,2.3990344132344106,3.8290992872826495,-0.0
20020,2.37321520605402,3.8463617978454594,-0.0
20030,2.3472704800427193,3.8634613535181255,-0.0
20040,2.321201104552002,3.8803970332508047,-0.0
20050,2.295007955641273,3.897167918257295,-0.0
20060,2.268691916112419,3.913773092059614,-0.0
20070,2.242253875544197,3.930211640533401,-0.0
20080,2.2156947303264594,3.9464826519542076,-0.0
20090,2.1890153836941733,3.962585217044617,-0.0
20100,2.162216745761236,3.978518429022233,-0.0
20110,2.1352997335540915,3.9942813836485493,-0.0
20120,2.10826527104509,4.009873179278649,-0.0
20130,2.0811142891856322,4.0252929169118135,-0.0
20140,2.0538477259390335,4.040539700242959,-0.0
20150,2.026466526313144,4.055612635714983,-0.0
20160,1.9989716423926691,4.07051083257196,-0.0
20170,1.9713640333712021,4.08523340291322,-0.0
20180,1.9436446655829525,4.099779461748295,-0.0
20190,1.9158145125341473,4.114148127052769,-0.0
20200,1.8878745549341003,4.128338519824975,-0.0
20210,1.8598257807259335,4.142349764143591,-0.0
20220,1.8316691851169344,4.1561809872261115,-0.0
20230,1.8034057706085405,4.169831319488207,-0.0
20240,1.775036547025932,4.183299894603954,-0.0
20250,1.7465625315472189,4.1965858495669615,-0.0
20260,1.7179847487322173,4.209688324752374,-0.0
20270,1.6893042305507824,4.2226064639797505,-0.0
20280,1.6605220164107064,4.235339414576837,-0.0
20290,1.6316391531851477,4.2478863274442205,-0.0
20300,1.6026566952395889,4.26024635712086,-0.0
20310,1.5735757044583072,4.272418661850511,-0.0
20320,1.5443972502703307,4.284402403649008,-0.0
20330,1.5151224096748865,4.296196748372447,-0.0
20340,1.4857522672663075,4.307800865786242,-0.0
20350,1.4562879152583947,4.319213929635053,-0.0
20360,1.4267304535082141,4.3304351177135985,-0.0
20370,1.3970809895393153,4.341463611938337,-0.0
20380,1.3673406385643472,4.352298598420008,-0.0
20390,1.3375105235070823,4.362939267537067,-0.0
20400,1.3075917750238018,4.373384814009976,-0.0
20410,1.2775855315240428,4.3836344369763465,-0.0
20420,1.247492939190696,4.393687340066967,-0.0
20430,1.2173151519994236,4.403542731482667,-0.0
20440,1.1870533317374021,4.41319982407206,-0.0
20450,1.1567086480213515,4.422657835410114,-0.0
20460,1.1262822783148523,4.431915987877586,-0.0
20470,1.0957754079449282,4.440973508741297,-0.0
20480,1.0651892301178827,4.449829630235254,-0.0
20490,1.0345249459343595,4.45848358964258,-0.0
20500,1.0037837644036354,4.466934629378319,-0.0
20510,0.9729669024571074,4.475181997073031,-0.0
20520,0.9420755849609671,4.4832249456572235,-0.0
20530,0.9111110447280499,4.491062733446596,-0.0
20540,0.8800745225288357,4.498694624228096,-0.0
20550,0.8489672671015884,4.5061198873467845,-0.0
20560,0.8177905351616176,4.513337797793477,-0.0
20570,0.7865455914096483,4.520347636293212,-0.0
20580,0.7552337085392794,4.527148689394475,-0.0
20590,0.7238561672435154,4.53374024955922,-0.0
20600,0.6924142562203545,4.540121615253639,-0.0
20610,0.6609092721774235,4.546292091039733,-0.0
20620,0.6293425198356289,4.552250987667599,-0.0
20630,0.597715311931824,4.557997622168485,-0.0
20640,0.5660289692204659,4.563531317948599,-0.0
20650,0.5342848204742469,4.568851404883616,-0.0
20660,0.5024842024836875,4.5739572194139315,-0.0
20670,0.4706284600556733,4.578848104640634,-0.0
20680,0.43871894601091627,4.583523410422151,-0.0
20690,0.40675702118033086,4.587982493471629,-0.0
20700,0.37474405440030206,4.592224717454975,-0.0
20710,0.3426814225068318,4.596249453089571,-0.0
20720,0.3105705103285498,4.600056078243667,-0.0
20730,0.27841271067856843,4.6036439780364224,-0.0
20740,0.24620942434516854,4.607012544938582,-0.0
20750,0.21396206008129853,4.610161178873785,-0.0
20760,0.1816720345928731,4.61308928732052,-0.0
20770,0.149340772525851,4.615796285414637,-0.0
20780,0.11696970645208164,4.618281596052512,-0.0
20790,0.08456027685389957,4.620544649994738,-0.0
20800,0.052113932107455026,4.62258488597044,-0.0
20810,0.019632128464761915,4.624401750782107,-0.0
20820,-0.012883669965550796,4.625994699410983,-0.0
20830,-0.04543199123880028,4.627363195122992,-0.0
20840,-0.07801135559613928,4.628506709575166,-0.0
20850,-0.11062027548778891,4.629424722922588,-0.0
20860,-0.14325725559763045,4.630116723925814,-0.0
20870,-0.1759207928691706,4.630582210058757,-0.0
20880,-0.2086093765328963,4.6308206876170495,-0.0
20890,-0.24132148813503357,4.630831671826834,-0.0
20900,-0.27405560156772424,4.630614686953965,-0.0
20910,-0.3068101831006377,4.63016926641365,-0.0
20920,-0.3395836914140299,4.629494952880452,-0.0
20930,-0.3723745776332642,4.628591298398681,-0.0
20940,-0.4051812853648115,4.62745786449315,-0.0
20950,-0.4380022507337378,4.626094222280242,-0.0
20960,-0.47083590242270107,4.624499952579348,-0.0
20970,-0.5036806617124628,4.6226746460245485,-0.0
20980,-0.5365349425239356,4.620617903176639,-0.0
20990,-0.5693971514617724,4.61832933463536,-0.0
21000,-0.6022656878595222,4.615808561151958,-0.0
21010,-0.6351389438263483,4.613055213741866,-0.0
21020,-0.6680153042953427,4.6100689337977006,-0.0
21030,-0.7008931470734289,4.606849373202366,-0.0
21040,-0.7337708428928812,4.603396194442364,-0.0
21050,-0.7666467554644655,4.599709070721248,-0.0
21060,-0.7995192415322128,4.595787686073186,-0.0
21070,-0.832386650929844,4.59163173547665,-0.0
21080,-0.8652473266388491,4.587240924968172,-0.0
21090,-0.8980996048482354,4.582614971756155,-0.0
21100,-0.9309418150159616,4.577753604334744,-0.0
21110,-0.9637722799320603,4.572656562597701,-0.0
21120,-0.9965893157834609,4.56732359795226,-0.0
21130,-1.0293912322205303,4.561754473432971,-0.0
21140,-1.06217633242533,4.555948963815474,-0.0
21150,-1.094942913181612,4.549906855730211,-0.0
21160,-1.1276892649465535,4.543627947776024,-0.0
21170,-1.1604136719242422,4.537112050633624,-0.0
21180,-1.193114412140921,4.530358987178911,-0.0
21190,-1.225789757522005,4.523368592596126,-0.0
21200,-1.2584379739708733,4.516140714490796,-0.0
21210,-1.2910573214494445,4.5086752130024434,-0.0
21220,-1.3236460540605446,4.500971960917048,-0.0
21230,-1.356202420132076,4.493030843779232,-0.0
21240,-1.3887246623029916,4.484851760004133,-0.0
21250,-1.421211017611086,4.476434620988957,-0.0
21260,-1.4536597175825963,4.467779351224145,-0.0
21270,-1.4860689883236418,4.458885888404188,-0.0
21280,-1.518437050613479,4.449754183537991,-0.0
21290,-1.5507621199996047,4.440384201058822,-0.0
21300,-1.5830424068946949,4.430775918933785,-0.0
21310,-1.6152761166753824,4.420929328772775,-0.0
21320,-1.6474614497828923,4.410844435936936,-0.0
21330,-1.6795966018255242,4.400521259646531,-0.0
21340,-1.7116797636829888,4.389959833088261,-0.0
21350,-1.743709121612602,4.379160203521938,-0.0
21360,-1.7756828573573464,4.368122432386539,-0.0
21370,-1.8075991482557758,4.356846595405566,-0.0
21380,-1.8394561673538037,4.345332782691721,-0.0
21390,-1.8712520835183413,4.333581098850834,-0.0
21400,-1.902985061552805,4.321591663085037,-0.0
21410,-1.9346532623144825,4.309364609295136,-0.0
21420,-1.9662548428337745,4.2969000861821725,-0.0
21430,-1.9977879564352756,4.284198257348095,-0.0
21440,-2.0292507528607477,4.271259301395607,-0.0
21450,-2.0606413783939175,4.25808341202702,-0.0
21460,-2.0919579759871625,4.244670798142225,-0.0
21470,-2.123198685390022,4.231021683935641,-0.0
21480,-2.154361643279579,4.217136308992168,-0.0
21490,-2.1854449833926752,4.2030149283821,-0.0
21500,-2.216446836659971,4.188657812754947,-0.0
21510,-2.2473653313418476,4.174065248432178,-0.0
21520,-2.2781985931661195,4.1592375374987745,-0.0
21530,-2.308944745467606,4.1441749978936855,-0.0
21540,-2.3396019093294793,4.128877963498999,-0.0
21550,-2.370168203726452,4.113346784227934,-0.0
21560,-2.40064174566976,4.097581826111548,-0.0
21570,-2.431020650353933,4.081583471384128,-0.0
21580,-2.4613030313053548,4.065352118567267,-0.0
21590,-2.4914870005326053,4.048888182552571,-0.0
21600,-2.5215706686785517,4.032192094682952,-0.0
21610,-2.5515521451742145,4.015264302832511,-0.0
21620,-2.5814295383943655,3.998105271484948,-0.0
21630,-2.6112009558148546,3.980715481810458,-0.0
21640,-2.6408645041716703,3.963095431741131,-0.0
21650,-2.670418289621694,3.9452456360447634,-0.0
21660,-2.6998604179051515,3.927166626397081,-0.0
21670,-2.7291889945097445,3.908858951452338,-0.0
21680,-2.758402124836449,3.8903231769122626,-0.0
21690,-2.7874979143669547,3.8715598855932902,-0.0
21700,-2.81647446883274,3.852569677492083,-0.0
21710,-2.84532989438577,3.833353169849302,-0.0
21720,-2.8740622977707853,3.813910997211576,-0.0
21730,-2.902669786499175,3.794243811491652,-0.0
21740,-2.931150469024413,3.7743522820266935,-0.0
21750,-2.9595024549190345,3.7542370956346907,-0.0
21760,-2.9877238550531438,3.7338989566689613,-0.0
21770,-3.015812781774415,3.7133385870706888,-0.0
21780,-3.0437673490895887,3.6925567264194985,-0.0
21790,-3.0715856728474136,3.6715541319819933,-0.0
21800,-3.0992658709230456,3.650331578758286,-0.0
21810,-3.1268060634038464,3.628889859526423,-0.0
21820,-3.1542043727765887,3.607229784884724,-0.0
21830,-3.1814589241160123,3.5853521832919673,-0.0
21840,-3.2085678452747506,3.5632579011054455,-0.0
21850,-3.2355292670745492,3.540947802616781,-0.0
21860,-3.2623413234987924,3.5184227700855515,-0.0
21870,-3.289002151886295,3.4956837037706507,-0.0
21880,-3.3155098931263267,3.4727315219593526,-0.0
21890,-3.341862691854852,3.4495671609940852,-0.0
21900,-3.3680586966519614,3.426191575296855,-0.0
21910,-3.3940960602404333,3.402605737391289,-0.0
21920,-3.419972939685449,3.3788106379223044,-0.0
21930,-3.445687496595379,3.354807285673334,-0.0
21940,-3.47123789732365,3.3305967075811154,-0.0
21950,-3.496622313171625,3.3061799487479853,-0.0
21960,-3.521838920592504,3.2815580724516837,-0.0
21970,-3.5468859013961738,3.256732160152623,-0.0
21980,-3.571761442955,3.2317033114985922,-0.0
21990,-3.5964637384105314,3.206472644326904,-0.0
22000,-3.620990986881036,3.1810412946638986,-0.0
22010,-3.645341393669911,3.155410416721861,-0.0
22020,-3.669513170474851,3.1295811828932423,-0.0
22030,-3.6935045355977993,3.1035547837422386,-0.0
22040,-3.7173137141556145,3.077332427993647,-0.0
22050,-3.74093893829142,3.0509153425190125,-0.0
22060,-3.7643784473865964,3.024304772320021,-0.0
22070,-3.7876304882734066,2.9975019805091407,-0.0
22080,-3.8106933154481553,2.9705082482874605,-0.0
22090,-3.8335651912849156,2.943324874919739,-0.0
22100,-3.856244386249719,2.915953177706616,-0.0
22110,-3.8787291791152216,2.888394491953994,-0.0
22120,-3.9010178571757494,2.8606501709395324,-0.0
22130,-3.9231087164627527,2.8327215858762975,-0.0
22140,-3.9450000619605428,2.8046101258734764,-0.0
22150,-3.9666902078223574,2.776317197894212,-0.0
22160,-3.9881774775866274,2.7478442267104763,-0.0
22170,-4.009460204393479,2.7191926548550316,-0.0
22180,-4.030536731201362,2.690363942570404,-0.0
22190,-4.051405411003809,2.6613595677548996,-0.0
22200,-4.072064607046241,2.6321810259056306,-0.0
22210,-4.0925126930428295,2.6028298300585497,-0.0
22220,-4.112748053393292,2.5733075107254604,-0.0
22230,-4.132769083399647,2.543615615828015,-0.0
22240,-4.1525741894828485,2.513755710628688,-0.0
22250,-4.17216178939925,2.483729377658691,-0.0
22260,-4.191530312456871,2.4535382166428543,-0.0
22270,-4.210678199731405,2.4231838444214504,-0.0
22280,-4.229603904281913,2.3926678948689357,-0.0
22290,-4.24830589136619,2.3619920188096453,-0.0
22300,-4.266782638655699,2.3311578839303926,-0.0
22310,-4.285032636450104,2.30016717469,-0.0
22320,-4.303054387891256,2.269021592225736,-0.0
22330,-4.320846409176677,2.2377228542566696,-0.0
22340,-4.338407229772418,2.2062726949839297,-0.0
22350,-4.355735392625313,2.1746728649878806,-0.0
22360,-4.372829454374488,2.1429251311221913,-0.0
22370,-4.389687985562175,2.1110312764048245,-0.0
22380,-4.406309570843725,2.0789930999059347,-0.0
22390,-4.422692809196747,2.0468124166326636,-0.0
22400,-4.438836314129395,2.014491057410864,-0.0
22410,-4.454738713887694,1.9820308687637338,-0.0
22420,-4.470398651661882,1.9494337127873749,-0.0
22430,-4.485814785791684,1.9167014670232714,-0.0
22440,-4.5009857899705334,1.8838360243277172,-0.0
22450,-4.515910353448623,1.8508392927381723,-0.0
22460,-4.530587181234744,1.8177131953365648,-0.0
22470,-4.545014994296937,1.7844596701095734,-0.0
22480,-4.559192529761783,1.7510806698058499,-0.0
22490,-4.573118541112387,1.7175781617902441,-0.0
22500,-4.586791798384939,1.6839541278950039,-0.0
22510,-4.600211088363862,1.6502105642679934,-0.0
22520,-4.613375214775422,1.6163494812179202,-0.0
22530,-4.626282998479808,1.582372903056595,-0.0
22540,-4.638933277661616,1.548282867938247,-0.0
22550,-4.651324908018675,1.5140814276958965,-0.0
22560,-4.663456762949172,1.4797706476748118,-0.0
22570,-4.675327733737041,1.4453526065630729,-0.0
22580,-4.68693672973553,1.4108293962192426,-0.0
22590,-4.698282678548928,1.3762031214971884,-0.0
22600,-4.70936452621242,1.341475900068067,-0.0
22610,-4.7201812373699505,1.3066498622394827,-0.0
22620,-4.730731795450109,1.271727150771859,-0.0
22630,-4.7410152028399875,1.236709920692042,-0.0
22640,-4.751030481056912,1.2016003391041548,-0.0
22650,-4.760776670918069,1.1664005849977386,-0.0
22660,-4.770252832707903,1.1311128490531954,-0.0
22670,-4.779458046343317,1.0957393334445735,-0.0
22680,-4.788391411536552,1.0602822516397117,-0.0
22690,-4.797052047955779,1.0247438281977825,-0.0
22700,-4.805439095383267,0.989126298564253,-0.0
22710,-4.813551713871169,0.9534319088633085,-0.0
22720,-4.821389083894826,0.9176629156877594,-0.0
22730,-4.828950406503544,0.8818215858864681,-0.0
22740,-4.836234903468844,0.8459101963493345,-0.0
22750,-4.843241817430094,0.809931033789868,-0.0
22760,-4.849970412037497,0.7738863945253843,-0.0
22770,-4.856419972092386,0.7377785842548642,-0.0
22780,-4.862589803684824,0.7016099178345149,-0.0
22790,-4.8684792343283885,0.6653827190510618,-0.0
22800,-4.874087613092184,0.629099320392823,-0.0
22810,-4.879414310729961,0.5927620628185932,-0.0
22820,-4.8844587198063945,0.5563732955243912,-0.0
22830,-4.889220254820379,0.5199353757080988,-0.0
22840,-4.893698352325403,0.4834506683320455,-0.0
22850,-4.897892471046869,0.4469215458835716,-0.0
22860,-4.901802091996405,0.41035038813362174,-0.0
22870,-4.9054267185830795,0.3737395818934083,-0.0
22880,-4.9087658767215085,0.3370915207691923,-0.0
22890,-4.911819114936786,0.30040860491522486,-0.0
22900,-4.914586004466264,0.2636932407849009,-0.0
22910,-4.9170661393580914,0.22694784088016778,-0.0
22920,-4.919259136566507,0.19017482349923884,-0.0
22930,-4.921164636043837,0.15337661248265994,-0.0
22940,-4.922782300829188,0.11655563695777957,-0.0
22950,-4.924111817133808,0.07971433108167195,-0.0
22960,-4.925152894423039,0.04285513378256236,-0.0
22970,-4.925905265494905,0.00598048849980816,-0.0
22980,-4.926368686555222,-0.030907157077514298,-0.0
22990,-4.926542937289311,-0.06780535127336354,-0.0
23000,-4.926427820930162,-0.10471163868877519,-0.0
23010,-4.926023164323145,-0.14162356046713875,-0.0
23020,-4.925328817987161,-0.17853865456065565,-0.0
23030,-4.924344656172229,-0.21545445599792207,-0.0
23040,-4.923070576913526,-0.2523684971525845,-0.0
23050,-4.921506502081796,-0.28927830801300997,-0.0
23060,-4.919652377430166,-0.3261814164529163,-0.0
23070,-4.917508172637303,-0.36307534850290557,-0.0
23080,-4.915073881346934,-0.39995762862284473,-0.0
23090,-4.912349521203681,-0.4368257799750357,-0.0
23100,-4.909335133885195,-0.4736773246981152,-0.0
23110,-4.906030785130623,-0.5105097841816333,-0.0
23120,-4.902436564765309,-0.5473206793412427,-0.0
23130,-4.898552586721799,-0.584107530894449,-0.0
23140,-4.894378989057087,-0.6208678596368582,-0.0
23150,-4.889915933966097,-0.6575991867188619,-0.0
23160,-4.885163607791427,-0.6942990339227071,-0.0
23170,-4.880122221029288,-0.7309649239398809,-0.0
23180,-4.874792008331695,-0.7675943806487628,-0.0
23190,-4.869173228504818,-0.8041849293924686,-0.0
23200,-4.863266164503604,-0.8407340972568449,-0.0
23210,-4.857071123422554,-0.8772394133485377,-0.0
23220,-4.850588436482712,-0.9136984090730829,-0.0
23230,-4.8438184590148445,-0.950108618412956,-0.0
23240,-4.836761570438833,-0.9864675782055237,-0.0
23250,-4.829418174239221,-1.0227728284208266,-0.0
23260,-4.8217886979370155,-1.059021912439151,-0.0
23270,-4.813873593057614,-1.0952123773283053,-0.0
23280,-4.805673335094993,-1.1313417741205631,-0.0
23290,-4.797188423472063,-1.1674076580891957,-0.0
23300,-4.7884193814972535,-1.2034075890245457,-0.0
23310,-4.779366756317295,-1.239339131509567,-0.0
23320,-4.770031118866244,-1.2751998551947894,-0.0
23330,-4.760413063810721,-1.3109873350726289,-0.0
23340,-4.750513209491404,-1.3466991517509983,-0.0
23350,-4.740332197860768,-1.3823328917261455,-0.0
23360,-4.729870694417083,-1.4178861476546742,-0.0
23370,-4.7191293881347125,-1.453356518624676,-0.0
23380,-4.708108991390655,-1.4887416104259095,-0.0
23390,-4.696810239887449,-1.5240390358189924,-0.0
23400,-4.68523389257235,-1.5592464148035172,-0.0
23410,-4.673380731552893,-1.5943613748850571,-0.0
23420,-4.6612515620087605,-1.6293815513409793,-0.0
23430,-4.648847212100074,-1.6643045874850373,-0.0
23440,-4.63616853287205,-1.6991281349306533,-0.0
23450,-4.623216398156096,-1.7338498538528655,-0.0
23460,-4.609991704467334,-1.7684674132488534,-0.0
23470,-4.596495370898592,-1.8029784911970042,-0.0
23480,-4.582728339010877,-1.8373807751144613,-0.0
23490,-4.568691572720389,-1.8716719620130946,-0.0
23500,-4.55438605818203,-1.905849758753839,-0.0
23510,-4.539812803669525,-1.9399118822993535,-0.0
23520,-4.524972839452109,-1.9738560599649329,-0.0
23530,-4.509867217667859,-2.0076800296676396,-0.0
23540,-4.494497012193653,-2.041381540173575,-0.0
23550,-4.478863318511872,-2.074958351343274,-0.0
23560,-4.462967253573742,-2.108408234375129,-0.0
23570,-4.446809955659502,-2.1417289720468324,-0.0
23580,-4.430392584235311,-2.17491835895476,-0.0
23590,-4.413716319806995,-2.207974201751257,-0.0
23600,-4.396782363770651,-2.2408943193797803,-0.0
23610,-4.379591938260128,-2.2736765433078316,-0.0
23620,-4.36214628599146,-2.3063187177576614,-0.0
23630,-4.344446670104248,-2.3388186999346696,-0.0
23640,-4.326494374000068,-2.371174360253479,-0.0
23650,-4.308290701177909,-2.403383582561615,-0.0
23660,-4.289836975066714,-2.435444264360771,-0.0
23670,-4.271134538855026,-2.467354317025582,-0.0
23680,-4.2521847553178445,-2.49911166601991,-0.0
23690,-4.232989006640659,-2.5307142511105534,-0.0
23700,-4.213548694240756,-2.562160026578361,-0.0
23710,-4.193865238585827,-2.593446961426714,-0.0
23720,-4.1739400790099275,-2.6245730395873266,-0.0
23730,-4.153774673526819,-2.655536260123325,-0.0
23740,-4.133370498640745,-2.6863346374295727,-0.0
23750,-4.1127290491547255,-2.71696620143021,-0.0
23760,-4.09185183797633,-2.747428997773351,-0.0
23770,-4.070740395921081,-2.777721088022929,-0.0
23780,-4.049396271513462,-2.8078405498476413,-0.0
23790,-4.027821030785605,-2.8377854772069475,-0.0
23800,-4.006016257073712,-2.8675539805341232,-0.0
23810,-3.983983550812246,-2.897144186916302,-0.0
23820,-3.961724529325972,-2.926554240271502,-0.0
23830,-3.9392408266198484,-2.955782301522584,-0.0
23840,-3.916534093166867,-2.984826548768129,-0.0
23850,-3.8936059956938815,-3.0136851774502067,-0.0
23860,-3.870458216965452,-3.0423564005189925,-0.0
23870,-3.8470924555658,-3.070838448594231,-0.0
23880,-3.8235104256788865,-3.0991295701234978,-0.0
23890,-3.7997138568667035,-3.1272280315372547,-0.0
23900,-3.7757044938457915,-3.1551321174006564,-0.0
23910,-3.751484096262093,-3.1828401305621177,-0.0
23920,-3.7270544384641204,-3.2103503922985706,-0.0
23930,-3.7024173092745754,-3.237661242457447,-0.0
23940,-3.6775745117604077,-3.2647710395953315,-0.0
23950,-3.6525278630014264,-3.2916781611132824,-0.0
23960,-3.627279193857445,-3.3183810033887884,-0.0
23970,-3.6018303487340972,-3.3448779819043626,-0.0
23980,-3.576183185347334,-3.371167531372769,-0.0
23990,-3.550339574486639,-3.3972481058588073,-0.0
24000,-3.524301399777087,-3.423118178897745,-0.0
24010,-3.4980705574402227,-3.448776243610282,-0.0
24020,-3.471648956053858,-3.4742208128140906,-0.0
24030,-3.4450385163108677,-3.4994504191319487,-0.0
24040,-3.418241170776957,-3.5244636150963626,-0.0
24050,-3.3912588636475656,-3.5492589732507867,-0.0
24060,-3.364093550503864,-3.5738350862473456,-0.0
24070,-3.336747198067968,-3.5981905669410956,-0.0
24080,-3.3092217839574,-3.6223240484808152,-0.0
24090,-3.281519296438842,-3.6462341843963118,-0.0
24100,-3.253641734181259,-3.6699196486822383,-0.0
24110,-3.2255911060084532,-3.693379135878462,-0.0
24120,-3.1973694306510576,-3.716611361146898,-0.0
24130,-3.168978736498095,-3.7396150603449154,-0.0
24140,-3.140421061348083,-3.7623889900952086,-0.0
24150,-3.111698452159814,-3.7849319278522326,-0.0
24160,-3.082812964802811,-3.8072426719651538,-0.0
24170,-3.0537666638075276,-3.829320041737308,-0.0
24180,-3.0245616221153604,-3.8511628774822118,-0.0
24190,-2.9951999208285174,-3.872770040576116,-0.0
24200,-2.965683648959801,-3.894140413507101,-0.0
24210,-2.9360149031823464,-3.9152728999207254,-0.0
24220,-2.9061957875793865,-3.9361664246622374,-0.0
24230,-2.8762284133941005,-3.95681993381539,-0.0
24240,-2.846114898779555,-3.977232394737787,-0.0
24250,-2.815857368548854,-3.9974027960928766,-0.0
24260,-2.7854579539255107,-4.017330147878538,-0.0
24270,-2.754918792294088,-4.03701348145228,-0.0
24280,-2.7242420269511847,-4.056451849553093,-0.0
24290,-2.6934298068567992,-4.075644326319948,-0.0
24300,-2.662484286386131,-4.094590007306966,-0.0
24310,-2.6314076250818577,-4.11328800949527,-0.0
24320,-2.600201987406959,-4.131737471301549,-0.0
24330,-2.568869542498107,-4.149937552583328,-0.0
24340,-2.5374124639196975,-4.167887434640998,-0.0
24350,-2.5058329294185624,-4.185586320216601,-0.0
24360,-2.474133120679395,-4.2030334334893835,-0.0
24370,-2.4423152230809677,-4.2202280200681805,-0.0
24380,-2.410381425453154,-4.2371693469806,-0.0
24390,-2.378333919834821,-4.25385670265907,-0.0
24400,-2.3461749012326387,-4.2702893969237605,-0.0
24410,-2.313906567380836,-4.286466760962389,-0.0
24420,-2.2815311185019636,-4.3023881473069645,-0.0
24430,-2.249050757068699,-4.318052929807469,-0.0
24440,-2.216467687566735,-4.333460503602518,-0.0
24450,-2.1837841162588023,-4.348610285087025,-0.0
24460,-2.1510022509498574,-4.363501711876881,-0.0
24470,-2.1181243007534887,-4.378134242770719,-0.0
24480,-2.085152475859565,-4.392507357708733,-0.0
24490,-2.0520889873031893,-4.406620557728641,-0.0
24500,-2.0189360467349746,-4.420473364918782,-0.0
24510,-1.9856958661926836,-4.4340653223683715,-0.0
24520,-1.9523706578742936,-4.447395994115009,-0.0
24530,-1.9189626339124946,-4.460464965089392,-0.0
24540,-1.8854740061506576,-4.473271841057291,-0.0
24550,-1.8519069859203432,-4.485816248558871,-0.0
24560,-1.8182637838203455,-4.498097834845317,-0.0
24570,-1.784546609497324,-4.510116267812842,-0.0
24580,-1.750757671428057,-4.521871235934099,-0.0
24590,-1.7168991767033437,-4.533362448187024,-0.0
24600,-1.6829733308135975,-4.544589633981177,-0.0
24610,-1.6489823374361496,-4.555552543081573,-0.0
24620,-1.6149283982242932,-4.566250945530052,-0.0
24630,-1.5808137125981192,-4.576684631564259,-0.0
24640,-1.5466404775371425,-4.586853411534214,-0.0
24650,-1.512410887374767,-4.596757115816551,-0.0
24660,-1.4781271335946173,-4.6063955947264486,-0.0
24670,-1.4437914046287466,-4.615768718427276,-0.0
24680,-1.4094058856577723,-4.624876376838026,-0.0
24690,-1.3749727584129412,-4.633718479538535,-0.0
24700,-1.340494200980167,-4.642294955672563,-0.0
24710,-1.305972387606047,-4.650605753848727,-0.0
24720,-1.2714094885059004,-4.658650842039387,-0.0
24730,-1.2368076696738353,-4.666430207477469,-0.0
24740,-1.2021690926948674,-4.673943856551291,-0.0
24750,-1.1674959145591253,-4.68119181469742,-0.0
24760,-1.1327902874781397,-4.6881741262916155,-0.0
24770,-1.0980543587032645,-4.694890854537891,-0.0
24780,-1.0632902703462135,-4.701342081355701,-0.0
24790,-1.0285001592017666,-4.707527907265371,-0.0
24800,-0.9936861565726339,-4.713448451271709,-0.0
24810,-0.9588503880965136,-4.7191038507459435,-0.0
24820,-0.923994973575345,-4.7244942613059315,-0.0
24830,-0.8891220268067814,-4.729619856694747,-0.0
24840,-0.8542336554178949,-4.734480828657653,-0.0
24850,-0.8193319607011219,-4.739077386817525,-0.0
24860,-0.7844190374524691,-4.743409758548732,-0.0
24870,-0.7494969738119821,-4.747478188849528,-0.0
24880,-0.7145678511065012,-4.751282940213022,-0.0
24890,-0.6796337436947032,-4.754824292496727,-0.0
24900,-0.6446967188144439,-4.758102542790751,-0.0
24910,-0.6097588364324112,-4.761118005284657,-0.0
24920,-0.5748221490960946,-4.763871011133047,-0.0
24930,-0.5398887017880828,-4.766361908319913,-0.0
24940,-0.5049605317826869,-4.768591061521739,-0.0
24950,-0.4700396685049114,-4.770558851969495,-0.0
24960,-0.43512813339176265,-4.772265677309471,-0.0
24970,-0.40022793975591003,-4.773711951463039,-0.0
24980,-0.36534109265169795,-4.774898104485362,-0.0
24990,-0.3304695887435188,-4.775824582423113,-0.0
25000,-0.2956154161765402,-4.776491847171187,-0.0
25010,-0.26078055444980136,-4.776900376328547,-0.0
25020,-0.2259669742916675,-4.777050663053123,-0.0
25030,-0.19117663753765265,-4.77694321591588,-0.0
25040,-0.1564114970106068,-4.776578558754096,-0.0
25050,-0.12167349640326848,-4.775957230523838,-0.0
25060,-0.08696457016318024,-4.775079785151693,-0.0
25070,-0.05228664337996906,-4.773946791385851,-0.0
25080,-0.01764163167498571,-4.7725588326464665,-0.0
25090,0.01696855890669716,-4.77091650687543,-0.0
25100,0.05154203200193214,-4.769020426385561,-0.0
25110,0.0860769010327934,-4.766871217709219,-0.0
25120,0.12057128930752636,-4.7644695214464345,-0.0
25130,0.1550233301191558,-4.761815992112539,-0.0
25140,0.18943116684175787,-4.75891129798537,-0.0
25150,0.22379295302440172,-4.75575612095206,-0.0
25160,0.25810685248276843,-4.752351156355461,-0.0
25170,0.29237103938845266,-4.74869711284024,-0.0
25180,0.3265836983559557,-4.744794712198657,-0.0
25190,0.360743024527379,-4.740644689216098,-0.0
25200,0.3948472236548241,-4.736247791516365,-0.0
25210,0.42889451218050934,-4.731604779406754,-0.0
25220,0.4628831173146167,-4.726716425723017,-0.0
25230,0.4968112771108711,-4.721583515674135,-0.0
25240,0.5306772405398696,-4.716206846687027,-0.0
25250,0.5644792675601674,-4.710587228251178,-0.0
25260,0.5982156291871344,-4.704725481763249,-0.0
25270,0.6318846075595944,-4.6986224403716665,-0.0
25280,0.6654844960042552,-4.692278948821255,-0.0
25290,0.6990135990979481,-4.685695863297918,-0.0
25300,0.7324702327276846,-4.678874051273409,-0.0
25310,0.7658527241485479,-4.671814391350238,-0.0
25320,0.7991594120394315,-4.664517773106714,-0.0
25330,0.8323886465566374,-4.656985096942162,-0.0
25340,0.8655387893853521,-4.6492172739223685,-0.0
25350,0.8986082137890128,-4.641215225625248,-0.0
25360,0.9315953046565778,-4.63297988398677,-0.0
25370,0.9644984585477224,-4.624512191147187,-0.0
25380,0.9973160837359727,-4.615813099297602,-0.0
25390,1.030046600249785,-4.606883570526825,-0.0
25400,1.0626884399116119,-4.597724576668676,-0.0
25410,1.0952400463749405,-4.588337099149623,-0.0
25420,1.1276998751593452,-4.578722128836885,-0.0
25430,1.1600663936835613,-4.568880665886976,-0.0
25440,1.1923380812965942,-4.558813719594703,-0.0
25450,1.224513429306894,-4.548522308242693,-0.0
25460,1.256590941009603,-4.538007458951423,-0.0
25470,1.288569131711898,-4.527270207529802,-0.0
25480,1.32044652875645,-4.516311598326327,-0.0
25490,1.352221671543014,-4.505132684080827,-0.0
25500,1.38389311154817,-4.493734525776806,-0.0
25510,1.41545941234324,-4.482118192494449,-0.0
25520,1.4469191496103952,-4.470284761264271,-0.0
25530,1.4782709111569743,-4.458235316921444,-0.0
25540,1.5095132969280296,-4.445970951960819,-0.0
25550,1.5406449190171314,-4.433492766392674,-0.0
25560,1.571664401675442,-4.4208018675992005,-0.0
25570,1.6025703813190781,-4.407899370191735,-0.0
25580,1.6333615065347924,-4.394786395868778,-0.0
25590,1.6640364380839887,-4.381464073274807,-0.0
25600,1.6945938489050871,-4.367933537859893,-0.0
25610,1.7250324241142723,-4.354195931740157,-0.0
25620,1.7553508610046327,-4.340252403559052,-0.0
25630,1.785547869043728,-4.32610410834955,-0.0
25640,1.8156221698695862,-4.311752207397153,-0.0
25650,1.845572497285168,-4.297197868103839,-0.0
25660,1.8753975972513175,-4.282442263852912,-0.0
25670,1.9050962278782144,-4.267486573874758,-0.0
25680,1.9346671594153477,-4.252331983113555,-0.0
25690,1.9641091742400574,-4.236979682094942,-0.0
25700,1.993421066844622,-4.221430866794639,-0.0
25710,2.0226016438219605,-4.205686738508064,-0.0
25720,2.051649723849935,-4.189748503720921,-0.0
25730,2.080564137674297,-4.1736173739808144,-0.0
25740,2.1093437280902907,-4.157294565769877,-0.0
25750,2.137987349922943,-4.140781300378417,-0.0
25760,2.1664938700060454,-4.1240788037796134,-0.0
25770,2.1948621671598714,-4.107188306505254,-0.0
25780,2.223091132167637,-4.090111043522551,-0.0
25790,2.251179667750735,-4.072848254112012,-0.0
25800,2.2791266885427572,-4.0554011817463955,-0.0
25810,2.30693112106233,-4.037771073970766,-0.0
25820,2.334591903684792,-4.0199591822836345,-0.0
25830,2.3621079866127235,-4.001966762019213,-0.0
25840,2.389478331845363,-3.9837950722307958,-0.0
25850,2.416701913146919,-3.9654453755752352,-0.0
25860,2.4437777160138126,-3.9469189381985808,-0.0
25870,2.4707047376408604,-3.928217029622837,-0.0
25880,2.497481986886436,-3.9093409226338705,-0.0
25890,2.5241084842366046,-3.890291893170461,-0.0
25900,2.5505832617682938,-3.8710712202145348,-0.0
25910,2.5769053631114707,-3.851680185682519,-0.0
25920,2.603073843410397,-3.8321200743178996,-0.0
25930,2.629087769283947,-3.8123921735849353,-0.0
25940,2.654946218785032,-3.792497773563548,-0.0
25950,2.680648281359142,-3.772438166845406,-0.0
25960,2.706193057802024,-3.752214648431174,-0.0
25970,2.7315796602165334,-3.7318285156289757,-0.0
25980,2.756807211968658,-3.7112810679540225,-0.0
25990,2.7818748476427517,-3.690573607029458,-0.0
26000,2.8067817129959955,-3.6697074364883924,-0.0
26010,2.8315269649120967,-3.648683861877127,-0.0
26020,2.8561097713542725,-3.627504190559611,-0.0
26030,2.8805293113174946,-3.606169731623057,-0.0
26040,2.904784774780072,-3.5846817957848125,-0.0
26050,2.928875362654536,-3.5630416953003885,-0.0
26060,2.952800286737892,-3.541250743872736,-0.0
26070,2.9765587696612283,-3.519310256562702,-0.0
26080,3.0001500448387284,-3.4972215497007184,-0.0
26090,3.0235733564160685,-3.474985940799668,-0.0
26100,3.046827959218271,-3.4526047484689952,-0.0
26110,3.0699131186969812,-3.43007929232999,-0.0
26120,3.0928281108772318,-3.407410892932306,-0.0
26130,3.1155722223036766,-3.384600871671663,-0.0
26140,3.138144749986343,-3.3616505507087724,-0.0
26150,3.1605450013459038,-3.3385612528894475,-0.0
26160,3.182772294158485,-3.3153343016659274,-0.0
26170,3.2048259565000587,-3.291971021019403,-0.0
26180,3.2267053266903862,-3.2684727353837224,-0.0
26190,3.248409753236583,-3.2448407695703096,-0.0
26200,3.2699385947762933,-3.2210764486942653,-0.0
26210,3.2912912200205042,-3.1971810981016637,-0.0
26220,3.312467007695995,-3.1731560432980164,-0.0
26230,3.333465346487486,-3.1490026098779467,-0.0
26240,3.3542856349794548,-3.124722123456024,-0.0
26250,3.3749272815976656,-3.100315909598774,-0.0
26260,3.3953897045504133,-3.0757852937578636,-0.0
26270,3.4156723317695326,-3.0511316012044647,-0.0
26280,3.435774600851122,-3.026356156964748,-0.0
26290,3.455695958996086,-3.0014602857565746,-0.0
26300,3.4754358629504356,-2.9764453119273124,-0.0
26310,3.4949937789454064,-2.9513125593928122,-0.0
26320,3.5143691826374077,-2.9260633515775276,-0.0
26330,3.533561559047788,-2.9006990113557665,-0.0
26340,3.552570402502479,-2.8752208609940846,-0.0
26350,3.571395216571499,-2.8496302220948,-0.0
26360,3.5900355140083273,-2.8239284155406246,-0.0
26370,3.608490816689215,-2.798116761440426,-0.0
26380,3.6267606555523724,-2.7721965790760814,-0.0
26390,3.6448445705371073,-2.746169186850442,-0.0
26400,3.6627421105229185,-2.7200359022364067,-0.0
26410,3.680452833268517,-2.6937980417270557,-0.0
26420,3.6979763053508616,-2.6674569207869046,-0.0
26430,3.7153121021041433,-2.641013853804203,-0.0
26440,3.732459807558804,-2.614470154044322,-0.0
26450,3.749419014380556,-2.587827133604205,-0.0
26460,3.766189323809432,-2.5610861033678596,-0.0
26470,3.782770345598874,-2.534248372962909,-0.0
26480,3.7991616979549088,-2.5073152507181953,-0.0
26490,3.815363007475336,-2.4802880436223846,-0.0
26500,3.831373909089061,-2.4531680572836327,-0.0
26510,3.8471940459954834,-2.425956595890248,-0.0
26520,3.862823069604001,-2.3986549621723685,-0.0
26530,3.8782606394736465,-2.37126445736465,-0.0
26540,3.893506423252839,-2.3437863811699335,-0.0
26550,3.9085600966193,-2.316222031723918,-0.0
26560,3.9234213432201046,-2.2885727055607914,-0.0
26570,3.9380898546119094,-2.2608396975798453,-0.0
26580,3.952565330201378,-2.2330243010130495,-0.0
26590,3.9668474771857603,-2.205127807393571,-0.0
26600,3.9809360104937084,-2.1771515065252496,-0.0
26610,3.994830652726281,-2.149096686452995,-0.0
26620,4.008531134098184,-2.1209646334341254,-0.0
26630,4.022037192379249,-2.0927566319106155,-0.0
26640,4.035348572836143,-2.064473964482259,-0.0
26650,4.048465028174341,-2.0361179118807207,-0.0
26660,4.061386318480364,-2.0076897529444984,-0.0
26670,4.074112211164292,-1.9791907645947524,-0.0
26680,4.086642480902558,-1.9506222218120122,-0.0
26690,4.098976909581035,-1.9219853976137515,-0.0
26700,4.111115286238436,-1.8932815630328153,-0.0
26710,4.123057407010021,-1.8645119870966897,-0.0
26720,4.13480307507162,-1.8356779368076175,-0.0
26730,4.146352100583995,-1.8067806771235277,-0.0
26740,4.15770430063754,-1.7778214709397968,-0.0
26750,4.16885949919733,-1.7488015790718097,-0.0
26760,4.179817527048522,-1.7197222602383209,-0.0
26770,4.190578221742126,-1.690584771045608,-0.0
26780,4.201141427541138,-1.6613903659723976,-0.0
26790,4.211506995367083,-1.6321402973555792,-0.0
26800,4.221674782746899,-1.6028358153766527,-0.0
26810,4.231644653760264,-1.5734781680489531,-0.0
26820,4.241416478987306,-1.544068601205602,-0.0
26830,4.250990135456714,-1.5146083584881935,-0.0
26840,4.260365506594285,-1.4850986813362033,-0.0
26850,4.269542482171896,-1.4555408089771118,-0.0
26860,4.278520958256894,-1.4259359784172292,-0.0
26870,4.287300837161928,-1.3962854244332057,-0.0
26880,4.295882027395251,-1.3665903795642382,-0.0
26890,4.304264443611427,-1.3368520741049397,-0.0
26900,4.312448006562543,-1.3070717360988768,-0.0
26910,4.320432643049868,-1.277250591332763,-0.0
26920,4.328218285875958,-1.2473898633312848,-0.0
26930,4.3358048737972785,-1.217490773352577,-0.0
26940,4.343192351477284,-1.1875545403843122,-0.0
26950,4.350380669439986,-1.157582381140406,-0.0
26960,4.357369784024019,-1.1275755100583305,-0.0
26970,4.364159657337211,-1.0975351392970172,-0.0
26980,4.370750257211641,-1.067462478735349,-0.0
26990,4.3771415571592085,-1.0373587359712226,-0.0
27000,4.383333536327745,-1.007225116321184,-0.0
27010,4.389326179457594,-0.9770628228206073,-0.0
27020,4.39511947683875,-0.9468730562244289,-0.0
27030,4.400713424268518,-0.9166570150084131,-0.0
27040,4.406108023009688,-0.8864158953709427,-0.0
27050,4.411303279749281,-0.8561508912353302,-0.0
27060,4.416299206557785,-0.8258631942526254,-0.0
27070,4.421095820848979,-0.7955539938049299,-0.0
27080,4.425693145340284,-0.7652244770091908,-0.0
27090,4.430091208013669,-0.7348758287214758,-0.0
27100,4.434290042077113,-0.7045092315417092,-0.0
27110,4.438289685926626,-0.6741258658188717,-0.0
27120,4.4420901831088235,-0.643726909656641,-0.0
27130,4.445691582284093,-0.6133135389194762,-0.0
27140,4.4490939371902956,-0.5828869272391249,-0.0
27150,4.452297306607059,-0.5524482460215511,-0.0
27160,4.455301754320638,-0.5219986644542691,-0.0
27170,4.458107349089366,-0.49153934951408057,-0.0
27180,4.46071416460967,-0.46107146597519566,-0.0
27190,4.463122279482665,-0.4305961764177352,-0.0
27200,4.465331777181367,-0.4001146412366053,-0.0
27210,4.467342746018446,-0.369628018650727,-0.0
27220,4.46915527911462,-0.3391374647126219,-0.0
27230,4.470769474367583,-0.3086441333183333,-0.0
27240,4.4721854344216,-0.2781491762176844,-0.0
27250,4.473403266637621,-0.24765374302485346,-0.0
27260,4.474423083064054,-0.21715898122926422,-0.0
27270,4.475245000408115,-0.1866660362067784,-0.0
27280,4.475869140007768,-0.1561760512311815,-0.0
27290,4.476295627804292,-0.12569016748595233,-0.0
27300,4.476524594315439,-0.09520952407630807,-0.0
27310,4.476556174609192,-0.06473525804151313,-0.0
27320,4.476390508278169,-0.034268504367445156,-0.0
27330,4.47602773941457,-0.003810395999406173,-0.0
27340,4.475468016585798,0.02663793614482817,-0.0
27350,4.474711492810659,0.05707536316173213,-0.0
27360,4.4737583255361795,0.08750075814853472,-0.0
27370,4.472608676615033,0.11791299618951531,-0.0
27380,4.471262712283592,0.14831095434209923,-0.0
27390,4.46972060314059,0.17869351162276267,-0.0
27400,4.467982524126385,0.20905954899275564,-0.0
27410,4.4660486545028615,0.23940794934365284,-0.0
27420,4.4639191778339296,0.26973759748274073,-0.0
27430,4.461594281966658,0.3000473801182513,-0.0
27440,4.459074159012996,0.3303361858444489,-0.0
27450,4.456359005332148,0.3606029051265833,-0.0
27460,4.453449021513544,0.390846430285714,-0.0
27470,4.450344412360413,0.42106565548341635,-0.0
27480,4.4470453868740165,0.4512594767063805,-0.0
27490,4.443552158238449,0.4814267917509082,-0.0
27500,4.439864943806099,0.511566500207319,-0.0
27510,4.435983965083683,0.5416775034442745,-0.0
27520,4.431909447718936,0.5717587045930288,-0.0
27530,4.4276416214878935,0.6018090085316156,-0.0
27540,4.423180720282794,0.6318273218689774,-0.0
27550,4.418526982100587,0.6618125529290482,-0.0
27560,4.41368064903208,0.6917636117348016,-0.0
27570,4.408641967251667,0.7216794099922641,-0.0
27580,4.403411187007682,0.7515588610745106,-0.0
27590,4.397988562613378,0.7814008800056489,-0.0
27600,4.392374352438487,0.8112043834447984,-0.0
27610,4.386568818901409,0.8409682896700758,-0.0
27620,4.380572228462011,0.8706915185625953,-0.0
27630,4.374384851615003,0.9003729915904869,-0.0
27640,4.368006962883968,0.9300116317929558,-0.0
27650,4.36143884081595,0.9596063637643678,-0.0
27660,4.354680767976662,0.9891561136383947,-0.0
27670,4.34773303094631,1.0186598090722125,-0.0
27680,4.3405959203159865,1.0481163792307608,-0.0
27690,4.333269730684682,1.0775247547710822,-0.0
27700,4.325754760656889,1.1068838678267405,-0.0
27710,4.318051312840788,1.1361926519923276,-0.0
27720,4.3101596938470506,1.1654500423080758,-0.0
27730,4.302080214288201,1.1946549752445692,-0.0
27740,4.293813188778593,1.223806388687577,-0.0
27750,4.285358935934959,1.2529032219230078,-0.0
27760,4.276717778377537,1.2819444156219948,-0.0
27770,4.267890042731806,1.3109289118261278,-0.0
27780,4.2588760596307615,1.339855653932824,-0.0
27790,4.249676163717801,1.3687235866808627,-0.0
27800,4.2402906936501745,1.397531656136088,-0.0
27810,4.230719992102993,1.4262788096772734,-0.0
27820,4.220964405773833,1.4549639959821816,-0.0
27830,4.211024285387869,1.4835861650137971,-0.0
27840,4.200899985703624,1.5121442680067796,-0.0
27850,4.190591865519227,1.5406372574540996,-0.0
27860,4.180100287679265,1.569064087093903,-0.0
27870,4.16942561908217,1.5974237118965902,-0.0
27880,4.158568230688171,1.6257150880521278,-0.0
27890,4.147528497527798,1.6539371729576031,-0.0
27900,4.1363067987109075,1.6820889252050095,-0.0
27910,4.124903517436286,1.710169304569303,-0.0
27920,4.113319041001771,1.738177271996714,-0.0
27930,4.101553760814904,1.7661117895933183,-0.0
27940,4.089608072404147,1.7939718206139073,-0.0
27950,4.077482375430578,1.8217563294511168,-0.0
27960,4.0651770737001724,1.8494642816248774,-0.0
27970,4.052692575176552,1.877094643772142,-0.0
27980,4.040029291994294,1.9046463836369354,-0.0
27990,4.027187640472725,1.9321184700607168,-0.0
28000,4.0141680411302465,1.9595098729730658,-0.0
28010,4.00097091869915,1.9868195633826993,-0.0
28020,3.98759670214096,2.0140465133688368,-0.0
28030,3.9740458246622405,2.041189696072896,-0.0
28040,3.960318723730932,2.068248085690562,-0.0
28050,3.946415841093157,2.095220657464209,-0.0
28060,3.932337622790512,2.1221063876756916,-0.0
28070,3.918084519177858,2.1489042536395178,-0.0
28080,3.9036569849415708,2.1756132336964074,-0.0
28090,3.889055479118268,2.2022323072072387,-0.0
28100,3.874280465114016,2.228760454547403,-0.0
28110,3.859332410723982,2.2551966571015596,-0.0
28120,3.844211788152561,2.2815398972588117,-0.0
28130,3.828919074033947,2.3077891584083003,-0.0
28140,3.8134547494531588,2.333943424935235,-0.0
28150,3.7978192999675002,2.360001682217353,-0.0
28160,3.7820132156284783,2.385962916621834,-0.0
28170,3.7660369910041336,2.4118261155026572,-0.0
28180,3.7498911252018154,2.437590267198426,-0.0
28190,3.733576121891368,2.4632543610306525,-0.0
28200,3.717092489328742,2.4888173873025217,-0.0
28210,3.7004407403800266,2.514278337298138,-0.0
28220,3.68362139254586,2.5396362032822477,-0.0
28230,3.666634967986279,2.5648899785004797,-0.0
28240,3.6494819935459284,2.5900386571800635,-0.0
28250,3.6321630007796935,2.6150812345310803,-0.0
28260,3.6146785259786802,2.6400167067482103,-0.0
28270,3.5970291101966096,2.664844071013023,-0.0
28280,3.5792152992765525,2.6895623254967833,-0.0
28290,3.561237643878053,2.7141704693638027,-0.0
28300,3.543096699504601,2.7386675027753404,-0.0
28310,3.524793026531454,2.7630524268940437,-0.0
28320,3.5063271902338107,2.787324243888953,-0.0
28330,3.4876997608153326,2.8114819569410834,-0.0
28340,3.4689113134369753,2.835524570249554,-0.0
28350,3.449962428246178,2.859451089038324,-0.0
28360,3.430853690406343,2.8832605195634904,-0.0
28370,3.4115856901266546,2.9069518691212006,-0.0
28380,3.3921590226921747,2.930524146056136,-0.0
28390,3.3725742884942727,2.953976359770639,-0.0
28400,3.352832093061318,2.977307520734414,-0.0
28410,3.332933047089671,3.0005166404948755,-0.0
28420,3.3128777664749425,3.0236027316881016,-0.0
28430,3.2926668723435424,3.046564808050439,-0.0
28440,3.2723009910844616,3.0694018844307234,-0.0
28450,3.2517807543813397,3.092112976803171,-0.0
28460,3.2311067992447473,3.114697102280888,-0.0
28470,3.21027976804474,3.1371532791300707,-0.0
28480,3.189300308543621,3.15948052678485,-0.0
28490,3.1681690739289334,3.1816778658628015,-0.0
28500,3.1468867228466717,3.20374431818115,-0.0
28510,3.125453919434692,3.225678906773629,-0.0
28520,3.1038713333563335,3.2474806559080585,-0.0
28530,3.0821396398342173,3.269148591104592,-0.0
28540,3.0602595196842253,3.2906817391546643,-0.0
28550,3.0382316593496768,3.3120791281406685,-0.0
28560,3.0160567509356366,3.3333397874563127,-0.0
28570,2.9937354922433927,3.354462747827707,-0.0
28580,2.971268586805088,3.37544704133518,-0.0
28590,2.948656743918487,3.3962917014358145,-0.0
28600,2.925900678681854,3.4169957629867134,-0.0
28610,2.903001112028968,3.4375582622690084,-0.0
28620,2.879958770764247,3.457978237012618,-0.0
28630,2.856774387597965,3.4782547264217496,-0.0
28640,2.833448701181561,3.4983867712011483,-0.0
28650,2.809982456143031,3.518373413583124,-0.0
28660,2.7863764031223948,3.538213697355326,-0.0
28670,2.762631298807217,3.5579066678892963,-0.0
28680,2.7387479059681823,3.5774513721697936,-0.0
28690,2.714726993494715,3.5968468588249003,-0.0
28700,2.690569336430629,3.616092178156916,-0.0
28710,2.666275716009794,3.6351863821740285,-0.0
28720,2.641846919691812,3.6541285246227906,-0.0
28730,2.617283741197705,3.6729176610213887,-0.0
28740,2.5925869805455735,3.6915528486937133,-0.0
28750,2.5677574440862574,3.7100331468042516,-0.0
28760,2.5427959445389314,3.7283576163937533,-0.0
28770,2.5177033010266947,3.7465253204157603,-0.0
28780,2.4924803391120736,3.764535323773916,-0.0
28790,2.46712789083248,3.782386693360119,-0.0
28800,2.4416467947355844,3.800078498093496,-0.0
28810,2.416037895914602,3.8176098089602135,-0.0
28820,2.3903020460434696,3.8349796990540996,-0.0
28830,2.364440103411934,3.852187243618142,-0.0
28840,2.3384529329604886,3.8692315200867906,-0.0
28850,2.312341406315202,3.88611160812913,-0.0
28860,2.286106401822375,3.9028265896928853,-0.0
28870,2.2597488045830567,3.919375549049282,-0.0
28880,2.233269506487378,3.9357575728387584,-0.0
28890,2.2066694062487104,3.9519717501175453,-0.0
28900,2.1799494094376204,3.968017172405083,-0.0
28910,2.153110428515618,3.983892933732318,-0.0
28920,2.126153382868691,3.9995981306908663,-0.0
28930,2.0990791988405952,4.015131862483021,-0.0
28940,2.0718888097659014,4.030493230972652,-0.0
28950,2.044583156002783,4.045681340736954,-0.0
28960,2.0171631849655385,4.060695299119104,-0.0
28970,1.9896298511568136,4.075534216281738,-0.0
28980,1.961984116199532,4.090197205261351,-0.0
28990,1.93422694886852,4.104683382023557,-0.0
29000,1.9063593251217923,4.118991865519218,-0.0
29010,1.8783822281315075,4.1331217777414695,-0.0
29020,1.8502966483145693,4.147072243783615,-0.0
29030,1.8221035833628592,4.160842391897909,-0.0
29040,1.793804038273086,4.174431353555213,-0.0
29050,1.7653990253762484,4.1878382635055456,-0.0
29060,1.7368895643666786,4.201062259839502,-0.0
29070,1.7082766823306765,4.21410248405058,-0.0
29080,1.6795614137746897,4.226958081098347,-0.0
29090,1.6507448006530625,4.239628199472552,-0.0
29100,1.6218278923952971,4.252111991258049,-0.0
29110,1.592811745932854,4.2644086122006595,-0.0
29120,1.5636974257254466,4.276517221773894,-0.0
29130,1.5344860037868244,4.288436983246538,-0.0
29140,1.505178559710048,4.3001670637511635,-0.0
29150,1.4757761806922,4.31170663435346,-0.0
29160,1.4462799615585626,4.323054870122487,-0.0
29170,1.416691004786219,4.33421095020179,-0.0
29180,1.387010420527065,4.345174057881369,-0.0
29190,1.3572393266302318,4.355943380670555,-0.0
29200,1.3273788486638842,4.3665181103717154,-0.0
29210,1.2974301199363982,4.376897443154867,-0.0
29220,1.2673942815168826,4.387080579633109,-0.0
29230,1.2372724822550485,4.39706672493895,-0.0
29240,1.207065878800401,4.406855088801489,-0.0
29250,1.1767756356207342,4.416444885624428,-0.0
29260,1.1464029250199221,4.425835334564963,-0.0
29270,1.1159489271549872,4.435025659613493,-0.0
29280,1.085414830052427,4.444015089674212,-0.0
29290,1.0548018296237869,4.452802858646494,-0.0
29300,1.0241111296804655,4.461388205507149,-0.0
29310,0.9933439419477265,4.4697703743934944,-0.0
29320,0.9625014860779106,4.47794861468723,-0.0
29330,0.9315849896628319,4.485922181099172,-0.0
29340,0.900595688245338,4.493690333754789,-0.0
29350,0.8695348253300145,4.501252338280518,-0.0
29360,0.8384036523930275,4.508607465890911,-0.0
29370,0.8072034288910827,4.51575499347658,-0.0
29380,0.7759354222694806,4.522694203692904,-0.0
29390,0.7446009079692636,4.52942438504956,-0.0
29400,0.7132011694334229,4.5359448320007925,-0.0
29410,0.6817374981121614,4.542254845036459,-0.0
29420,0.6502111934671949,4.548353730773869,-0.0
29430,0.6186235629750667,4.554240802050333,-0.0
29440,0.5869759221294678,4.559915378016476,-0.0
29450,0.5552695944425465,4.565376784230304,-0.0
29460,0.5235059114451827,4.570624352751961,-0.0
29470,0.49168621268622265,4.575657422239254,-0.0
29480,0.4598118457306453,4.58047533804384,-0.0
29490,0.4278841661566558,4.585077452308154,-0.0
29500,0.39590453755167915,4.589463124062998,-0.0
29510,0.3638743315072474,4.593631719325843,-0.0
29520,0.33179492761275725,4.597582611199767,-0.0
29530,0.29966771344808457,4.601315179973093,-0.0
29540,0.2674940845750387,4.604828813219629,-0.0
29550,0.23527544452764404,4.608122905899602,-0.0
29560,0.20301320480122598,4.611196860461166,-0.0
29570,0.17070878484029267,4.614050086942566,-0.0
29580,0.1383636120251913,4.616682003074894,-0.0
29590,0.10597912165752461,4.619092034385415,-0.0
29600,0.0735567569443136,4.621279614301506,-0.0
29610,0.041097968980887155,4.623244184255129,-0.0
29620,0.008604216732486628,4.624985193787888,-0.0
29630,-0.023923032985433416,4.62650210065659,-0.0
29640,-0.05648230552822175,4.627794370939363,-0.0
29650,-0.08907211844438065,4.628861479142258,-0.0
29660,-0.12169098149926506,4.629702908306371,-0.0
29670,-0.15433739670014546,4.630318150115427,-0.0
29680,-0.18700985832265035,4.630706705003838,-0.0
29690,-0.21970685293860262,4.630868082265216,-0.0
29700,-0.2524268594452658,4.630801800161321,-0.0
29710,-0.2851683490960128,4.630507386031406,-0.0
29720,-0.3179297855324351,4.629984376401999,-0.0
29730,-0.3507096248179045,4.629232317097054,-0.0
29740,-0.38350631547260083,4.628250763348457,-0.0
29750,-0.41631829851002455,4.62703927990691,-0.0
29760,-0.4491440074750027,4.625597441153129,-0.0
29770,-0.4819818684832051,4.623924831209365,-0.0
29780,-0.5148303002621869,4.622021044051232,-0.0
29790,-0.547687714193963,4.619885683619786,-0.0
29800,-0.5805525143591392,4.617518363933894,-0.0
29810,-0.6134230975826024,4.614918709202828,-0.0
29820,-0.6462978534807904,4.612086353939084,-0.0
29830,-0.6791751645105514,4.609020943071397,-0.0
29840,-0.7120534060196028,4.605722132057936,-0.0
29850,-0.7449309462986116,4.602189586999688,-0.0
29860,-0.7778061466348936,4.598422984753921,-0.0
29870,-0.8106773613677567,4.594422013047823,-0.0
29880,-0.8435429379454984,4.590186370592229,-0.0
29890,-0.8764012169840527,4.585715767195368,-0.0
29900,-0.9092505323273296,4.58100992387675,-0.0
29910,-0.9420892111092197,4.576068572981002,-0.0
29920,-0.9749155738173109,4.570891458291771,-0.0
29930,-1.0077279343582997,4.565478335145575,-0.0
29940,-1.0405246001251232,4.559828970545625,-0.0
29950,-1.07330387206582,4.553943143275603,-0.0
29960,-1.1060640447541192,4.547820644013321,-0.0
29970,-1.1388034064617831,4.541461275444288,-0.0
29980,-1.1715202392326984,4.534864852375146,-0.0
29990,-1.2042128189587347,4.52803120184694,-0.0
30000,-1.2368794154573688,4.520960163248189,-0.0
30010,-1.2695182925510944,4.513651588427769,-0.0
30020,-1.3021277081486193,4.506105341807551,-0.0
30030,-1.3347059143278497,4.49832130049476,-0.0
30040,-1.367251157420688,4.490299354394082,-0.0
30050,-1.399761678099631,4.4820394063194176,-0.0
30060,-1.4322357114661843,4.473541372105307,-0.0
30070,-1.4646714871411035,4.464805180717998,-0.0
30080,-1.4970672293564564,4.455830774366106,-0.0
30090,-1.5294211570495206,4.446618108610846,-0.0
30100,-1.5617314839585184,4.437167152475819,-0.0
30110,-1.5939964187201892,4.427477888556317,-0.0
30120,-1.6262141649692166,4.417550313128124,-0.0
30130,-1.658382921439496,4.407384436255765,-0.0
30140,-1.6905008820672587,4.396980281900204,-0.0
30150,-1.7225662360960539,4.3863378880259445,-0.0
30160,-1.754577168183588,4.3754573067074976,-0.0
30170,-1.7865318585104233,4.364338604235212,-0.0
30180,-1.818428482890531,4.352981861220387,-0.0
30190,-1.8502652128837271,4.3413871726997195,-0.0
30200,-1.8820402159099523,4.329554648238969,-0.0
30210,-1.9137516553654266,4.317484412035868,-0.0
30220,-1.9453976907406585,4.305176603022211,-0.0
30230,-1.9769764777403325,4.2926313749651355,-0.0
30240,-2.0084861684050415,4.279848896567511,-0.0
30250,-2.0399249112348867,4.266829351567431,-0.0
30260,-2.0712908513149433,4.253572938836811,-0.0
30270,-2.1025821304425634,4.2400798724789786,-0.0
30280,-2.133796887256548,4.226350381925304,-0.0
30290,-2.164933257368156,4.212384712030802,-0.0
30300,-2.1959893734939677,4.198183123168669,-0.0
30310,-2.226963365590575,4.1837458913237535,-0.0
30320,-2.2578533609911178,4.16907330818488,-0.0
30330,-2.288657484543642,4.154165681236056,-0.0
30340,-2.319373858751276,4.139023333846453,-0.0
30350,-2.3500006039142383,4.1236466053592284,-0.0
30360,-2.3805358382736315,4.108035851179043,-0.0
30370,-2.4109776781570504,4.092191442858339,-0.0
30380,-2.4413242381259788,4.076113768182285,-0.0
30390,-2.4715736311249663,4.059803231252389,-0.0
30400,-2.501723968632573,4.043260252568712,-0.0
30410,-2.5317733608140873,4.026485269110705,-0.0
30420,-2.5617199166759885,4.009478734416574,-0.0
30430,-2.5915617442221452,3.9922411186611777,-0.0
30440,-2.6212969506117525,3.9747729087324277,-0.0
30450,-2.6509236423189693,3.9570746083061255,-0.0
30460,-2.680439925294277,3.939146737919258,-0.0
30470,-2.709843905127509,3.920989835041654,-0.0
30480,-2.7391336872125622,3.90260445414602,-0.0
30490,-2.7683073769137705,3.883991166776305,-0.0
30500,-2.79736307973391,3.8651505616143504,-0.0
30510,-2.826298901483845,3.846083244544816,-0.0
30520,-2.855112948453778,3.826789838718334,-0.0
30530,-2.883803327586093,3.8072709846128605,-0.0
30540,-2.9123681466497673,3.7875273400931846,-0.0
30550,-2.9408055144163567,3.767559580468599,-0.0
30560,-2.969113540837495,3.747368398548641,-0.0
30570,-2.9972903372239332,3.7269545046969395,-0.0
30580,-3.025334016426059,3.7063186268830712,-0.0
30590,-3.0532426930158967,3.685461510732441,-0.0
30600,-3.08101448347056,3.6643839195741394,-0.0
30610,-3.108647506357144,3.6430866344867483,-0.0
30620,-3.1361398825190134,3.6215704543420566,-0.0
30630,-3.1634897352634765,3.5998361958466525,-0.0
30640,-3.1906951905508314,3.577884693581398,-0.0
30650,-3.2177543771847406,3.5557168000387054,-0.0
30660,-3.2446654270038997,3.533333385657599,-0.0
30670,-3.2714264750750273,3.5107353388565823,-0.0
30680,-3.2980356598870744,3.4879235660641976,-0.0
30690,-3.3244911235466783,3.464898991747314,-0.0
30700,-3.3507910119748243,3.441662558437086,-0.0
30710,-3.3769334751046745,3.418215226752574,-0.0
30720,-3.4029166670805377,3.394557975421971,-0.0
30730,-3.428738746457958,3.3706918013014273,-0.0
30740,-3.4543978764048786,3.3466177193914417,-0.0
30750,-3.4798922249038817,3.3223367628508074,-0.0
30760,-3.5052199649554123,3.2978499830080352,-0.0
30770,-3.5303792747820215,3.273158449370299,-0.0
30780,-3.55536833803356,3.2482632496298254,-0.0
30790,-3.58018534399327,3.22316548966771,-0.0
30800,-3.6048284877848045,3.1978662935551685,-0.0
30810,-3.6292959705800762,3.172366803552151,-0.0
30820,-3.6535859998079205,3.1466681801033247,-0.0
30830,-3.6776967893635533,3.120771601831396,-0.0
30840,-3.7016265598187843,3.094678265527754,-0.0
30850,-3.7253735386329145,3.068389386140394,-0.0
30860,-3.748935960364323,3.041906196759114,-0.0
30870,-3.772312066882695,3.01522994859797,-0.0
30880,-3.795500107581824,2.9883619109749504,-0.0
30890,-3.8184983395929897,2.961303371288849,-0.0
30900,-3.8413050279988488,2.934055634993352,-0.0
30910,-3.863918446047802,2.906620025568267,-0.0
30920,-3.8863368753687935,2.8789978844879105,-0.0
30930,-3.908558606186516,2.8511905711866294,-0.0
30940,-3.930581937536964,2.8231994630214374,-0.0
30950,-3.9524051774833007,2.7950259552317376,-0.0
30960,-3.974026643331995,2.7666714608961405,-0.0
30970,-3.9954446618491843,2.738137410886332,-0.0
30980,-4.016657569477233,2.70942525381801,-0.0
30990,-4.0376637125514065,2.6805364559988383,-0.0
31000,-4.058461447516663,2.651472501373428,-0.0
31010,-4.0790491411444965,2.6222348914653475,-0.0
31020,-4.099425170749761,2.5928251453160938,-0.0
31030,-4.119587924407486,2.563244799421081,-0.0
31040,-4.139535801169591,2.5334954076625946,-0.0
31050,-4.1592672112814695,2.503578541239703,-0.0
31060,-4.178780576398401,2.473495788595136,-0.0
31070,-4.198074329801729,2.443248755339106,-0.0
31080,-4.217146916614778,2.41283906417007,-0.0
31090,-4.235996794018443,2.382268354792424,-0.0
31100,-4.254622431466412,2.351538283831126,-0.0
31110,-4.273022310899985,2.3206505247432414,-0.0
31120,-4.291194926962408,2.2896067677264034,-0.0
31130,-4.30913878721271,2.2584087196241844,-0.0
31140,-4.326852412338984,2.22705810382839,-0.0
31150,-4.344334336371034,2.195556660178247,-0.0
31160,-4.361583106892391,2.163906144856509,-0.0
31170,-4.3785972852515895,2.1321083302824624,-0.0
31180,-4.395375446772721,2.1001650050018514,-0.0
31190,-4.411916180965133,2.0680779735736956,-0.0
31200,-4.4282180917323215,2.0358490564540355,-0.0
31210,-4.44427979757987,2.0034800898765845,-0.0
31220,-4.460099931822439,1.970972925730295,-0.0
31230,-4.475677142789782,1.9383294314338653,-0.0
31240,-4.491010094031635,1.905551489807151,-0.0
31250,-4.506097464521555,1.8726409989395385,-0.0
31260,-4.52093794885957,1.8395998720552438,-0.0
31270,-4.535530257473605,1.8064300373755706,-0.0
31280,-4.549873116819679,1.773133437978132,-0.0
31290,-4.563965269580761,1.7397120316530426,-0.0
31300,-4.57780547486426,1.7061677907560893,-0.0
31310,-4.5913925083981235,1.672502702058909,-0.0
31320,-4.604725162725444,1.638718766596163,-0.0
31330,-4.617802247397572,1.604817999509743,-0.0
31340,-4.630622589165642,1.5708024298900103,-0.0
31350,-4.643185032170492,1.5366741006140914,-0.0
31360,-4.655488438130923,1.5024350681812422,-0.0
31370,-4.667531686530226,1.468087402545305,-0.0
31380,-4.679313674800945,1.4336331869442642,-0.0
31390,-4.690833318507843,1.3990745177269401,-0.0
31400,-4.702089551528968,1.3644135041768213,-0.0
31410,-4.713081326234829,1.3296522683330667,-0.0
31420,-4.7238076136656035,1.2947929448087074,-0.0
31430,-4.734267403706327,1.2598376806060552,-0.0
31440,-4.74445970526001,1.2247886349293478,-0.0
31450,-4.7543835464186746,1.1896479789946697,-0.0
31460,-4.7640379746322,1.1544178958371527,-0.0
31470,-4.773422056874984,1.1191005801155007,-0.0
31480,-4.782534879810349,1.0836982379138551,-0.0
31490,-4.791375549952637,1.0482130865410397,-0.0
31500,-4.7999431938269685,1.012647354327204,-0.0
31510,-4.808236958126612,0.9770032804179084,-0.0
31520,-4.816256009867907,0.9412831145656699,-0.0
31530,-4.823999536542712,0.905489116919009,-0.0
31540,-4.831466746268309,0.8696235578090278,-0.0
31550,-4.83865686793477,0.833688717533558,-0.0
31560,-4.845569151349673,0.7976868861389086,-0.0
31570,-4.852202867380175,0.7616203631992479,-0.0
31580,-4.858557308092384,0.7254914575936643,-0.0
31590,-4.864631786887988,0.6893024872809376,-0.0
31600,-4.870425638638099,0.6530557790720609,-0.0
31610,-4.875938219814269,0.6167536684005522,-0.0
31620,-4.881168908616634,0.5803984990905939,-0.0
31630,-4.886117105099178,0.5439926231230476,-0.0
31640,-4.890782231292019,0.5075384003993773,-0.0
31650,-4.895163731320732,0.4710381985035278,-0.0
31660,-4.899261071522657,0.4344943924618052,-0.0
31670,-4.903073740560126,0.3979093645007942,-0.0
31680,-4.906601249530617,0.36128550380336605,-0.0
31690,-4.909843132073782,0.3246252062628187,-0.0
31700,-4.91279894447529,0.2879308742351934,-0.0
31710,-4.9154682657674895,0.25120491628981906,-0.0
31720,-4.917850697826832,0.21444974695812868,-0.0
31730,-4.919945865468041,0.1776677864807977,-0.0
31740,-4.921753416534973,0.14086146055325258,-0.0
31750,-4.923273021988165,0.10403320006959922,-0.0
31760,-4.9245043759890255,0.06718544086502182,-0.0
31770,-4.9254471959806185,0.03032062345670235,-0.0
31780,-4.926101222765074,-0.006558807216686718,-0.0
31790,-4.926466220577529,-0.043450402056866025,-0.0
31800,-4.926541977156605,-0.08035170806915534,-0.0
31810,-4.926328303811396,-0.11726026862694944,-0.0
31820,-4.925825035484957,-0.15417362373741014,-0.0
31830,-4.925032030814222,-0.19108931030832027,-0.0
31840,-4.9239491721863775,-0.2280048624160444,-0.0
31850,-4.922576365791649,-0.2649178115745427,-0.0
31860,-4.920913541672469,-0.301825687005379,-0.0
31870,-4.91896065376906,-0.3387260159086729,-0.0
31880,-4.916717679961299,-0.3756163237349308,-0.0
31890,-4.914184622106997,-0.41249413445770855,-0.0
31900,-4.911361506076454,-0.4493569708470404,-0.0
31910,-4.9082483817833324,-0.4862023547435821,-0.0
31920,-4.9048453232118145,-0.5230278073334061,-0.0
31930,-4.901152428440057,-0.5598308494233952,-0.0
31940,-4.897169819659867,-0.5966090017171686,-0.0
31950,-4.892897643192676,-0.6333597850914913,-0.0
31960,-4.888336069501739,-0.6700807208731006,-0.0
31970,-4.883485293200532,-0.7067693311158875,-0.0
31980,-4.878345533057453,-0.7434231388783891,-0.0
31990,-4.872917031996626,-0.7800396685015065,-0.0
32000,-4.86720005709504,-0.8166164458864176,-0.0
32010,-4.861194899575777,-0.8531509987725965,-0.0
32020,-4.8549018747975285,-0.8896408570159041,-0.0
32030,-4.848321322240244,-0.9260835528666668,-0.0
32040,-4.841453605487025,-0.962476621247705,-0.0
32050,-4.834299112202186,-0.9988176000322316,-0.0
32060,-4.826858254105498,-1.0351040303215695,-0.0
32070,-4.819131466942667,-1.0713334567226305,-0.0
32080,-4.811119210451963,-1.1075034276250824,-0.0
32090,-4.802821968327101,-1.143611495478162,-0.0
32100,-4.794240248176276,-1.1796552170670516,-0.0
32110,-4.7853745814774395,-1.2156321537887782,-0.0
32120,-4.776225523529802,-1.2515398719275646,-0.0
32130,-4.766793653401527,-1.2873759429295721,-0.0
32140,-4.757079573873697,-1.3231379436769788,-0.0
32150,-4.747083911380502,-1.3588234567613313,-0.0
32160,-4.7368073159456845,-1.3944300707561073,-0.0
32170,-4.726250461115268,-1.4299553804884362,-0.0
32180,-4.715414043886549,-1.4653969873099097,-0.0
32190,-4.7042987846333935,-1.5007524993664303,-0.0
32200,-4.692905427027846,-1.536019531867034,-0.0
32210,-4.681234737958067,-1.571195707351636,-0.0
32220,-4.669287507442612,-1.6062786559576256,-0.0
32230,-4.657064548541055,-1.6412660156852665,-0.0
32240,-4.644566697261053,-1.6761554326618502,-0.0
32250,-4.631794812461741,-1.7109445614045156,-0.0
32260,-4.618749775753619,-1.7456310650817193,-0.0
32270,-4.605432491394829,-1.7802126157732567,-0.0
32280,-4.591843886183958,-1.8146868947288186,-0.0
32290,-4.577984909349294,-1.8490515926249949,-0.0
32300,-4.563856532434636,-1.8833044098206928,-0.0
32310,-4.549459749181639,-1.9174430566108998,-0.0
32320,-4.5347955754087375,-1.9514652534787467,-0.0
32330,-4.519865048886675,-1.9853687313458097,-0.0
32340,-4.504669229210676,-2.019151231820608,-0.0
32350,-4.489209197669272,-2.052810507445232,-0.0
32360,-4.473486057109834,-2.0863443219400617,-0.0
32370,-4.457500931800849,-2.119750450446521,-0.0
32380,-4.441254967290915,-2.153026679767802,-0.0
32390,-4.424749330264589,-2.186170808607543,-0.0
32400,-4.4079852083950355,-2.2191806478063696,-0.0
32410,-4.390963810193536,-2.252054020576284,-0.0
32420,-4.373686364855948,-2.28478876273284,-0.0
32430,-4.356154122106054,-2.317382722925047,-0.0
32440,-4.338368352035924,-2.3498337628629806,-0.0
32450,-4.320330344943288,-2.3821397575430265,-0.0
32460,-4.302041411165995,-2.414298595470742,-0.0
32470,-4.283502880913516,-2.4463081788812557,-0.0
32480,-4.264716104095659,-2.4781664239571994,-0.0
32490,-4.245682450148425,-2.5098712610440965,-0.0
32500,-4.226403307857099,-2.541420634863184,-0.0
32510,-4.206880085176644,-2.572812504721631,-0.0
32520,-4.187114209049365,-2.6040448447200877,-0.0
32530,-4.16710712521997,-2.6351156439575547,-0.0
32540,-4.146860298048034,-2.66602290673352,-0.0
32550,-4.126375210317897,-2.69676465274732,-0.0
32560,-4.105653363046099,-2.727338917294707,-0.0
32570,-4.084696275286332,-2.7577437514615655,-0.0
32580,-4.063505483932001,-2.7879772223147565,-0.0
32590,-4.042082543516439,-2.81803741309005,-0.0
32600,-4.020429026010806,-2.8479224233771157,-0.0
32610,-3.9985465206197333,-2.8776303693015315,-0.0
32620,-3.976436633574778,-2.907159383703798,-0.0
32630,-3.954100987925708,-2.9365076163153,-0.0
32640,-3.931541223329687,-2.9656732339312093,-0.0
32650,-3.9087589958384203,-2.994654420580294,-0.0
32660,-3.885755977683287,-3.023449377691595,-0.0
32670,-3.862533857058535,-3.052056324257966,-0.0
32680,-3.8390943379025853,-3.0804734969964307,-0.0
32690,-3.815439139677483,-3.1086991505053367,-0.0
32700,-3.791569997146581,-3.1367315574182957,-0.0
32710,-3.767488660150479,-3.164569008554882,-0.0
32720,-3.74319689338128,-3.1922098130680387,-0.0
32730,-3.7186964761552344,-3.21965229858823,-0.0
32740,-3.6939892021838188,-3.2468948113642666,-0.0
32750,-3.669076879343277,-3.273935716400805,-0.0
32760,-3.6439613294427264,-3.3007733975925158,-0.0
32770,-3.618644387990856,-3.3274062578548858,-0.0
32780,-3.5931279039612676,-3.3538327192516446,-0.0
32790,-3.5674137395565255,-3.380051223118798,-0.0
32800,-3.541503769970989,-3.4060602301852834,-0.0
32810,-3.5153998831524316,-3.431858220690171,-0.0
32820,-3.489103979562566,-3.4574436944964737,-0.0
32830,-3.4626179719364876,-3.482815171201507,-0.0
32840,-3.435943785041102,-3.5079711902438024,-0.0
32850,-3.409083355432607,-3.5329103110065714,-0.0
32860,-3.382038631213067,-3.5576311129177074,-0.0
32870,-3.3548115717861435,-3.58213219554632,-0.0
32880,-3.327404147612042,-3.6064121786957966,-0.0
32890,-3.2998183399617274,-3.630469702493388,-0.0
32900,-3.2720561406704647,-3.654303427476329,-0.0
32910,-3.2441195518907278,-3.6779120346744403,-0.0
32920,-3.21601058584457,-3.701294225689295,-0.0
32930,-3.1877312645754565,-3.724448722769863,-0.0
32940,-3.159283619699669,-3.7473742688846983,-0.0
32950,-3.130669692157298,-3.77006962779063,-0.0
32960,-3.1018915319628984,-3.79253358409799,-0.0
32970,-3.0729511979558635,-3.814764943332357,-0.0
32980,-3.0438507575505533,-3.836762531992829,-0.0
32990,-3.0145922864862547,-3.858525197606837,-0.0
33000,-2.985177868577026,-3.8800518087815195,-0.0
33010,-2.9556095954614428,-3.9013412552516,-0.0
33020,-2.9258895663523665,-3.92239244792388,-0.0
33030,-2.8960198877867214,-3.9432043189182635,-0.0
33040,-2.866002673375369,-3.963775821605361,-0.0
33050,-2.835840043553137,-3.984105930640711,-0.0
33060,-2.8055341253290296,-4.004193641995575,-0.0
33070,-2.7750870520366875,-4.024037972984348,-0.0
33080,-2.7445009630851556,-4.043637962288624,-0.0
33090,-2.7137780037099963,-4.06299266997788,-0.0
33100,-2.6829203247247926,-4.082101177526814,-0.0
33110,-2.6519300822731235,-4.10096258782939,-0.0
33120,-2.6208094375810225,-4.119576025209541,-0.0
33130,-2.5895605567099906,-4.137940635428592,-0.0
33140,-2.5581856103106193,-4.1560555856894315,-0.0
33150,-2.5266867733768414,-4.173920064637398,-0.0
33160,-2.4950662250008957,-4.191533282357959,-0.0
33170,-2.463326148129024,-4.208894470371175,-0.0
33180,-2.431468729317961,-4.226002881622968,-0.0
33190,-2.39949615849226,-4.242857790473233,-0.0
33200,-2.3674106287024967,-4.259458492680796,-0.0
33210,-2.3352143358844057,-4.2758043053852655,-0.0
33220,-2.3029094786189868,-4.291894567085785,-0.0
33230,-2.2704982578936135,-4.307728637616702,-0.0
33240,-2.2379828768642316,-4.323305898120232,-0.0
33250,-2.205365540618617,-4.338625751016059,-0.0
33260,-2.1726484559408137,-4.353687619967987,-0.0
33270,-2.139833831076734,-4.368490949847603,-0.0
33280,-2.106923875500997,-4.383035206695024,-0.0
33290,-2.0739207996850255,-4.397319877676741,-0.0
33300,-2.0408268148664543,-4.411344471040575,-0.0
33310,-2.0076441328198746,-4.425108516067805,-0.0
33320,-1.9743749656289722,-4.438611563022473,-0.0
33330,-1.941021525460078,-4.451853183097921,-0.0
33340,-1.9075860243371745,-4.464832968360555,-0.0
33350,-1.8740706739184039,-4.477550531690925,-0.0
33360,-1.8404776852740965,-4.4900055067220945,-0.0
33370,-1.8068092686663655,-4.502197547775363,-0.0
33380,-1.773067633330298,-4.514126329793384,-0.0
33390,-1.7392549872567797,-4.52579154827069,-0.0
33400,-1.7053735369769814,-4.537192919181677,-0.0
33410,-1.6714254873485355,-4.548330178906055,-0.0
33420,-1.6374130413434476,-4.559203084151859,-0.0
33430,-1.6033383998377564,-4.569811411875971,-0.0
33440,-1.569203761402986,-4.580154959202274,-0.0
33450,-1.5350113220994115,-4.59023354333743,-0.0
33460,-1.5007632752711646,-4.6000470014843,-0.0
33470,-1.4664618113432122,-4.609595190753096,-0.0
33480,-1.4321091176202354,-4.6188779880702695,-0.0
33490,-1.3977073780874243,-4.627895290085164,-0.0
33500,-1.3632587732132342,-4.636647013074522,-0.0
33510,-1.3287654797540918,-4.645133092844781,-0.0
33520,-1.2942296705611283,-4.653353484632351,-0.0
33530,-1.2596535143889032,-4.6613081630017525,-0.0
33540,-1.2250391757061867,-4.668997121741753,-0.0
33550,-1.1903888145088,-4.676420373759528,-0.0
33560,-1.1557045861345392,-4.683577950972853,-0.0
33570,-1.1209886410802008,-4.6904699042003895,-0.0
33580,-1.0862431248207323,-4.697096303050099,-0.0
33590,-1.0514701776305215,-4.703457235805838,-0.0
33600,-1.016671934406847,-4.709552809312143,-0.0
33610,-0.9818505244955004,-4.715383148857275,-0.0
33620,-0.9470080715186003,-4.720948398054551,-0.0
33630,-0.9121466932046168,-4.726248718722002,-0.0
33640,-0.8772685012206144,-4.7312842907604065,-0.0
33650,-0.8423756010067297,-4.736055312029721,-0.0
33660,-0.8074700916128966,-4.740561998223955,-0.0
33670,-0.7725540655378396,-4.7448045827445755,-0.0
33680,-0.7376296085703284,-4.748783316572381,-0.0
33690,-0.7026987996327249,-4.752498468137984,-0.0
33700,-0.6677637106268218,-4.755950323190901,-0.0
33710,-0.6328264062819816,-4.759139184667276,-0.0
33720,-0.5978889440055919,-4.762065372556307,-0.0
33730,-0.5629533737358386,-4.764729223765401,-0.0
33740,-0.5280217377968063,-4.76713109198408,-0.0
33750,-0.4930960707559176,-4.769271347546736,-0.0
33760,-0.45817839928370685,-4.771150377294194,-0.0
33770,-0.4232707420159454,-4.772768584434192,-0.0
33780,-0.38837510941811304,-4.774126388400771,-0.0
33790,-0.35349350365222776,-4.775224224712645,-0.0
33800,-0.3186279184460326,-4.776062544830586,-0.0
33810,-0.2837803389645409,-4.776641816013819,-0.0
33820,-0.2489527416839483,-4.776962521175549,-0.0
33830,-0.21414709426790624,-4.777025158737578,-0.0
33840,-0.17936535544616206,-4.776830242484105,-0.0
33850,-0.14460947489556356,-4.776378301414715,-0.0
33860,-0.1098813931234283,-4.775669879596596,-0.0
33870,-0.07518304135327789,-4.774705536016082,-0.0
33880,-0.04051634141293232,-4.773485844429436,-0.0
33890,-0.005883205624965872,-4.772011393213045,-0.0
33900,0.02871446330048097,-4.770282785212996,-0.0
33910,0.06327477237053614,-4.768300637594044,-0.0
33920,0.09779583841208069,-4.766065581688069,-0.0
33930,0.1322757881718893,-4.76357826284205,-0.0
33940,0.1667127584144306,-4.76083934026553,-0.0
33950,0.2011048960173333,-4.757849486877685,-0.0
33960,0.23545035806452524,-4.754609389153995,-0.0
33970,0.26974731193705087,-4.751119746972546,-0.0
33980,0.3039939354015753,-4.747381273460031,-0.0
33990,0.3381884166965814,-4.743394694837427,-0.0
34000,0.37232895461627125,-4.739160750265459,-0.0
34010,0.4064137585921771,-4.7346801916898205,-0.0
34020,0.44044104877249235,-4.729953783686202,-0.0
34030,0.4744090560991348,-4.724982303305195,-0.0
34040,0.5083160223825485,-4.719766539917042,-0.0
34050,0.5421602003742576,-4.714307295056332,-0.0
34060,0.5759398538371809,-4.7086053822666045,-0.0
34070,0.6096532576137236,-4.70266162694497,-0.0
34080,0.6432986976916498,-4.696476866186703,-0.0
34090,0.6768744712677586,-4.6900519486299075,-0.0
34100,0.7103788868093676,-4.6833877343002195,-0.0
34110,0.7438102641136212,-4.676485094455632,-0.0
34120,0.7771669343646378,-4.669344911431451,-0.0
34130,0.8104472401885103,-4.661968078485396,-0.0
34140,0.8436495357061692,-4.654355499642911,-0.0
34150,0.8767721865841274,-4.64650808954266,-0.0
34160,0.9098135700831274,-4.638426773282319,-0.0
34170,0.9427720751046907,-4.63011248626459,-0.0
34180,0.9756461022356017,-4.621566174043554,-0.0
34190,1.0084340637903302,-4.612788792171325,-0.0
34200,1.0411343838514213,-4.603781306045101,-0.0
34210,1.0737454983078532,-4.594544690754543,-0.0
34220,1.106265854891392,-4.585079930929601,-0.0
34230,1.1386939132109615,-4.575388020588758,-0.0
34240,1.1710281447850384,-4.565469962987745,-0.0
34250,1.2032670330720923,-4.555326770468719,-0.0
34260,1.2354090734990932,-4.544959464309963,-0.0
34270,1.2674527734881023,-4.534369074576109,-0.0
34280,1.2993966524809653,-4.523556639968932,-0.0
34290,1.3312392419621226,-4.512523207678695,-0.0
34300,1.362979085479562,-4.501269833236109,-0.0
34310,1.3946147386639314,-4.489797580364912,-0.0
34320,1.4261447692458276,-4.478107520835094,-0.0
34330,1.4575677570712897,-4.4662007343167875,-0.0
34340,1.4888822941155,-4.454078308234831,-0.0
34350,1.520086984494735,-4.4417413376240535,-0.0
34360,1.5511804444765644,-4.429190924985262,-0.0
34370,1.5821613024883407,-4.416428180142008,-0.0
34380,1.6130281991239797,-4.403454220098086,-0.0
34390,1.6437797871490651,-4.39027016889583,-0.0
34400,1.6744147315042932,-4.376877157475197,-0.0
34410,1.7049317093072818,-4.363276323533687,-0.0
34420,1.735329409852765,-4.349468811387089,-0.0
34430,1.7656065346111858,-4.335455771831074,-0.0
34440,1.795761797225723,-4.3212383620036645,-0.0
34450,1.825793923507758,-4.306817745248575,-0.0
34460,1.8557016514308198,-4.292195090979475,-0.0
34470,1.8854837311230157,-4.2773715745451515,-0.0
34480,1.915138924857978,-4.262348377095604,-0.0
34490,1.944666007044335,-4.247126685449073,-0.0
34500,1.9740637642137608,-4.231707691960063,-0.0
34510,2.0033309950075777,-4.216092594388281,-0.0
34520,2.0324665101619765,-4.200282595768616,-0.0
34530,2.061469132491855,-4.184278904282072,-0.0
34540,2.0903376968732994,-4.1680827331277435,-0.0
34550,2.119071050224733,-4.151695300395787,-0.0
34560,2.1476680514867534,-4.13511782894143,-0.0
34570,2.176127571600685,-4.118351546260056,-0.0
34580,2.2044484934858604,-4.101397684363291,-0.0
34590,2.232629712015651,-4.084257479656183,-0.0
34600,2.260670133992296,-4.066932172815479,-0.0
34610,2.288568678120505,-4.049423008668931,-0.0
34620,2.316324274979902,-4.031731236075753,-0.0
34630,2.343935866996299,-4.013858107808128,-0.0
34640,2.371402408411856,-3.995804880433875,-0.0
34650,2.398722865254099,-3.9775728142001903,-0.0
34660,2.4258962153038772,-3.9591631729185477,-0.0
34670,2.452921448062238,-3.9405772238507133,-0.0
34680,2.4797975647162533,-3.921816237595905,-0.0
34690,2.506523578103832,-3.9028814879790996,-0.0
34700,2.533098512677522,-3.8837742519404967,-0.0
34710,2.5595214044673336,-3.864495809426129,-0.0
34720,2.5857913010426135,-3.8450474432796593,-0.0
34730,2.611907261472958,-3.8254304391353124,-0.0
34740,2.637868356288243,-3.8056460853120213,-0.0
34750,2.663673667437728,-3.7856956727087145,-0.0
34760,2.6893222882483143,-3.76558049470082,-0.0
34770,2.714813323381933,-3.7453018470379233,-0.0
34780,2.740145888792108,-3.7248610277426386,-0.0
34790,2.765319111679717,-3.70425933701067,-0.0
34800,2.7903321304479527,-3.683498077112054,-0.0
34810,2.8151840946565274,-3.662578552293618,-0.0
34820,2.8398741649751265,-3.6415020686826316,-0.0
34830,2.864401513136127,-3.620269934191657,-0.0
34840,2.888765321886636,-3.5988834584246163,-0.0
34850,2.912964784939812,-3.577343952584049,-0.0
34860,2.9369991069255494,-3.555652729379586,-0.0
34870,2.9608675033405034,-3.5338111029376305,-0.0
34880,2.9845692004974884,-3.511820388712238,-0.0
34890,3.0081034354742924,-3.4896819033972264,-0.0
34900,3.0314694560618807,-3.467396964839465,-0.0
34910,3.054666520712047,-3.4449668919533853,-0.0
34920,3.0776938984845303,-3.422393004636717,-0.0
34930,3.1005508689935786,-3.39967662368739,-0.0
34940,3.123236722354037,-3.3768190707216825,-0.0
34950,3.1457507591269156,-3.353821668093542,-0.0
34960,3.168092290264526,-3.3306857388151343,-0.0
34970,3.190260637055127,-3.3074126064785663,-0.0
34980,3.212255131067178,-3.284003595178835,-0.0
34990,3.2340751140931463,-3.2604600294379487,-0.0
35000,3.2557199380929385,-3.236783234130253,-0.0
35010,3.277188965136961,-3.2129745344089566,-0.0
35020,3.2984815673487944,-3.1890352556338186,-0.0
35030,3.3195971268475617,-3.164966723300051,-0.0
35040,3.3405350356899457,-3.140770262968377,-0.0
35050,3.361294695811915,-3.1164472001962844,-0.0
35060,3.3818755189701655,-3.0919988604704454,-0.0
35070,3.4022769266832684,-3.0674265691402995,-0.0
35080,3.4224983501725927,-3.042731651352818,-0.0
35090,3.4425392303029736,-3.017915431988417,-0.0
35100,3.4623990175231625,-2.992979235598029,-0.0
35110,3.482077171806073,-2.9679243863413296,-0.0
35120,3.5015731625888336,-2.9427522079261,-0.0
35130,3.520886468712697,-2.9174640235487606,-0.0
35140,3.540016578362739,-2.892061155835992,-0.0
35150,3.558962989007476,-2.8665449267875407,-0.0
35160,3.5777252073383115,-2.8409166577201024,-0.0
35170,3.5963027492089057,-2.815177669212362,-0.0
35180,3.6146951395744327,-2.7893292810511223,-0.0
35190,3.6329019124307607,-2.76337281217855,-0.0
35200,3.650922610753573,-2.737309580640521,-0.0
35210,3.6687567864374406,-2.711140903536062,-0.0
35220,3.6864040002348553,-2.684868096967878,-0.0
35230,3.703863821695236,-2.6584924759939597,-0.0
35240,3.7211358291039436,-2.6320153545802687,-0.0
35250,3.7382196094212885,-2.605438045554486,-0.0
35260,3.7551147582215734,-2.578761860560831,-0.0
35270,3.7718208796321555,-2.551988110015918,-0.0
35280,3.788337586272561,-2.5251181030656675,-0.0
35290,3.8046644991936787,-2.4981531475432663,-0.0
35300,3.8208012478169944,-2.471094549928134,-0.0
35310,3.8367474698739397,-2.4439436153059324,-0.0
35320,3.8525028113453303,-2.4167016473295866,-0.0
35330,3.8680669264009193,-2.3893699481813098,-0.0
35340,3.8834394773390746,-2.3619498185356327,-0.0
35350,3.898620134526577,-2.334442557523412,-0.0
35360,3.913608576338606,-2.3068494626968445,-0.0
35370,3.9284044890988383,-2.2791718299954358,-0.0
35380,3.943007567019761,-2.251410953712949,-0.0
35390,3.957417512143128,-2.2235681264653007,-0.0
35400,3.9716340342806498,-2.1956446391594193,-0.0
35410,3.985656850954864,-2.1676417809630357,-0.0
35420,3.999485687340226,-2.1395608392754113,-0.0
35430,4.0131202762044325,-2.1114030996989848,-0.0
35440,4.026560357849984,-2.083169846011943,-0.0
35450,4.039805680055981,-2.0548623601416853,-0.0
35460,4.052855998020206,-2.0264819221392028,-0.0
35470,4.06571107430144,-1.9980298101543255,-0.0
35480,4.078370678762095,-1.9695073004118726,-0.0
35490,4.090834588511085,-1.9409156671886427,-0.0
35500,4.103102587847054,-1.9122561827912996,-0.0
35510,4.115174468201865,-1.8835301175350814,-0.0
35520,4.127050028084415,-1.8547387397233666,-0.0
35530,4.138729073024794,-1.8258833156280716,-0.0
35540,4.150211415518756,-1.7969651094708723,-0.0
35550,4.161496874972539,-1.7679853834052348,-0.0
35560,4.172585277648046,-1.7389453974992588,-0.0
35570,4.183476456608367,-1.7098464097193113,-0.0
35580,4.194170251663689,-1.6806896759144516,-0.0
35590,4.20466650931756,-1.6514764498016257,-0.0
35600,4.214965082713565,-1.6222079829516356,-0.0
35610,4.225065831582357,-1.5928855247758578,-0.0
35620,4.234968622189111,-1.563510322513716,-0.0
35630,4.244673327281394,-1.5340836212208904,-0.0
35640,4.2541798260374195,-1.5046066637582565,-0.0
35650,4.263488004014737,-1.475080690781535,-0.0
35660,4.272597753099363,-1.4455069407316639,-0.0
35670,4.281508971455307,-1.4158866498258527,-0.0
35680,4.290221563474598,-1.3862210520493479,-0.0
35690,4.298735439727703,-1.356511379147858,-0.0
35700,4.3070505169144155,-1.326758860620655,-0.0
35710,4.315166717815233,-1.2969647237143436,-0.0
35720,4.323083971243159,-1.2671301934172694,-0.0
35730,4.330802211996014,-1.2372564924545781,-0.0
35740,4.33832138080918,-1.2073448412838905,-0.0
35750,4.345641424308887,-1.1773964580916163,-0.0
35760,4.352762294965936,-1.1474125587898658,-0.0
35770,4.359683951049944,-1.1173943570139666,-0.0
35780,4.366406356584081,-1.0873430641205717,-0.0
35790,4.372929481300329,-1.0572598891863516,-0.0
35800,4.379253300595212,-1.0271460390072504,-0.0
35810,4.3853777954860815,-0.9970027180983123,-0.0
35820,4.391302952567901,-0.9668311286940529,-0.0
35830,4.397028763970554,-0.936632470749376,-0.0
35840,4.402555227316694,-0.9064079419410231,-0.0
35850,4.407882345680113,-0.8761587376695427,-0.0
35860,4.413010127544662,-0.8458860510617742,-0.0
35870,4.417938586763683,-0.8155910729738295,-0.0
35880,4.422667742520036,-0.785274991994577,-0.0
35890,4.427197619286619,-0.7549389944495972,-0.0
35900,4.431528246787492,-0.7245842644056222,-0.0
35910,4.435659659959518,-0.6942119836754291,-0.0
35920,4.439591898914583,-0.6638233318231935,-0.0
35930,4.443325008902387,-0.6334194861702857,-0.0
35940,4.446859040273773,-0.603001621801497,-0.0
35950,4.450194048444657,-0.5725709115716971,-0.0
35960,4.453330093860513,-0.5421285261129005,-0.0
35970,4.456267241961437,-0.5116756338417402,-0.0
35980,4.459005563147797,-0.4812134009673384,-0.0
35990,4.4615451327464495,-0.45074299149955865,-0.0
36000,4.463886030977548,-0.4202655672576382,-0.0
36010,4.466028342921956,-0.38978228787918506,-0.0
36020,4.467972158489204,-0.3592943108295307,-0.0
36030,4.469717572386084,-0.3288027914114322,-0.0
36040,4.4712646840858055,-0.29830888277511036,-0.0
36050,4.472613597797779,-0.267813735928618,-0.0
36060,4.473764422437945,-0.23731849974852298,-0.0
36070,4.474717271599763,-0.20682432099090506,-0.0
36080,4.475472263525754,-0.17633234430264874,-0.0
36090,4.476029521079677,-0.14584371223302828,-0.0
36100,4.476389171719277,-0.11535956524557217,-0.0
36110,4.476551347469681,-0.08488104173019985,-0.0
36120,4.476516184897361,-0.0544092780156198,-0.0
36130,4.476283825084729,-0.02394540838198037,-0.0
36140,4.475854413605336,0.006509434926236382,-0.0
36150,4.475228100499669,0.036954121687086734,-0.0
36160,4.47440504025159,0.06738752368781299,-0.0
36170,4.473385391765345,0.09780851471127557,-0.0
36180,4.472169318343235,0.12821597052217953,-0.0
36190,4.470756987663852,0.1586087688531037,-0.0
36200,4.4691485717609645,0.1889857893903424,-0.0
36210,4.467344247003009,0.21934591375956894,-0.0
36220,4.465344194073192,0.24968802551132943,-0.0
36230,4.463148597950214,0.28001101010637675,-0.0
36240,4.460757647889601,0.3103137549008527,-0.0
36250,4.458171537405663,0.3405951491313294,-0.0
36260,4.455390464254077,0.3708540838997165,-0.0
36270,4.452414630415054,0.401089452158045,-0.0
36280,4.4492442420771585,0.43130014869313577,-0.0
36290,4.445879509621729,0.46148507011116285,-0.0
36300,4.442320647607917,0.491643114822119,-0.0
36310,4.4385678747583395,0.5217731830241931,-0.0
36320,4.434621413945352,0.5518741766880689,-0.0
36330,4.430481492177936,0.5819449995411529,-0.0
36340,4.426148340589196,0.6119845570517402,-0.0
36350,4.421622194424489,0.6419917564131304,-0.0
36360,4.416903293030133,0.6719655065276947,-0.0
36370,4.411991879842779,0.7019047179909139,-0.0
36380,4.406888202379339,0.731808303075384,-0.0
36390,4.401592512227563,0.7616751757148069,-0.0
36400,4.396105065037233,0.791504251487976,-0.0
36410,4.390426120511919,0.8212944476027525,-0.0
36420,4.384555942401407,0.8510446828800596,-0.0
36430,4.378494798494678,0.8807538777378873,-0.0
36440,4.372242960613524,0.9104209541753228,-0.0
36450,4.365800704606765,0.9400448357566208,-0.0
36460,4.359168310345061,0.9696244475953099,-0.0
36470,4.352346061716332,0.999158716338354,-0.0
36480,4.345334246621774,1.0286465701503704,-0.0
36490,4.338133156972481,1.0580869386979215,-0.0
36500,4.330743088686649,1.0874787531338743,-0.0
36510,4.323164341687397,1.1168209460818552,-0.0
36520,4.315397219901159,1.14611245162079,-0.0
36530,4.307442031256687,1.175352205269549,-0.0
36540,4.299299087684616,1.2045391439717017,-0.0
36550,4.290968705117661,1.2336722060803933,-0.0
36560,4.282451203491346,1.2627503313433397,-0.0
36570,4.27374690674536,1.2917724608879668,-0.0
36580,4.264856142825471,1.3207375372066876,-0.0
36590,4.255779243686025,1.3496445041423333,-0.0
36600,4.246516545293014,1.3784923068737411,-0.0
36610,4.237068387627729,1.4072798919015128,-0.0
36620,4.227435114690979,1.436006207033949,-0.0
36630,4.217617074507882,1.46467020137317,-0.0
36640,4.2076146191332064,1.4932708253014204,-0.0
36650,4.1974281046572965,1.521807030467584,-0.0
36660,4.187057891212543,1.5502777697739005,-0.0
36670,4.176504342980428,1.5786819973629085,-0.0
36680,4.1657678281990975,1.607018668604596,-0.0
36690,4.154848719171512,1.6352867400838014,-0.0
36700,4.143747392274136,1.6634851695878454,-0.0
36710,4.132464227966157,1.6916129160944113,-0.0
36720,4.120999610799272,1.7196689397596845,-0.0
36730,4.1093539294280115,1.747652201906763,-0.0
36740,4.097527576620557,1.77556166501432,-0.0
36750,4.085520949270155,1.8033962927055718,-0.0
36760,4.073334448407007,1.8311550497375164,-0.0
36770,4.060968479210705,1.858836901990473,-0.0
36780,4.048423451023193,1.8864408164579265,-0.0
36790,4.035699777362226,1.913965761236682,-0.0
36800,4.02279787593538,1.9414107055173444,-0.0
36810,4.009718168654508,1.9687746195751052,-0.0
36820,3.9964610816507857,1.9960564747608995,-0.0
36830,3.9830270452901715,2.023255243492862,-0.0
36840,3.969416494189442,2.0503698992481745,-0.0
36850,3.955629867232652,2.077399416555235,-0.0
36860,3.941667607588145,2.1043427709862237,-0.0
36870,3.927530162726004,2.1311989391500172,-0.0
36880,3.9132179844359936,2.1579668986854927,-0.0
36890,3.8987315288460014,2.18464562825523,-0.0
36900,3.8840712564409143,2.2112341075395876,-0.0
36910,3.869237632081992,2.2377313172312054,-0.0
36920,3.854231125026674,2.2641362390298934,-0.0
36930,3.839052208948877,2.2904478556379617,-0.0
36940,3.8237013619597175,2.3166651507559624,-0.0
36950,3.808179066628689,2.3427871090788646,-0.0
36960,3.7924858100052914,2.368812716292675,-0.0
36970,3.776622083641084,2.3947409590715028,-0.0
36980,3.7605883836121765,2.420570825075079,-0.0
36990,3.7443852105421462,2.446301302946736,-0.0
37000,3.7280130696253866,2.471931382311868,-0.0
37010,3.7114724706508473,2.4974600537768477,-0.0
37020,3.6947639280262123,2.522886308928448,-0.0
37030,3.6778879608024595,2.548209140333736,-0.0
37040,3.660845092698846,2.5734275415404864,-0.0
37050,3.643635852128253,2.598540507078074,-0.0
37060,3.626260772222949,2.623547032458902,-0.0
37070,3.6087203908607184,2.6484461141803366,-0.0
37080,3.5910152506913717,2.673236749727175,-0.0
37090,3.573145899163619,2.697917937574636,-0.0
37100,3.555112888552311,2.7224886771919055,-0.0
37110,3.5369167759860476,2.7469479690462206,-0.0
37120,3.5185581234751147,2.771294814607511,-0.0
37130,3.500037497939784,2.7955282163535946,-0.0
37140,3.481355471238939,2.8196471777759498,-0.0
37150,3.462512620199047,2.8436507033860643,-0.0
37160,3.443509526643437,2.8675377987223527,-0.0
37170,3.4243467774219027,2.891307470357669,-0.0
37180,3.4050249644406296,2.914958725907427,-0.0
37190,3.385544684692396,2.938490574038291,-0.0
37200,3.365906540287106,2.96190202447751,-0.0
37210,3.3461111384825832,2.985192088022842,-0.0
37220,3.326159091715659,3.0083597765531067,-0.0
37230,3.306051017633542,3.031404103039373,-0.0
37240,3.2857875391254336,3.054324081556764,-0.0
37250,3.2653692843544286,3.07711872729692,-0.0
37260,3.2447968867896497,3.0997870565810954,-0.0
37270,3.2240709852386376,3.12232808687392,-0.0
37280,3.203192223879969,3.144740836797806,-0.0
37290,3.1821612522961056,3.1670243261480304,-0.0
37300,3.160978725506466,3.189177575908484,-0.0
37310,3.1396453040007177,3.211199608268107,-0.0
37320,3.118161653772246,3.2330894466379902,-0.0
37330,3.0965284463518503,3.2548461156691824,-0.0
37340,3.074746358841612,3.276468641271189,-0.0
37350,3.0528160739489447,3.297956050631169,-0.0
37360,3.0307382800208065,3.3193073722338413,-0.0
37370,3.00851367107808,3.340521635882095,-0.0
37380,2.9861429468501175,3.3615978727183378,-0.0
37390,2.9636268128094017,3.3825351152465544,-0.0
37400,2.9409659802063666,3.403332397355091,-0.0
37410,2.9181611661043227,3.423988754340184,-0.0
37420,2.8952130934145237,3.4445032229302357,-0.0
37430,2.872122490931308,3.4648748413108104,-0.0
37440,2.848890093367362,3.485102649150409,-0.0
37450,2.825516641389065,3.505185687626985,-0.0
37460,2.8020028816519,3.525122999455225,-0.0
37470,2.7783495668359537,3.544913628914604,-0.0
37480,2.7545574556814514,3.564556621878192,-0.0
37490,2.7306273130243603,3.584051025842265,-0.0
37500,2.7065599098320146,3.603395889956668,-0.0
37510,2.6823560232387735,3.6225902650559805,-0.0
37520,2.6580164365817067,3.641633203691481,-0.0
37530,2.633541939436272,3.660523760163887,-0.0
37540,2.6089333276519904,3.6792609905568976,-0.0
37550,2.5841914033881195,3.697843952771559,-0.0
37560,2.5593169751492866,3.716271706561413,-0.0
37570,2.5343108578210978,3.734543313568481,-0.0
37580,2.5091738727056874,3.7526578373600397,-0.0
37590,2.483906847557223,3.7706143434662454,-0.0
37600,2.4585106166173256,3.7884118994185565,-0.0
37610,2.4329860206504264,3.806049574789006,-0.0
37620,2.407333906979013,3.8235264412302876,-0.0
37630,2.381555129518787,3.8408415725166902,-0.0
37640,2.355650548813693,3.857994044585864,-0.0
37650,2.3296210320708317,3.8749829355814316,-0.0
37660,2.3034674531952293,3.891807325896453,-0.0
37670,2.277190692824451,3.9084662982177165,-0.0
37680,2.2507916383630544,3.9249589375709037,-0.0
37690,2.224271184016874,3.941284331366602,-0.0
37700,2.1976302308271087,3.9574415694471745,-0.0
37710,2.1708696867042088,3.973429744134481,-0.0
37720,2.1439904664615557,3.9892479502784703,-0.0
37730,2.1169934918489166,4.004895285306647,-0.0
37740,2.089879691585655,4.020370849274385,-0.0
37750,2.062650001393691,4.035673744916118,-0.0
37760,2.035305364030207,4.050803077697416,-0.0
37770,2.0078467293200575,4.065757955867899,-0.0
37780,1.9802750541879084,4.080537490515072,-0.0
37790,1.9525913026900645,4.095140795618999,-0.0
37800,1.9247964460459708,4.1095669881078685,-0.0
37810,1.8968914626694047,4.123815187914447,-0.0
37820,1.8688773381992967,4.137884518033386,-0.0
37830,1.8407550655302207,4.1517741045794425,-0.0
37840,1.8125256448424938,4.165483076846559,-0.0
37850,1.7841900836318951,4.17901056736783,-0.0
37860,1.7557493967389932,4.192355711976359,-0.0
37870,1.727204606378049,4.205517649866987,-0.0
37880,1.6985567421654948,4.218495523658917,-0.0
37890,1.6698068411479754,4.231288479459207,-0.0
37900,1.640955947829931,4.243895666927164,-0.0
37910,1.6120051142007001,4.256316239339597,-0.0
37920,1.5829553997611565,4.268549353656982,-0.0
37930,1.553807871549824,4.280594170590472,-0.0
37940,1.524563604168495,4.29244985466982,-0.0
37950,1.4952236798073077,4.304115574312162,-0.0
37960,1.4657891882692877,4.31559050189169,-0.0
37970,1.43626122699432,4.3268738138101845,-0.0
37980,1.4066409010825562,4.337964690568434,-0.0
37990,1.3769293233172275,4.348862316838523,-0.0
38000,1.3471276141868573,4.359565881537006,-0.0
38010,1.317236901906845,4.370074577898912,-0.0
38020,1.2872583224404222,4.380387603552647,-0.0
38030,1.2571930195189602,4.3905041605957615,-0.0
38040,1.2270421446616007,4.400423455671549,-0.0
38050,1.1968068571942152,4.410144700046525,-0.0
38060,1.1664883242676618,4.41966710968875,-0.0
38070,1.136087720875331,4.42898990534701,-0.0
38080,1.105606229869959,4.438112312630827,-0.0
38090,1.0750450419797042,4.447033562091333,-0.0
38100,1.044405355823453,4.455752889302953,-0.0
38110,1.0136883779253585,4.464269534945957,-0.0
38120,0.9828953227285796,4.472582744889795,-0.0
38130,0.9520274126082171,4.480691770277303,-0.0
38140,0.9210858778834238,4.488595867609686,-0.0
38150,0.8900719568286718,4.496294298832338,-0.0
38160,0.8589868956841684,4.503786331421464,-0.0
38170,0.8278319486653913,4.511071238471482,-0.0
38180,0.7966083779717467,4.518148298783257,-0.0
38190,0.765317453794309,4.525016796953087,-0.0
38200,0.7339604543226482,4.53167602346248,-0.0
38210,0.7025386657507198,4.5381252747687295,-0.0
38220,0.6710533822817937,4.5443638533962085,-0.0
38230,0.6395059061324206,4.550391068028466,-0.0
38240,0.6078975475354098,4.556206233601057,-0.0
38250,0.5762296247418003,4.561808671395101,-0.0
38260,0.544503464021819,4.567197709131607,-0.0
38270,0.5127203996648007,4.572372681066501,-0.0
38280,0.48088177397805504,4.577332928086365,-0.0
38290,0.4489889372846686,4.582077797804912,-0.0
38300,0.41704324792022146,4.586606644660129,-0.0
38310,0.3850460722284027,4.590918830012121,-0.0
38320,0.3529987845555109,4.595013722241643,-0.0
38330,0.320902767243821,4.598890696849282,-0.0
38340,0.2887594106238012,4.602549136555301,-0.0
38350,0.2565701130051677,4.605988431400141,-0.0
38360,0.22433628066675415,4.609207978845538,-0.0
38370,0.19205932784518798,4.61220718387628,-0.0
38380,0.15974067672235065,4.6149854591025745,-0.0
38390,0.12738175741161012,4.6175422248630085,-0.0
38400,0.09498400794280729,4.619876909328081,-0.0
38410,0.06254887424598282,4.621988948604352,-0.0
38420,0.030077810133826197,4.6238777868391105,-0.0
38430,-0.002427722717166898,4.625542876325613,-0.0
38440,-0.03496625478684533,4.626983677608841,-0.0
38450,-0.06753630873287657,4.628199659591802,-0.0
38460,-0.1001363994135595,4.629190299642304,-0.0
38470,-0.13276503391199154,4.629955083700251,-0.0
38480,-0.16542071156160484,4.63049350638539,-0.0
38490,-0.19810192397308757,4.630805071105554,-0.0
38500,-0.23080715506270355,4.630889290165295,-0.0
38510,-0.2635348810820278,4.630745684875015,-0.0
38520,-0.2962835706491091,4.63037378566043,-0.0
38530,-0.3290516847810788,4.6297731321725255,-0.0
38540,-0.3618376769282154,4.628943273397798,-0.0
38550,-0.3946399930094834,4.627883767768929,-0.0
38560,-0.42745707144955886,4.626594183275773,-0.0
38570,-0.4602873432173533,4.625074097576664,-0.0
38580,-0.49312923186605684,4.623323098110068,-0.0
38590,-0.525981153574705,4.621340782206487,-0.0
38600,-0.5588415171912905,4.61912675720066,-0.0
38610,-0.5917087242774287,4.616680640544003,-0.0
38620,-0.6245811691545937,4.614002059917306,-0.0
38630,-0.6574572389519321,4.611090653343598,-0.0
38640,-0.6903353136556756,4.607946069301267,-0.0
38650,-0.7232137661601574,4.604567966837306,-0.0
38660,-0.7560909623204465,4.600956015680721,-0.0
38670,-0.7889652610066185,4.5971098963560975,-0.0
38680,-0.8218350141596645,4.5930293002972435,-0.0
38690,-0.8546985668490571,4.588713929960943,-0.0
38700,-0.8875542573319826,4.584163498940766,-0.0
38710,-0.9204004171142511,4.579377732080937,-0.0
38720,-0.9532353710128947,4.574356365590205,-0.0
38730,-0.9860574372204626,4.569099147155727,-0.0
38740,-1.0188649273710326,4.563605836056938,-0.0
38750,-1.051656146607934,4.557876203279348,-0.0
38760,-1.084429393653204,4.5519100316282834,-0.0
38770,-1.1171829608787864,4.54570711584254,-0.0
38780,-1.1499151343794727,4.5392672627079005,-0.0
38790,-1.1826241940476043,4.53259029117052,-0.0
38800,-1.2153084136495411,4.525676032450143,-0.0
38810,-1.2479660609038996,4.518524330153106,-0.0
38820,-1.2805953975615842,4.511135040385163,-0.0
38830,-1.3131946794875953,4.5035080318640155,-0.0
38840,-1.3457621567446423,4.4956431860315975,-0.0
38850,-1.3782960736785674,4.487540397166083,-0.0
38860,-1.4107946690055615,4.479199572493511,-0.0
38870,-1.4432561759012181,4.4706206322991155,-0.0
38880,-1.4756788220914014,4.461803510038254,-0.0
38890,-1.50806082994494,4.45274815244692,-0.0
38900,-1.5404004165681613,4.443454519651842,-0.0
38910,-1.572695793901262,4.433922585280106,-0.0
38920,-1.6049451688165208,4.424152336568294,-0.0
38930,-1.637146743218361,4.414143774471101,-0.0
38940,-1.6692987141452629,4.403896913769413,-0.0
38950,-1.701399273873529,4.393411783177795,-0.0
38960,-1.7334466100229067,4.382688425451387,-0.0
38970,-1.7654389056640736,4.37172689749216,-0.0
38980,-1.797374339427975,4.360527270454503,-0.0
38990,-1.8292510856170334,4.349089629850121,-0.0
39000,-1.8610673143182157,4.337414075652215,-0.0
39010,-1.8928211915179693,4.3255007223989015,-0.0
39020,-1.9245108792190122,4.313349699295835,-0.0
39030,-1.956134535559003,4.30096115031805,-0.0
39040,-1.9876903149310516,4.288335234310908,-0.0
39050,-2.0191763681061135,4.275472125090217,-0.0
39060,-2.0505908423572317,4.262372011541414,-0.0
39070,-2.0819318815856334,4.249035097717813,-0.0
39080,-2.113197626448687,4.235461602937879,-0.0
39090,-2.1443862144897143,4.221651761881524,-0.0
39100,-2.1754957802696304,4.2076058246853245,-0.0
39110,-2.2065244555004515,4.193324057036722,-0.0
39120,-2.237470369180625,4.178806740267095,-0.0
39130,-2.2683316477321918,4.164054171443706,-0.0
39140,-2.2991064151397804,4.149066663460494,-0.0
39150,-2.32979279309142,4.133844545127672,-0.0
39160,-2.3603889011211603,4.118388161260087,-0.0
39170,-2.390892856753509,4.102697872764349,-0.0
39180,-2.4213027756496492,4.086774056724619,-0.0
39190,-2.4516167717554604,4.070617106487138,-0.0
39200,-2.481832957451307,4.054227431743337,-0.0
39210,-2.5119494437036045,4.03760545861161,-0.0
39220,-2.5419643402181373,4.020751629717622,-0.0
39230,-2.5718757555951286,4.003666404273198,-0.0
39240,-2.601681797486045,3.9863502581537054,-0.0
39250,-2.6313805727521213,3.968803683973918,-0.0
39260,-2.660970187624603,3.951027191162336,-0.0
39270,-2.6904487478666796,3.9330213060339174,-0.0
39280,-2.7198143589371018,3.91478657186118,-0.0
39290,-2.749065126155478,3.8963235489436827,-0.0
39300,-2.77819915486921,3.8776328146757963,-0.0
39310,-2.8072145506220685,3.858714963612755,-0.0
39320,-2.83610941932441,3.8395706075350096,-0.0
39330,-2.8648818674249656,3.820200375510728,-0.0
39340,-2.8935300020842436,3.800604913956544,-0.0
39350,-2.922051931349488,3.7807848866964386,-0.0
39360,-2.9504457643311905,3.7607409750187384,-0.0
39370,-2.978709611381133,3.7404738777312243,-0.0
39380,-3.0068415842719336,3.7199843112142856,-0.0
39390,-3.0348397963780913,3.6992730094721082,-0.0
39400,-3.062702362858493,3.678340724181866,-0.0
39410,-3.090427400840372,3.657188224740874,-0.0
39420,-3.1180130296046866,3.6358162983116817,-0.0
39430,-3.1454573707728852,3.6142257498650534,-0.0
39440,-3.1727585484950738,3.5924174022208493,-0.0
39450,-3.1999146896395243,3.5703920960867412,-0.0
39460,-3.2269239239835,3.5481506900947335,-0.0
39470,-3.2537843844053884,3.525694060835471,-0.0
39480,-3.2804942070781173,3.503023102890315,-0.0
39490,-3.307051531663807,3.4801387288611285,-0.0
39500,-3.333454501509649,3.4570418693977705,-0.0
39510,-3.3597012638449697,3.433733473223243,-0.0
39520,-3.385789969979467,3.4102145071564975,-0.0
39530,-3.411718775502576,3.3864859561328395,-0.0
39540,-3.437485840483933,3.3625488232219154,-0.0
39550,-3.4630893296749194,3.338404129643269,-0.0
39560,-3.4885274127112487,3.3140529147794155,-0.0
39570,-3.513798264316559,3.2894962361864284,-0.0
39580,-3.5389000645069757,3.264735169601991,-0.0
39590,-3.5638309987966363,3.2397708089509143,-0.0
39600,-3.5885892584041152,3.2146042663480725,-0.0
39610,-3.6131730404597215,3.189236672098744,-0.0
39620,-3.6375805482136534,3.1636691746963264,-0.0
39630,-3.6618099912449353,3.1379029408174053,-0.0
39640,-3.685859585671146,3.1119391553141504,-0.0
39650,-3.7097275543588815,3.0857790212040332,-0.0
39660,-3.733412127134895,3.0594237596568084,-0.0
39670,-3.756911540997922,3.032874609978774,-0.0
39680,-3.780224040331099,3.0061328295942586,-0.0
39690,-3.8033478771149944,2.979199694024349,-0.0
39700,-3.8262813111411575,2.9520764968627953,-0.0
39710,-3.84902261022619,2.9247645497491157,-0.0
39720,-3.871570050426271,2.8972651823388507,-0.0
39730,-3.893921916252097,2.869579742270964,-0.0
39740,-3.916076500884238,2.8417095951323743,-0.0
39750,-3.9380321063887846,2.8136561244195817,-0.0
39760,-3.959787043933329,2.7854207314973976,-0.0
39770,-3.9813396340032,2.7570048355547496,-0.0
39780,-4.002688206617878,2.7284098735575304,-0.0
39790,-4.023831101547625,2.699637300198515,-0.0
39800,-4.0447666685301975,2.670688587844288,-0.0
39810,-4.065493267487675,2.6415652264792078,-0.0
39820,-4.086009268743297,2.6122687236463604,-0.0
39830,-4.106313053238295,2.5828006043855085,-0.0
39840,-4.126403012748696,2.5531624111680387,-0.0
39850,-4.146277550101985,2.5233557038288565,-0.0
39860,-4.165935079393648,2.493382059495262,-0.0
39870,-4.185374026203519,2.463243072512773,-0.0
39880,-4.204592827811858,2.432940354367886,-0.0
39890,-4.223589933415188,2.402475533607784,-0.0
39900,-4.242363804341761,2.3718502557569794,-0.0
39910,-4.260912914266642,2.34106618323086,-0.0
39920,-4.279235749426374,2.3101249952461806,-0.0
39930,-4.29733080883317,2.2790283877284607,-0.0
39940,-4.315196604488536,2.247778073216284,-0.0
39950,-4.332831661596366,2.2163757807625277,-0.0
39960,-4.350234518775375,2.1848232558324825,-0.0
39970,-4.367403728270865,2.1531222601988915,-0.0
39980,-4.384337856165777,2.1212745718338946,-0.0
39990,-4.401035482590943,2.089281984797873,-0.0
40000,-4.4174952019345275,2.057146309125215,-0.0
40010,-4.433715623050587,2.0248693707069823,-0.0
40020,-4.449695369466714,1.9924530111705072,-0.0
40030,-4.465433079590679,1.9598990877558924,-0.0
40040,-4.480927406916077,1.9272094731894556,-0.0
40050,-4.496177020226876,1.8943860555540906,-0.0
40060,-4.511180603800824,1.8614307381565687,-0.0
40070,-4.525936857611718,1.8283454393917975,-0.0
40080,-4.540444497530405,1.7951320926040255,-0.0
40090,-4.5547022555245205,1.7617926459450148,-0.0
40100,-4.56870887985688,1.7283290622291863,-0.0
40110,-4.582463135282515,1.6947433187857615,-0.0
40120,-4.595963803244258,1.6610374073078986,-0.0
40130,-4.6092096820668305,1.6272133336988333,-0.0
40140,-4.622199587149435,1.5932731179150679,-0.0
40150,-4.634932351156735,1.5592187938065885,-0.0
40160,-4.647406824208208,1.5250524089541446,-0.0
40170,-4.659621874065801,1.4907760245036046,-0.0
40180,-4.671576386319881,1.456391714997411,-0.0
40190,-4.683269264573382,1.421901568203148,-0.0
40200,-4.694699430624112,1.3873076849392374,-0.0
40210,-4.705865824645197,1.352612178897796,-0.0
40220,-4.7167674053635595,1.3178171764646645,-0.0
40230,-4.727403150236463,1.2829248165366414,-0.0
40240,-4.737772055625983,1.2479372503359336,-0.0
40250,-4.747873136971413,1.21285664122186,-0.0
40260,-4.757705428959564,1.1776851644998247,-0.0
40270,-4.76726798569286,1.142425007227594,-0.0
40280,-4.776559880855222,1.1070783680188931,-0.0
40290,-4.7855802078756975,1.0716474568443701,-0.0
40300,-4.794328080089749,1.0361344948299296,-0.0
40310,-4.802802630898203,1.0005417140524953,-0.0
40320,-4.811003013923772,0.9648713573332078,-0.0
40330,-4.818928403165142,0.9291256780281054,-0.0
40340,-4.826577993148554,0.8933069398163161,-0.0
40350,-4.8339509990768335,0.8574174164857886,-0.0
40360,-4.84104665697584,0.8214593917166036,-0.0
40370,-4.847864223838299,0.7854351588619047,-0.0
40380,-4.854402977764937,0.74934702072647,-0.0
40390,-4.860662218102924,0.7131972893429793,-0.0
40400,-4.866641265581538,0.6769882857460015,-0.0
40410,-4.872339462445043,0.6407223397437464,-0.0
40420,-4.877756172582725,0.604401789687622,-0.0
40430,-4.882890781656049,0.5680289822396357,-0.0
40440,-4.887742697222903,0.5316062721376785,-0.0
40450,-4.892311348858853,0.4951360219587358,-0.0
40460,-4.896596188275458,0.4586206018800721,-0.0
40470,-4.9005966894355035,0.4220623894384254,-0.0
40480,-4.904312348665172,0.38546376928725873,-0.0
40490,-4.907742684763141,0.348827132952118,-0.0
40500,-4.910887239106499,0.31215487858413427,-0.0
40510,-4.913745575753512,0.27544941071172324,-0.0
40520,-4.916317281543159,0.2387131399905248,-0.0
40530,-4.91860196619146,0.20194848295163453,-0.0
40540,-4.920599262384483,0.16515786174817135,-0.0
40550,-4.922308825868085,0.12834370390023375,-0.0
40560,-4.9237303355343025,0.09150844203829353,-0.0
40570,-4.924863493504361,0.054654513645076036,-0.0
40580,-4.925708025208326,0.017784360795980267,-0.0
40590,-4.926263679461284,-0.01909957010191117,-0.0
40600,-4.9265302285361265,-0.055994828572179405,-0.0
40610,-4.926507468232805,-0.09289896033272119,-0.0
40620,-4.926195217944135,-0.12980950756065213,-0.0
40630,-4.925593320718041,-0.16672400915840757,-0.0
40640,-4.9247016433162605,-0.20364000102098584,-0.0
40650,-4.9235200762694795,-0.24055501630428017,-0.0
40660,-4.922048533928888,-0.277466585694444,-0.0
40670,-4.920286954514102,-0.31437223767823225,-0.0
40680,-4.918235300157463,-0.3512694988142643,-0.0
40690,-4.91589355694468,-0.38815589400515,-0.0
40700,-4.9132617349518295,-0.4250289467704254,-0.0
40710,-4.910339868278623,-0.4618861795202348,-0.0
40720,-4.907128015078024,-0.4987251138297078,-0.0
40730,-4.903626257582112,-0.5355432707139676,-0.0
40740,-4.899834702124255,-0.5723381709037189,-0.0
40750,-4.89575347915749,-0.6091073351213452,-0.0
40760,-4.891382743269207,-0.6458482843574727,-0.0
40770,-4.886722673192043,-0.6825585401479258,-0.0
40780,-4.881773471811,-0.7192356248510257,-0.0
40790,-4.8765353661668,-0.755877061925165,-0.0
40800,-4.87100860745543,-0.7924803762066037,-0.0
40810,-4.8651934710239315,-0.8290430941874251,-0.0
40820,-4.859090256362355,-0.8655627442935895,-0.0
40830,-4.852699287091934,-0.9020368571630255,-0.0
40840,-4.846020910949452,-0.9384629659237039,-0.0
40850,-4.839055499767795,-0.9748386064716226,-0.0
40860,-4.831803449452716,-1.0111613177486565,-0.0
40870,-4.824265179955762,-1.0474286420201961,-0.0
40880,-4.816441135243449,-1.0836381251525298,-0.0
40890,-4.808331783262571,-1.119787316889894,-0.0
40900,-4.799937615901769,-1.1558737711311433,-0.0
40910,-4.791259148949269,-1.1918950462059712,-0.0
40920,-4.782296922046854,-1.227848705150627,-0.0
40930,-4.773051498640052,-1.2637323159830642,-0.0
40940,-4.763523465924545,-1.2995434519774622,-0.0
40950,-4.753713434788833,-1.3352796919380603,-0.0
40960,-4.743622039753118,-1.370938620472244,-0.0
40970,-4.733249938904483,-1.406517828262824,-0.0
40980,-4.722597813828323,-1.4420149123394537,-0.0
40990,-4.711666369536058,-1.4774274763491102,-0.0
41000,-4.700456334389161,-1.512753130825598,-0.0
41010,-4.688968460019495,-1.547989493458007,-0.0
41020,-4.677203521246,-1.5831341893580695,-0.0
41030,-4.665162315987675,-1.6181848513263444,-0.0
41040,-4.652845665173022,-1.6531391201172014,-0.0
41050,-4.640254412645803,-1.6879946447025167,-0.0
41060,-4.627389425067241,-1.722749082534033,-0.0
41070,-4.614251591814652,-1.7574000998043364,-0.0
41080,-4.600841824876523,-1.7919453717063805,-0.0
41090,-4.587161058744093,-1.8263825826915132,-0.0
41100,-4.573210250299424,-1.8607094267259396,-0.0
41110,-4.558990378699998,-1.8949236075455747,-0.0
41120,-4.544502445259881,-1.9290228389092228,-0.0
41130,-4.529747473327489,-1.9630048448500446,-0.0
41140,-4.514726508159944,-1.9968673599252411,-0.0
41150,-4.499440616794083,-2.030608129463906,-0.0
41160,-4.483890887914167,-2.0642249098130105,-0.0
41170,-4.4680784317162665,-2.0977154685814434,-0.0
41180,-4.452004379769411,-2.1310775848820707,-0.0
41190,-4.4356698848735,-2.164309049571762,-0.0
41200,-4.419076120914028,-2.19740766548933,-0.0
41210,-4.402224282713669,-2.2303712476913446,-0.0
41220,-4.385115585880717,-2.263197623685755,-0.0
41230,-4.36775126665447,-2.295884633663291,-0.0
41240,-4.350132581747551,-2.3284301307265785,-0.0
41250,-4.332260808185227,-2.3608319811169327,-0.0
41260,-4.3141372431417855,-2.3930880644388006,-0.0
41270,-4.295763203773949,-2.4251962738817574,-0.0
41280,-4.277140027051448,-2.457154516440078,-0.0
41290,-4.258269069584706,-2.4889607131297793,-0.0
41300,-4.239151707449761,-2.520612799203137,-0.0
41310,-4.2197893360104315,-2.5521087243606178,-0.0
41320,-4.200183369737732,-2.5834464529601666,-0.0
41330,-4.180335242026672,-2.614623964223848,-0.0
41340,-4.16024640501039,-2.6456392524417667,-0.0
41350,-4.139918329371748,-2.676490327173262,-0.0
41360,-4.119352504152369,-2.7071752134452995,-0.0
41370,-4.098550436559198,-2.7376919519480567,-0.0
41380,-4.077513651768647,-2.7680385992276593,-0.0
41390,-4.056243692728335,-2.7982132278760226,-0.0
41400,-4.034742119956496,-2.8282139267177664,-0.0
41410,-4.013010511339099,-2.858038800994187,-0.0
41420,-3.9910504619247344,-2.887685972544231,-0.0
41430,-3.9688635837173165,-2.917153579982462,-0.0
41440,-3.946451505466637,-2.946439778873967,-0.0
41450,-3.9238158724568453,-2.975542741906195,-0.0
41460,-3.900958346292895,-3.004460659057692,-0.0
41470,-3.8778806046850076,-3.0331917377636937,-0.0
41480,-3.854584341231204,-3.0617342030785686,-0.0
41490,-3.8310712651979726,-3.0900862978350747,-0.0
41500,-3.8073431012991032,-3.11824628280041,-0.0
41510,-3.7834015894727657,-3.1462124368290296,-0.0
41520,-3.759248484656865,-3.1739830570122116,-0.0
41530,-3.734885556562737,-3.201556458824348,-0.0
41540,-3.710314589447254,-3.2289309762659455,-0.0
41550,-3.6855373818833588,-3.2561049620033056,-0.0
41560,-3.6605557465291176,-3.2830767875048785,-0.0
41570,-3.635371509895331,-3.3098448431742686,-0.0
41580,-3.609986512111761,-3.336407538479875,-0.0
41590,-3.5844026066920294,-3.3627633020811514,-0.0
41600,-3.558621660297229,-3.3889105819514698,-0.0
41610,-3.532645552498353,-3.4148478454975875,-0.0
41620,-3.5064761755375176,-3.4405735796756796,-0.0
41630,-3.480115434088119,-3.46608629110396,-0.0
41640,-3.4535652450139227,-3.491384506171852,-0.0
41650,-3.4268275371271573,-3.516466771145714,-0.0
41660,-3.3999042509456827,-3.541331652271107,-0.0
41670,-3.372797338449267,-3.5659777358716016,-0.0
41680,-3.345508762835052,-3.5904036284441188,-0.0
41690,-3.3180404982722336,-3.614607956750783,-0.0
41700,-3.29039452965605,-3.638589367907327,-0.0
41710,-3.262572852361095,-3.662346529467981,-0.0
41720,-3.2345774719940406,-3.6858781295069054,-0.0
41730,-3.2064104041458212,-3.7091828766961337,-0.0
41740,-3.1780736741433127,-3.7322595003800267,-0.0
41750,-3.1495693168005916,-3.7551067506462554,-0.0
41760,-3.1208993761698145,-3.7777233983932947,-0.0
41770,-3.092065905291759,-3.80010823539444,-0.0
41780,-3.0630709659461286,-3.8222600743583732,-0.0
41790,-3.033916628401607,-3.8441777489862248,-0.0
41800,-3.004604971165787,-3.865860114025217,-0.0
41810,-2.975138080734964,-3.887306045318805,-0.0
41820,-2.945518051343901,-3.9085144398534144,-0.0
41830,-2.9157469847155904,-3.9294842158017227,-0.0
41840,-2.8858269898110613,-3.9502143125624993,-0.0
41850,-2.8557601825793135,-3.97070369079706,-0.0
41860,-2.8255486857073935,-3.99095133246228,-0.0
41870,-2.7951946283707048,-4.010956240840249,-0.0
41880,-2.764700145983557,-4.030717440564501,-0.0
41890,-2.734067379950061,-4.0502339776429315,-0.0
41900,-2.703298477415368,-4.069504919477313,-0.0
41910,-2.6723955910173367,-4.088529354879502,-0.0
41920,-2.641360878638679,-4.107306394084337,-0.0
41930,-2.610196503159596,-4.125835168759191,-0.0
41940,-2.5789046322110107,-4.144114832010292,-0.0
41950,-2.5474874379284005,-4.162144558385743,-0.0
41960,-2.515947096706298,-4.1799235438753195,-0.0
41970,-2.4842857889534944,-4.197451005907014,-0.0
41980,-2.452505698849027,-4.21472618334042,-0.0
41990,-2.4206090140989422,-4.2317483364569,-0.0
42000,-2.3885979256939263,-4.2485167469466,-0.0
42010,-2.3564746276678328,-4.265030717892352,-0.0
42020,-2.324241316857149,-4.281289573750438,-0.0
42030,-2.291900192661451,-4.297292660328295,-0.0
42040,-2.2594534568048834,-4.31303934475913,-0.0
42050,-2.2269033130987244,-4.328529015473538,-0.0
42060,-2.1942519672050476,-4.343761082168069,-0.0
42070,-2.1615016264015656,-4.358734975770869,-0.0
42080,-2.1286544993476517,-4.3734501484043165,-0.0
42090,-2.095712795851612,-4.387906073344776,-0.0
42100,-2.0626787266392412,-4.402102244979448,-0.0
42110,-2.029554503123678,-4.416038178760331,-0.0
42120,-1.9963423371766444,-4.429713411155397,-0.0
42130,-1.9630444409010621,-4.443127499596927,-0.0
42140,-1.9296630264051058,-4.4562800224270855,-0.0
42150,-1.8962003055777341,-4.469170578840782,-0.0
42160,-1.8626584898657108,-4.481798788825776,-0.0
42170,-1.8290397900521844,-4.49416429310017,-0.0
42180,-1.795346416036826,-4.506266753047208,-0.0
42190,-1.7615805766175916,-4.518105850647516,-0.0
42200,-1.7277444792741101,-4.529681288408725,-0.0
42210,-1.6938403299527587,-4.540992789292599,-0.0
42220,-1.6598703328534434,-4.552040096639648,-0.0
42230,-1.6258366902181052,-4.562822974091259,-0.0
42240,-1.591741602121002,-4.573341205509417,-0.0
42250,-1.557587266260788,-4.583594594894028,-0.0
42260,-1.5233758777544129,-4.593582966297886,-0.0
42270,-1.4891096289328776,-4.60330616373932,-0.0
42280,-1.4547907091388639,-4.612764051112542,-0.0
42290,-1.420421304526279,-4.621956512095788,-0.0
42300,-1.3860035978617262,-4.630883450057208,-0.0
42310,-1.351539768327934,-4.639544787958622,-0.0
42320,-1.3170319913291644,-4.647940468257117,-0.0
42330,-1.2824824382986302,-4.656070452804582,-0.0
42340,-1.2478932765079345,-4.663934722745161,-0.0
42350,-1.2132666688785598,-4.671533278410699,-0.0
42360,-1.1786047737954297,-4.6788661392142314,-0.0
42370,-1.1439097449225608,-4.685933343541514,-0.0
42380,-1.1091837310208177,-4.692734948640657,-0.0
42390,-1.0744288757678082,-4.699271030509926,-0.0
42400,-1.039647317579915,-4.705541683783695,-0.0
42410,-1.0048411894364981,-4.711547021616641,-0.0
42420,-0.9700126187062755,-4.7172871755662,-0.0
42430,-0.9351637269758989,-4.722762295473304,-0.0
42440,-0.9002966298807471,-4.727972549341501,-0.0
42450,-0.8654134369379385,-4.732918123214415,-0.0
42460,-0.830516251381588,-4.737599221051656,-0.0
42470,-0.7956071700003161,-4.742016064603181,-0.0
42480,-0.7606882829770203,-4.7461688932821575,-0.0
42490,-0.7257616737309274,-4.750057964036385,-0.0
42500,-0.690829418761927,-4.753683551218269,-0.0
42510,-0.6558935874972092,-4.757045946453457,-0.0
42520,-0.6209562421402035,-4.760145458508119,-0.0
42530,-0.5860194375218332,-4.7629824131549094,-0.0
42540,-0.5510852209540953,-4.765557153037716,-0.0
42550,-0.5161556320859694,-4.767870037535173,-0.0
42560,-0.48123270276166114,-4.769921442622973,-0.0
42570,-0.44631845688119215,-4.7717117607350845,-0.0
42580,-0.41141491026333554,-4.773241400623861,-0.0
42590,-0.37652407051090125,-4.774510787219054,-0.0
42600,-0.341647936878382,-4.775520361485864,-0.0
42610,-0.30678850014195386,-4.776270580281968,-0.0
42620,-0.27194774247184195,-4.776761916213638,-0.0
42630,-0.2371276373070475,-4.77699485749094,-0.0
42640,-0.20233014923243917,-4.776969907782065,-0.0
42650,-0.16755723385821128,-4.776687586066858,-0.0
42660,-0.1328108377017058,-4.776148426489553,-0.0
42670,-0.0980928980715989,-4.775352978210729,-0.0
42680,-0.06340534295445141,-4.774301805258615,-0.0
42690,-0.028750090903619782,-4.7729954863796715,-0.0
42700,0.005870949069473892,-4.771434614888561,-0.0
42710,0.04045587760171613,-4.7696197985175095,-0.0
42720,0.07500280508232425,-4.76755165926513,-0.0
42730,0.10950985175452072,-4.765230833244685,-0.0
42740,0.14397514781486445,-4.76265797053189,-0.0
42750,0.1783968335102442,-4.759833735012255,-0.0
42760,0.21277305923254072,-4.756758804228015,-0.0
42770,0.24710198561096194,-4.753433869224659,-0.0
42780,0.2813817836020626,-4.749859634397161,-0.0
42790,0.3156106345774483,-4.746036817335824,-0.0
42800,0.3497867304091816,-4.741966148671942,-0.0
42810,0.3839082735528891,-4.737648371923125,-0.0
42820,0.4179734771285863,-4.733084243338504,-0.0
42830,0.45198056499922384,-4.728274531743685,-0.0
42840,0.48592777184696856,-4.723220018385615,-0.0
42850,0.5198133432472284,-4.717921496777309,-0.0
42860,0.5536355357404332,-4.7123797725425245,-0.0
42870,0.5873926169015802,-4.706595663260371,-0.0
42880,0.6210828654075569,-4.700569998309907,-0.0
42890,0.6547045711022577,-4.694303618714786,-0.0
42900,0.688256035059499,-4.68779737698791,-0.0
42910,0.721735569643754,-4.681052136976207,-0.0
42920,0.7551414985687107,-4.674068773705471,-0.0
42930,0.7884721569536796,-4.666848173225393,-0.0
42940,0.8217258913778529,-4.6593912324547215,-0.0
42950,0.8549010599324384,-4.6516988590266495,-0.0
42960,0.8879960322706791,-4.6437719711344165,-0.0
42970,0.9210091896557714,-4.63561149737716,-0.0
42980,0.9539389250067059,-4.627218376606075,-0.0
42990,0.9867836429420351,-4.618593557770854,-0.0
43000,1.0195417598215977,-4.609737999766495,-0.0
43010,1.0522117037861989,-4.600652671280446,-0.0
43020,1.0847919147952838,-4.591338550640163,-0.0
43030,1.1172808446626041,-4.58179662566108,-0.0
43040,1.1496769570899024,-4.572027893495,-0.0
43050,1.1819787276986349,-4.562033360478991,-0.0
43060,1.2141846440597417,-4.551814041984735,-0.0
43070,1.2462932057214966,-4.541370962268426,-0.0
43080,1.2783029242354373,-4.530705154321179,-0.0
43090,1.310212323180407,-4.5198176597200055,-0.0
43100,1.3420199381847306,-4.508709528479408,-0.0
43110,1.3737243169465243,-4.497381818903526,-0.0
43120,1.405324019252183,-4.485835597438957,-0.0
43130,1.4368176169930447,-4.474071938528202,-0.0
43140,1.4682036941802696,-4.4620919244638015,-0.0
43150,1.4994808469579304,-4.449896645243134,-0.0
43160,1.530647683614367,-4.437487198423977,-0.0
43170,1.5617028245917841,-4.4248646889807235,-0.0
43180,1.5926449024941634,-4.4120302291614495,-0.0
43190,1.6234725620934551,-4.398984938345657,-0.0
43200,1.6541844603341096,-4.385729942902843,-0.0
43210,1.6847792663359689,-4.3722663760519165,-0.0
43220,1.7152556613955037,-4.358595377721353,-0.0
43230,1.7456123389854639,-4.34471809441027,-0.0
43240,1.7758480047529275,-4.330635679050312,-0.0
43250,1.8059613765157905,-4.316349290868426,-0.0
43260,1.8359511842577092,-4.301860095250527,-0.0
43270,1.8658161701215201,-4.287169263606073,-0.0
43280,1.8955550884011583,-4.272277973233542,-0.0
43290,1.9251667055320991,-4.257187407186867,-0.0
43300,1.9546498000803338,-4.241898754142801,-0.0
43310,1.9840031627299206,-4.226413208269256,-0.0
43320,2.0132255962691192,-4.2107319690946285,-0.0
43330,2.0423159155751187,-4.19485624137807,-0.0
43340,2.071272947597421,-4.178787234980817,-0.0
43350,2.1000955313398544,-4.16252616473849,-0.0
43360,2.128782517841279,-4.146074250334454,-0.0
43370,2.1573327701549707,-4.129432716174168,-0.0
43380,2.1857451633267435,-4.112602791260643,-0.0
43390,2.214018584371792,-4.0955857090708925,-0.0
43400,2.242151932250319,-4.078382707433514,-0.0
43410,2.2701441178419306,-4.060995028407305,-0.0
43420,2.297994063918842,-4.043423918160971,-0.0
43430,2.3257007051179266,-4.0256706268539615,-0.0
43440,2.3532629879115943,-4.007736408518367,-0.0
43450,2.380679870577562,-3.989622520941961,-0.0
43460,2.4079503231675146,-3.971330225552354,-0.0
43470,2.435073327474676,-3.952860787302271,-0.0
43480,2.462047877000331,-3.9342154745559657,-0.0
43490,2.488872976919303,-3.915395558976783,-0.0
43500,2.5155476440444113,-3.8964023154158633,-0.0
43510,2.542070906789949,-3.8772370218020136,-0.0
43520,2.568441805134168,-3.8579009590327216,-0.0
43530,2.5946593905808237,-3.838395410866346,-0.0
43540,2.6207227261197916,-3.818721663815477,-0.0
43550,2.6466308861867742,-3.7988810070414782,-0.0
43560,2.672382956622115,-3.7788747322501943,-0.0
43570,2.697978034628752,-3.7587041335888505,-0.0
43580,2.723415228729331,-3.7383705075441465,-0.0
43590,2.74869365872249,-3.7178751528415286,-0.0
43600,2.773812455638341,-3.6972193703456635,-0.0
43610,2.7987707616931785,-3.6764044629621107,-0.0
43620,2.8235677302434206,-3.6554317355401857,-0.0
43630,2.8482025257388117,-3.6343024947770357,-0.0
43640,2.8726743236749073,-3.6130180491229034,-0.0
43650,2.896982310544867,-3.5915797086876156,-0.0
43660,2.92112568379056,-3.5699887851482632,-0.0
43670,2.9451036517530205,-3.5482465916580943,-0.0
43680,2.9689154336222545,-3.526354442756603,-0.0
43690,2.9925602593864467,-3.5043136542808484,-0.0
43700,3.0160373697805545,-3.4821255432779625,-0.0
43710,3.039346016234335,-3.4597914279188764,-0.0
43720,3.062485460819803,-3.437312627413246,-0.0
43730,3.085454976198167,-3.414690461925601,-0.0
43740,3.1082538455662196,-3.3919262524926688,-0.0
43750,3.1308813626022594,-3.36902132094194,-0.0
43760,3.153336831411508,-3.345976989811416,-0.0
43770,3.175619566471068,-3.3227945822705505,-0.0
43780,3.1977288925744585,-3.299475422042424,-0.0
43790,3.2196641447756846,-3.2760208333270695,-0.0
43800,3.2414246683329515,-3.2524321407260404,-0.0
43810,3.2630098186519447,-3.2287106691681338,-0.0
43820,3.2844189612287664,-3.2048577438363264,-0.0
43830,3.3056514715925047,-3.1808746900958793,-0.0
43840,3.326706735247488,-3.1567628334236506,-0.0
43850,3.347584147615202,-3.1325234993385602,-0.0
43860,3.3682831139759135,-3.1081580133332523,-0.0
43870,3.388803049410016,-3.083667700806915,-0.0
43880,3.4091433787391066,-3.0590538869992785,-0.0
43890,3.429303536466818,-3.0343178969257734,-0.0
43900,3.4492829667194096,-3.0094610553138468,-0.0
43910,3.46908112318616,-2.9844846865404393,-0.0
43920,3.4886974690595367,-2.9593901145705974,-0.0
43930,3.5081314769752123,-2.9341786628972533,-0.0
43940,3.527382628951889,-2.9088516544821204,-0.0
43950,3.546450416330989,-2.883410411697743,-0.0
43960,3.5653343397162005,-2.857856256270663,-0.0
43970,3.5840339089129105,-2.832190509225711,-0.0
43980,3.602548642867525,-2.806414490831417,-0.0
43990,3.6208780696067184,-2.7805295205465392,-0.0
44000,3.639021726176582,-2.754536916967679,-0.0
44010,3.656979158581735,-2.72843799777801,-0.0
44020,3.6747499217243833,-2.7022340796971003,-0.0
44030,3.692333579343353,-2.675926478431811,-0.0
44040,3.7097297039530908,-2.649516508628276,-0.0
44050,3.726937876782693,-2.6230054838249637,-0.0
44060,3.7439576877149157,-2.596394716406789,-0.0
44070,3.760788735225218,-2.5696855175602855,-0.0
44080,3.7774306263208732,-2.542879197229852,-0.0
44090,3.793882976480089,-2.515977064075002,-0.0
44100,3.810145409591223,-2.488980425428685,-0.0
44110,3.826217557892061,-2.4618905872566135,-0.0
44120,3.8420990619092024,-2.4347088541176247,-0.0
44130,3.857789570397532,-2.407436529125045,-0.0
44140,3.87328874027982,-2.3800749139090622,-0.0
44150,3.8885962365864524,-2.352625308580102,-0.0
44160,3.9037117323952906,-2.325089011693182,-0.0
44170,3.9186349087716907,-2.297467320213252,-0.0
44180,3.9333654547086896,-2.269761529481506,-0.0
44190,3.9479030670673687,-2.2419729331826628,-0.0
44200,3.962247450517389,-2.21410282331319,-0.0
44210,3.97639831747774,-2.1861524901504863,-0.0
44220,3.9903553880577083,-2.158123222223002,-0.0
44230,4.004118389998023,-2.130016306281277,-0.0
44240,4.0176870586122995,-2.1018330272699206,-0.0
44250,4.031061136728639,-2.073574668300474,-0.0
44260,4.044240374631579,-2.0452425106252137,-0.0
44270,4.057224530004213,-2.016837833611812,-0.0
44280,4.070013367870642,-1.9883619147189078,-0.0
44290,4.082606660538682,-1.959816029472543,-0.0
44300,4.09500418754288,-1.9312014514434728,-0.0
44310,4.107205735587801,-1.9025194522253195,-0.0
44320,4.119211098491656,-1.8737713014135946,-0.0
44330,4.131020077130242,-1.8449582665855484,-0.0
44340,4.14263247938119,-1.8160816132808477,-0.0
44350,4.154048120068574,-1.7871426049830834,-0.0
44360,4.165266820907855,-1.7581425031020808,-0.0
44370,4.176288410451188,-1.7290825669570213,-0.0
44380,4.187112724033062,-1.6999640537603402,-0.0
44390,4.197739603716351,-1.6707882186024274,-0.0
44400,4.208168898238725,-1.641556314437089,-0.0
44410,4.218400462959427,-1.612269592067769,-0.0
44420,4.228434159806487,-1.5829293001345404,-0.0
44430,4.238269857224304,-1.5535366851018275,-0.0
44440,4.247907430121636,-1.5240929912468628,-0.0
44450,4.257346759820031,-1.49459946064888,-0.0
44460,4.266587734002668,-1.465057333179012,-0.0
44470,4.27563024666361,-1.4354678464908959,-0.0
44480,4.284474198057531,-1.4058322360119806,-0.0
44490,4.293119494649849,-1.376151734935511,-0.0
44500,4.301566049067336,-1.3464275742131964,-0.0
44510,4.309813780049172,-1.3166609825485405,-0.0
44520,4.317862612398455,-1.2868531863908295,-0.0
44530,4.325712476934203,-1.2570054099297667,-0.0
44540,4.333363310443793,-1.2271188750907458,-0.0
44550,4.340815055635924,-1.1971948015307492,-0.0
44560,4.3480676610940385,-1.1672344066348666,-0.0
44570,4.355121081230219,-1.1372389055134133,-0.0
44580,4.361975276239631,-1.1072095109996596,-0.0
44590,4.368630212055426,-1.0771474336481346,-0.0
44600,4.375085860304158,-1.0470538817335142,-0.0
44610,4.3813421982617315,-1.016930061250079,-0.0
44620,4.387399208809831,-0.9867771759117228,-0.0
44630,4.393256880392923,-0.9565964271525216,-0.0
44640,4.398915206975724,-0.9263890141278271,-0.0
44650,4.40437418800125,-0.8961561337159005,-0.0
44660,4.409633828349359,-0.8658989805200566,-0.0
44670,4.414694138295878,-0.8356187468713252,-0.0
44680,4.419555133472216,-0.8053166228316019,-0.0
44690,4.424216834825578,-0.774993796197298,-0.0
44700,4.428679268579698,-0.744651452503464,-0.0
44710,4.432942466196124,-0.7142907750283826,-0.0
44720,4.437006464336094,-0.6839129447986273,-0.0
44730,4.44087130482292,-0.6535191405945643,-0.0
44740,4.444537034604992,-0.6231105389563003,-0.0
44750,4.448003705719305,-0.5926883141900572,-0.0
44760,4.451271375255591,-0.5622536383749718,-0.0
44770,4.454340105320993,-0.5318076813703017,-0.0
44780,4.457209963005352,-0.5013516108230394,-0.0
44790,4.459881020347035,-0.47088659217591233,-0.0
44800,4.462353354299376,-0.44041378867576814,-0.0
44810,4.46462704669768,-0.4099343613823327,-0.0
44820,4.466702184226832,-0.3794494691773309,-0.0
44830,4.4685788583894865,-0.34896026877396097,-0.0
44840,4.470257165474844,-0.3184679147267117,-0.0
44850,4.4717372065280285,-0.28797355944151565,-0.0
44860,4.473019087320064,-0.25747835318622636,-0.0
44870,4.474102918318438,-0.2269834441014108,-0.0
44880,4.474988814658273,-0.1964899782114476,-0.0
44890,4.475676896114097,-0.16599909943592203,-0.0
44900,4.476167287072226,-0.13551194960130789,-0.0
44910,4.47646011650372,-0.10502966845292566,-0.0
44920,4.476555517937998,-0.07455339366717069,-0.0
44930,4.476453629436999,-0.044084260863998075,-0.0
44940,4.476154593570006,-0.013623403619658456,-0.0
44950,4.475658557389048,0.016828046520327336,-0.0
44960,4.474965672404919,0.04726896002796243,-0.0
44970,4.474076094563813,0.07769820937934682,-0.0
44980,4.472989984224572,0.1081146690410381,-0.0
44990,4.4717075061365446,0.13851721545620954,-0.0
45000,4.47022882941806,0.16890472703061424,-0.0
45010,4.4685541275355165,0.19927608411836495,-0.0
45020,4.4666835782830825,0.22963016900753835,-0.0
45030,4.464617363763023,0.2599658659056137,-0.0
45040,4.462355670366632,0.29028206092475406,-0.0
45050,4.459898688755792,0.32057764206693967,-0.0
45060,4.4572466138451325,0.3508514992089621,-0.0
45070,4.454399644784825,0.3811025240872889,-0.0
45080,4.451357984943988,0.41132961028280757,-0.0
45090,4.448121841894698,0.44153165320545695,-0.0
45100,4.444691427396641,0.4717075500787572,-0.0
45110,4.441066957382351,0.5018561999242432,-0.0
45120,4.4372486519430945,0.5319765035458165,-0.0
45130,4.4332367353153455,0.5620673635140172,-0.0
45140,4.429031435867884,0.5921276841502311,-0.0
45150,4.4246329860895335,0.6221563715108388,-0.0
45160,4.420041622577466,0.6521523333713131,-0.0
45170,4.415257586026162,0.6821144792102759,-0.0
45180,4.410281121216961,0.7120417201935253,-0.0
45190,4.405112477008233,0.7419329691580365,-0.0
45200,4.399751906326154,0.7717871405959487,-0.0
45210,4.394199666156103,0.8016031506385473,-0.0
45220,4.38845601753466,0.8313799170402486,-0.0
45230,4.38252122554221,0.8611163591625941,-0.0
45240,4.376395559296158,0.8908113979582651,-0.0
45250,4.37007929194475,0.9204639559551286,-0.0
45260,4.363572700661491,0.9500729572403159,-0.0
45270,4.356876066640182,0.9796373274443502,-0.0
45280,4.349989675090539,1.0091559937253274,-0.0
45290,4.342913815234419,1.038627884753158,-0.0
45300,4.335648780302654,1.0680519306938838,-0.0
45310,4.328194867532463,1.0974270631940681,-0.0
45320,4.32055237816547,1.1267522153652791,-0.0
45330,4.312721617446319,1.1560263217686695,-0.0
45340,4.304702894621862,1.1852483183996554,-0.0
45350,4.296496522940958,1.2144171426727155,-0.0
45360,4.288102819654839,1.2435317334063043,-0.0
45370,4.279522106018072,1.2725910308079016,-0.0
45380,4.270754707290105,1.3015939764591975,-0.0
45390,4.2618009527373815,1.33053951330142,-0.0
45400,4.252661175636034,1.3594265856208192,-0.0
45410,4.2433357132751786,1.3882541390343206,-0.0
45420,4.233824906960743,1.4170211204753385,-0.0
45430,4.2241291020198934,1.4457264781797734,-0.0
45440,4.214248647806013,1.4743691616721992,-0.0
45450,4.204183897704255,1.502948121752239,-0.0
45460,4.193935209137659,1.5314623104811502,-0.0
45470,4.183502943573813,1.559910681168619,-0.0
45480,4.172887466532086,1.5882921883597698,-0.0
45490,4.1620891475914075,1.616605787822409,-0.0
45500,4.151108360398605,1.644850436534504,-0.0
45510,4.139945482677276,1.6730250926718977,-0.0
45520,4.128600896237201,1.7011287155962775,-0.0
45530,4.117074986984337,1.7291602658434158,-0.0
45540,4.10536814493128,1.7571187051116532,-0.0
45550,4.093480764208329,1.7850029962506828,-0.0
45560,4.08141324307504,1.8128121032505973,-0.0
45570,4.069165983932319,1.8405449912312413,-0.0
45580,4.056739393335035,1.8682006264318474,-0.0
45590,4.0441338820051635,1.895777976200996,-0.0
45600,4.031349864845431,1.923276008986873,-0.0
45610,4.018387760953484,1.9506936943278648,-0.0
45620,4.005247993636553,1.9780300028434643,-0.0
45630,3.9919309904266367,2.0052839062255328,-0.0
45640,3.9784371830961716,2.0324543772298935,-0.0
45650,3.9647670076742183,2.0595403896682924,-0.0
45660,3.950920904463097,2.0865409184006936,-0.0
45670,3.9368993180555787,2.113454939327978,-0.0
45680,3.9227026973524812,2.140281429384982,-0.0
45690,3.9083314955808097,2.167019366533946,-0.0
45700,3.893786170312332,2.1936677297583405,-0.0
45710,3.8790671834826433,2.220225499057092,-0.0
45720,3.8641750014106795,2.2466916554392142,-0.0
45730,3.8491100948187102,2.273065180918858,-0.0
45740,3.8338729388527732,2.2993450585107738,-0.0
45750,3.8184640131035605,2.3255302722262083,-0.0
45760,3.8028838016277606,2.3516198070692336,-0.0
45770,3.7871327929698277,2.377612649033518,-0.0
45780,3.7712114801841876,2.4035077850995443,-0.0
45790,3.7551203608578954,2.429304203232301,-0.0
45800,3.7388599371336833,2.4550008923794144,-0.0
45810,3.722430715733456,2.4805968424697684,-0.0
45820,3.705833207982193,2.506091044412606,-0.0
45830,3.6890679298322433,2.5314824900971002,-0.0
45840,3.672135401888052,2.5567701723924356,-0.0
45850,3.6550361494312615,2.581953085148384,-0.0
45860,3.6377707024462063,2.607030223196382,-0.0
45870,3.6203395956458095,2.6320005823511363,-0.0
45880,3.6027433684978436,2.6568631594127403,-0.0
45890,3.584982565251563,2.681616952169322,-0.0
45900,3.5670577349647177,2.7062609594002285,-0.0
45910,3.548969431530919,2.7307941808797556,-0.0
45920,3.530718213707361,2.7552156173814244,-0.0
45930,3.512304645142892,2.7795242706828134,-0.0
45940,3.4937292944064247,2.803719143570956,-0.0
45950,3.474992735015693,2.8277992398483116,-0.0
45960,3.4560955454663174,2.8517635643393033,-0.0
45970,3.4370383092612165,2.875611122897455,-0.0
45980,3.4178216149403107,2.8993409224131,-0.0
45990,3.3984460561105534,2.922951970821704,-0.0
46000,3.378912231476252,2.946443277112785,-0.0
46010,3.359220744869684,2.9698138513394357,-0.0
46020,3.3393722052820123,2.993062704628484,-0.0
46030,3.3193672268944536,3.016188849191244,-0.0
46040,3.2992064291097503,3.0391912983349347,-0.0
46050,3.2788904365838873,3.0620690664747054,-0.0
46060,3.2584198792580685,3.0848211691463154,-0.0
46070,3.2377953923909493,3.1074466230194653,-0.0
46080,3.217017616591103,3.1299444459117747,-0.0
46090,3.1960871978497307,3.1523136568034342,-0.0
46100,3.1750047875735845,3.174553275852507,-0.0
46110,3.1537710426181196,3.196662324410921,-0.0
46120,3.132386625320841,3.218639825041126,-0.0
46130,3.110852203534885,3.2404848015334604,-0.0
46140,3.089168450662741,3.262196278924172,-0.0
46150,3.067336045690203,3.2837732835141704,-0.0
46160,3.0453556732204854,3.3052148428884744,-0.0
46170,3.0232280235084836,3.3265199859363466,-0.0
46180,3.0009537924952303,3.3476877428721825,-0.0
46190,2.9785336818424586,3.368717145257074,-0.0
46200,2.955968398967353,3.3896072260211483,-0.0
46210,2.933258657077384,3.4103570194865895,-0.0
46220,2.9104051752053017,3.430965561391436,-0.0
46230,2.8874086782442228,3.451431888914102,-0.0
46240,2.8642698969828224,3.4717550406986426,-0.0
46250,2.840989568140629,3.4919340568807886,-0.0
46260,2.817568434403395,3.5119679791147265,-0.0
46270,2.7940072444585407,3.531855850600642,-0.0
46280,2.7703067530306713,3.55159671611304,-0.0
46290,2.746467720917139,3.571189622029828,-0.0
46300,2.7224909150236574,3.5906336163621893,-0.0
46310,2.698377108399942,3.6099277487852235,-0.0
46320,2.674127080275384,3.6290710706693874,-0.0
46330,2.649741616094732,3.648062635112732,-0.0
46340,2.625221507553773,3.6669014969739107,-0.0
46350,2.6005675526350163,3.68558671290602,-0.0
46360,2.575780555643352,3.7041173413912283,-0.0
46370,2.5508613272416816,3.7224924427762174,-0.0
46380,2.5258106844865087,3.7407110793084355,-0.0
46390,2.5006294508634768,3.7587723151731747,-0.0
46400,2.4753184563228543,3.7766752165314688,-0.0
46410,2.4498785373149286,3.7944188515588055,-0.0
46420,2.424310536825332,3.8120022904846853,-0.0
46430,2.3986153044102676,3.8294246056330095,-0.0
46440,2.3727936962316174,3.8466848714632906,-0.0
46450,2.34684657509194,3.8637821646127186,-0.0
46460,2.3207748104693353,3.8807155639390634,-0.0
46470,2.294579278552167,3.897484150564431,-0.0
46480,2.2682608622736224,3.914087007919855,-0.0
46490,2.241820451346118,3.9305232217907617,-0.0
46500,2.2152589422955096,3.9467918803632713,-0.0
46510,2.188577238495119,3.9628920742713616,-0.0
46520,2.161776250199561,3.978822896644909,-0.0
46530,2.13485689457834,3.994583443158568,-0.0
46540,2.1078200957492252,4.0101728120815325,-0.0
46550,2.0806667848113856,4.025590104328165,-0.0
46560,2.05339789987826,4.040834423509482,-0.0
46570,2.026014386110165,4.055904875985526,-0.0
46580,1.9985171957466261,4.070800570918614,-0.0
46590,1.9709072881383978,4.085520620327439,-0.0
46600,1.94318562977919,4.100064139142065,-0.0
46610,1.9153531943370712,4.114430245259808,-0.0
46620,1.8874109626855273,4.128618059601974,-0.0
46630,1.8593599229341846,4.1426267061715025,-0.0
46640,1.831201070459154,4.156455312111454,-0.0
46650,1.8029354079330193,4.170103007764437,-0.0
46660,1.7745639453544153,4.183568926732853,-0.0
46670,1.7460877000772137,4.196852205940072,-0.0
46680,1.7175076968392882,4.2099519856924745,-0.0
46690,1.6888249677908438,4.222867409742366,-0.0
46700,1.6600405525223032,4.2355976253517955,-0.0
46710,1.6311554980917304,4.248141783357246,-0.0
46720,1.6021708590517763,4.260499038235198,-0.0
46730,1.5730876974761363,4.272668548168598,-0.0
46740,1.5439070829855066,4.2846494751141835,-0.0
46750,1.5146300927730114,4.296440984870706,-0.0
46760,1.4852578116291022,4.308042247148023,-0.0
46770,1.4557913319659084,4.319452435637069,-0.0
46780,1.4262317538410185,4.330670728080699,-0.0
46790,1.3965801849806865,4.34169630634542,-0.0
46800,1.3668377408024373,4.352528356493965,-0.0
46810,1.3370055444370743,4.363166068858786,-0.0
46820,1.3070847267500447,4.373608638116347,-0.0
46830,1.2770764263621797,4.383855263362349,-0.0
46840,1.2469817896697681,4.393905148187765,-0.0
46850,1.2168019708639652,4.403757500755767,-0.0
46860,1.1865381319495099,4.413411533879489,-0.0
46870,1.1561914427627404,4.422866465100654,-0.0
46880,1.1257630809888932,4.432121516769037,-0.0
46890,1.0952542321786665,4.441175916122794,-0.0
46900,1.0646660897640312,4.450028895369598,-0.0
46910,1.0339998550732792,4.458679691768638,-0.0
46920,1.00325673734529,4.4671275477134476,-0.0
46930,0.9724379537429959,4.475371710815535,-0.0
46940,0.9415447293660368,4.483411433988873,-0.0
46950,0.9105782972625851,4.491245975535164,-0.0
46960,0.8795398984403202,4.498874599229945,-0.0
46970,0.8484307818765471,4.506296574409485,-0.0
46980,0.8172522045274332,4.513511176058486,-0.0
46990,0.7860054313363489,4.5205176848985555,-0.0
47000,0.7546917352413026,4.527315387477501,-0.0
47010,0.7233123971814435,4.533903576259369,-0.0
47020,0.6918687061026256,4.540281549715271,-0.0
47030,0.6603619589620096,4.546448612414975,-0.0
47040,0.628793460731689,4.55240407511925,-0.0
47050,0.5971645244013252,4.5581472548729405,-0.0
47060,0.5654764709797748,4.563677475098821,-0.0
47070,0.5337306294956907,4.568994065692149,-0.0
47080,0.5019283369970825,4.574096363115941,-0.0
47090,0.47007093854982124,4.578983710496987,-0.0
47100,0.43815978723506943,4.583655457722549,-0.0
47110,0.4061962441456204,4.588110961537751,-0.0
47120,0.37418167838113375,4.592349585643674,-0.0
47130,0.34211746704224805,4.59637070079611,-0.0
47140,0.31000499522355307,4.60017368490498,-0.0
47150,0.27784565600541006,4.60375792313441,-0.0
47160,0.24564085044460035,4.607122808003452,-0.0
47170,0.21339198756378666,4.610267739487433,-0.0
47180,0.18110048433977252,4.613192125119921,-0.0
47190,0.14876776569054204,4.615895380095294,-0.0
47200,0.11639526446106607,4.618376927371926,-0.0
47210,0.08398442140785645,4.620636197775924,-0.0
47220,0.05153668518225512,4.622672630105455,-0.0
47230,0.019053512312440644,4.624485671235646,-0.0
47240,-0.013463632815863451,4.626074776223959,-0.0
47250,-0.0460132779799927,4.627439408416199,-0.0
47260,-0.07859394314227519,4.628579039552938,-0.0
47270,-0.11120414047330893,4.629493149876502,-0.0
47280,-0.14384237437659872,4.630181228238422,-0.0
47290,-0.17650714151456773,4.630642772207357,-0.0
47300,-0.20919693083595858,4.6308772881774685,-0.0
47310,-0.24191022360463924,4.630884291477252,-0.0
47320,-0.2746454934298287,4.6306633064787786,-0.0
47330,-0.3074012062977563,4.63021386670734,-0.0
47340,-0.34017582060476953,4.62953551495149,-0.0
47350,-0.372967787191907,4.628627803373474,-0.0
47360,-0.40577554938094634,4.627490293619993,-0.0
47370,-0.43859754301194553,4.626122556933315,-0.0
47380,-0.47143219648228957,4.62452417426272,-0.0
47390,-0.5042779307872556,4.622694736376222,-0.0
47400,-0.5371331595621137,4.620633843972614,-0.0
47410,-0.5699962891257703,4.618341107793725,-0.0
47420,-0.6028657185259756,4.615816148736981,-0.0
47430,-0.6357398395861016,4.613058597968152,-0.0
47440,-0.6686170369535069,4.61006809703433,-0.0
47450,-0.7014956881494995,4.606844297977071,-0.0
47460,-0.7343741636209122,4.603386863445738,-0.0
47470,-0.7672508267932988,4.599695466810944,-0.0
47480,-0.8001240341257697,4.595769792278168,-0.0
47490,-0.8329921351674715,4.591609535001441,-0.0
47500,-0.8658534726157249,4.587214401197113,-0.0
47510,-0.8987063823758386,4.582584108257716,-0.0
47520,-0.9315491936225971,4.577718384865816,-0.0
47530,-0.9643802288634471,4.57261697110791,-0.0
47540,-0.9971978040033818,4.567279618588312,-0.0
47550,-1.0300002284115422,4.5617060905429945,-0.0
47560,-1.0627858049895385,4.555896161953383,-0.0
47570,-1.0955528302415103,4.549849619660083,-0.0
47580,-1.1282995943459202,4.543566262476475,-0.0
47590,-1.1610243812291041,4.5370459013022035,-0.0
47600,-1.1937254686405874,4.5302883592365175,-0.0
47610,-1.2264011282301588,4.5232934716914155,-0.0
47620,-1.2590496256267298,4.516061086504596,-0.0
47630,-1.2916692205189773,4.508591064052185,-0.0
47640,-1.3242581667377766,4.5008832773612,-0.0
47650,-1.3568147123404408,4.4929376122217395,-0.0
47660,-1.3893370996967576,4.484753967298861,-0.0
47670,-1.4218235655768485,4.4763322542441335,-0.0
47680,-1.4542723412408434,4.4676723978068145,-0.0
47690,-1.486681652530377,4.458774335944647,-0.0
47700,-1.5190497199619293,4.449638019934257,-0.0
47710,-1.551374758821982,4.440263414481066,-0.0
47720,-1.5836549792640338,4.430650497828781,-0.0
47730,-1.6158885864074486,4.42079926186834,-0.0
47740,-1.6480737804381635,4.41070971224638,-0.0
47750,-1.6802087567112338,4.4003818684730875,-0.0
47760,-1.7122917058552463,4.389815764029509,-0.0
47770,-1.7443208138785826,4.379011446474226,-0.0
47780,-1.7762942622775482,4.367968977549395,-0.0
47790,-1.8082102281463597,4.356688433286108,-0.0
47800,-1.8400668842889938,4.3451699041090475,-0.0
47810,-1.8718623993328984,4.333413494940395,-0.0
47820,-1.9035949378445787,4.321419325303015,-0.0
47830,-1.9352626604470329,4.309187529422798,-0.0
47840,-1.9668637239390594,4.2967182563302,-0.0
47850,-1.9983962814164238,4.284011669960922,-0.0
47860,-2.0298584823948906,4.271067949255709,-0.0
47870,-2.061248472935107,4.257887288259218,-0.0
47880,-2.0925643957693483,4.244469896217939,-0.0
47890,-2.1238043904301143,4.230815997677144,-0.0
47900,-2.154966593380576,4.21692583257681,-0.0
47910,-2.1860491381468665,4.202799656346506,-0.0
47920,-2.2170501554522186,4.188437739999202,-0.0
47930,-2.2479677733529253,4.173840370223959,-0.0
47940,-2.278800117376147,4.1590078494775,-0.0
47950,-2.309545310659533,4.143940496074584,-0.0
47960,-2.340201474092665,4.128638644277197,-0.0
47970,-2.3707667264602983,4.113102644382483,-0.0
47980,-2.401239184587428,4.097332862809423,-0.0
47990,-2.431616963486129,4.0813296821842036,-0.0
48000,-2.4618981765041896,4.06509350142425,-0.0
48010,-2.4920809354755242,4.0486247358209,-0.0
48020,-2.522163350872337,4.031923817120662,-0.0
48030,-2.5521435319590635,4.01499119360506,-0.0
48040,-2.5820195869480314,3.997827330168991,-0.0
48050,-2.6117896231568705,3.980432708397604,-0.0
48060,-2.6414517471676326,3.962807826641636,-0.0
48070,-2.6710040649876223,3.944953200091189,-0.0
48080,-2.700444682211922,3.9268693608479137,-0.0
48090,-2.7297717041875855,3.908556857995551,-0.0
48100,-2.7589832361795104,3.8900162576688344,-0.0
48110,-2.7880773835379453,3.871248143120676,-0.0
48120,-2.81705225186764,3.8522531147876444,-0.0
48130,-2.8459059471986015,3.833031790353671,-0.0
48140,-2.8746365761584527,3.813584804811966,-0.0
48150,-2.9032422461463834,3.793912810525134,-0.0
48160,-2.9317210655086368,3.7740164772833937,-0.0
48170,-2.960071143715568,3.753896492360954,-0.0
48180,-2.9882905915402027,3.7335535605704324,-0.0
48190,-3.016377521238319,3.712988404315364,-0.0
48200,-3.0443300467299883,3.6922017636406794,-0.0
48210,-3.0721462837826063,3.671194396281228,-0.0
48220,-3.0998243501953313,3.6499670777082005,-0.0
48230,-3.1273623659849545,3.628520601173512,-0.0
48240,-3.154758453573169,3.6068557777520724,-0.0
48250,-3.1820107379751925,3.5849734363819183,-0.0
48260,-3.209117346989733,3.5628744239021697,-0.0
48270,-3.236076411390289,3.5405596050888053,-0.0
48280,-3.2628860651177227,3.5180298626882087,-0.0
48290,-3.2895444454741147,3.4952860974484508,-0.0
48300,-3.3160496933178365,3.472329228148291,-0.0
48310,-3.342399953259862,3.449160191623876,-0.0
48320,-3.368593373861234,3.4257799427930773,-0.0
48330,-3.394628107831696,3.402189454677477,-0.0
48340,-3.420502312229454,3.3783897184219427,-0.0
48350,-3.4462141486620097,3.3543817433117824,-0.0
48360,-3.471761783488091,3.3301665567874554,-0.0
48370,-3.4971433880205702,3.305745204456778,-0.0
48380,-3.522357138730413,3.281118750104652,-0.0
48390,-3.5474012174515916,3.256288275700252,-0.0
48400,-3.572273811586909,3.231254881401646,-0.0
48410,-3.5969731143147428,3.2060196855578433,-0.0
48420,-3.6214973247966444,3.180583824708232,-0.0
48430,-3.6458446483857854,3.154948453579399,-0.0
48440,-3.6700132968361543,3.129114745079262,-0.0
48450,-3.6940014885125683,3.103083890288559,-0.0
48460,-3.7178074486013624,3.076857098449621,-0.0
48470,-3.741429409321787,3.050435596952417,-0.0
48480,-3.764865610138037,3.023820631317865,-0.0
48490,-3.7881142979718994,2.997013465178368,-0.0
48500,-3.8111737274159703,2.970015380255573,-0.0
48510,-3.8340421609473885,2.942827676335312,-0.0
48520,-3.8567178691420785,2.9154516712397283,-0.0
48530,-3.8791991308894263,2.8878887007965486,-0.0
48540,-3.901484233607378,2.8601401188054982,-0.0
48550,-3.923571473457884,2.8322072970018244,-0.0
48560,-3.945459155562704,2.804091625016942,-0.0
48570,-3.9671455942194624,2.7757945103361434,-0.0
48580,-3.9886291131179616,2.747317378253394,-0.0
48590,-4.009908045556682,2.718661671823169,-0.0
48600,-4.030980734659448,2.6898288518093376,-0.0
48610,-4.051845533592195,2.660820396631077,-0.0
48620,-4.072500805779798,2.6316378023057925,-0.0
48630,-4.09294492512294,2.602282582389044,-0.0
48640,-4.113176276214923,2.5727562679114544,-0.0
48650,-4.133193254558441,2.5430604073126077,-0.0
48660,-4.152994266782212,2.513196566371906,-0.0
48670,-4.172577730857458,2.483166328136386,-0.0
48680,-4.191942076314179,2.4529712928454965,-0.0
48690,-4.211085744457153,2.4226130778527986,-0.0
48700,-4.230007188581645,2.3920933175446204,-0.0
48710,-4.248704874188769,2.3614136632556284,-0.0
48720,-4.267177279200427,2.3305757831813287,-0.0
48730,-4.285422894173823,2.2995813622874794,-0.0
48740,-4.303440222515464,2.2684321022164284,-0.0
48750,-4.321227780694625,2.237129721190351,-0.0
48760,-4.338784098456206,2.2056759539114026,-0.0
48770,-4.356107719032966,2.1740725514587838,-0.0
48780,-4.373197199357036,2.142321281182702,-0.0
48790,-4.390051110270705,2.1104239265952467,-0.0
48800,-4.406668036736415,2.078382287258177,-0.0
48810,-4.423046578045906,2.046198178667615,-0.0
48820,-4.439185348028453,2.0138734321356457,-0.0
48830,-4.455082975258199,1.981409894668852,-0.0
48840,-4.470738103260443,1.9488094288437563,-0.0
48850,-4.4861493907169265,1.9160739126791964,-0.0
48860,-4.501315511669993,1.8832052395056316,-0.0
48870,-4.516235155725633,1.8502053178313995,-0.0
48880,-4.530907028255286,1.8170760712059035,-0.0
48890,-4.54532985059645,1.783819438079782,-0.0
48900,-4.559502360251954,1.7504373716620305,-0.0
48910,-4.573423311087883,1.7169318397741054,-0.0
48920,-4.587091473530139,1.68330482470103,-0.0
48930,-4.6005056347595,1.6495583230394895,-0.0
48940,-4.613664598905229,1.6156943455429602,-0.0
48950,-4.626567187237085,1.5817149169638558,-0.0
48960,-4.639212238355773,1.5476220758927381,-0.0
48970,-4.651598608381718,1.5134178745945828,-0.0
48980,-4.663725171142141,1.4791043788421294,-0.0
48990,-4.675590818356393,1.4446836677463368,-0.0
49000,-4.687194459819474,1.4101578335839542,-0.0
49010,-4.698535023583713,1.3755289816222374,-0.0
49020,-4.709611456138542,1.3407992299408251,-0.0
49030,-4.72042272258831,1.3059707092507973,-0.0
49040,-4.730967806828128,1.2710455627109463,-0.0
49050,-4.741245711717629,1.2360259457412752,-0.0
49060,-4.751255459252671,1.2009140258337554,-0.0
49070,-4.760996090734862,1.165711982360362,-0.0
49080,-4.770466666938914,1.1304220063784232,-0.0
49090,-4.779666268277762,1.0950463004333044,-0.0
49100,-4.7885939949653835,1.059587078358458,-0.0
49110,-4.797248967177293,1.0240465650728654,-0.0
49120,-4.805630325208659,0.9884269963759093,-0.0
49130,-4.813737229630002,0.952730618739698,-0.0
49140,-4.821568861440413,0.9169596890988819,-0.0
49150,-4.829124422218277,0.88111647463799,-0.0
49160,-4.836403134269399,0.8452032525763195,-0.0
49170,-4.843404240772585,0.8092223099504243,-0.0
49180,-4.850127005922526,0.7731759433942202,-0.0
49190,-4.856570715070024,0.7370664589167585,-0.0
49200,-4.862734674859478,0.700896171677699,-0.0
49210,-4.868618213363608,0.6646674057605231,-0.0
49220,-4.874220680215337,0.628382493943517,-0.0
49230,-4.879541446736856,0.592043777468583,-0.0
49240,-4.884579906065778,0.5556536058079005,-0.0
49250,-4.8893354732783525,0.5192143364284896,-0.0
49260,-4.893807585509733,0.48272833455471814,-0.0
49270,-4.897995702071203,0.4461979729287885,-0.0
49280,-4.9018993045643775,0.4096256315692577,-0.0
49290,-4.905517896992336,0.37301369752762964,-0.0
49300,-4.908851005867585,0.33636456464306186,-0.0
49310,-4.911898180316936,0.2996806332952422,-0.0
49320,-4.914658992183132,0.2629643101554718,-0.0
49330,-4.91713303612331,0.22621800793600982,-0.0
49340,-4.919319929704159,0.1894441451377218,-0.0
49350,-4.921219313493828,0.15264514579608515,-0.0
49360,-4.92283085115051,0.11582343922559865,-0.0
49370,-4.92415422950766,0.07898145976264576,-0.0
49380,-4.925189158655866,0.04212164650686458,-0.0
49390,-4.925935372021296,0.005246443061073236,-0.0
49400,-4.926392626440725,-0.03164170273019591,-0.0
49410,-4.9265607022330835,-0.06854033904350142,-0.0
49420,-4.926439403267559,-0.10544701034058421,-0.0
49430,-4.926028557028132,-0.1423592576336914,-0.0
49440,-4.925328014674645,-0.1792746187520795,-0.0
49450,-4.9243376511002594,-0.21619062860964103,-0.0
49460,-4.923057364985364,-0.25310481947360086,-0.0
49470,-4.921487078847867,-0.2900147212342254,-0.0
49480,-4.919626739089891,-0.32691786167549075,-0.0
49490,-4.917476316040813,-0.3638117667466512,-0.0
49500,-4.915035803996632,-0.400693960834652,-0.0
49510,-4.9123052212557035,-0.4375619670373305,-0.0
49520,-4.909284610150745,-0.47441330743734644,-0.0
49530,-4.905974037077158,-0.5112455033767848,-0.0
49540,-4.902373592517628,-0.5480560757323711,-0.0
49550,-4.898483391062972,-0.5848425451912437,-0.0
49560,-4.894303571429286,-0.6216024325272218,-0.0
49570,-4.889834296471271,-0.6583332588775075,-0.0
49580,-4.885075753191866,-0.6950325460197727,-0.0
49590,-4.880028152748047,-0.7316978166495579,-0.0
49600,-4.87469173045289,-0.768326594657933,-0.0
49610,-4.869066745773801,-0.8049164054093545,-0.0
49620,-4.863153482326993,-0.8414647760196641,-0.0
49630,-4.8569522478681355,-0.8779692356341625,-0.0
49640,-4.850463374279223,-0.9144273157057045,-0.0
49650,-4.843687217551617,-0.9508365502727467,-0.0
49660,-4.836624157765291,-0.9871944762372956,-0.0
49670,-4.8292745990642905,-1.0234986336426943,-0.0
49680,-4.821638969628337,-1.0597465659511747,-0.0
49690,-4.813717721640697,-1.0959358203211387,-0.0
49700,-4.805511331252184,-1.1320639478840824,-0.0
49710,-4.797020298541408,-1.168128504021117,-0.0
49720,-4.78824514747122,-1.204127048639026,-0.0
49730,-4.779186425841381,-1.2400571464457948,-0.0
49740,-4.769844705237426,-1.2759163672255422,-0.0
49750,-4.760220580975808,-1.311702286112824,-0.0
49760,-4.750314672045233,-1.3474124838662052,-0.0
49770,-4.7401276210442855,-1.3830445471410833,-0.0
49780,-4.729660094115295,-1.4185960687616723,-0.0
49790,-4.718912780874502,-1.4540646479921069,-0.0
49800,-4.7078863943384865,-1.4894478908065931,-0.0
49810,-4.696581670846915,-1.524743410158554,-0.0
49820,-4.684999369981635,-1.5599488262487202,-0.0
49830,-4.673140274482071,-1.5950617667920883,-0.0
49840,-4.6610051901569864,-1.6300798672836934,-0.0
49850,-4.648594945792657,-1.6650007712631625,-0.0
49860,-4.635910393057387,-1.6998221305779462,-0.0
49870,-4.6229524064025,-1.7345416056452205,-0.0
49880,-4.609721882959719,-1.7691568657123566,-0.0
49890,-4.596219742435056,-1.8036655891159452,-0.0
49900,-4.582446926999165,-1.8380654635392821,-0.0
49910,-4.568404401174211,-1.8723541862682849,-0.0
49920,-4.554093151717296,-1.9065294644457724,-0.0
49930,-4.539514187500446,-1.9405890153240701,-0.0
49940,-4.524668539387171,-1.9745305665158461,-0.0
49950,-4.509557260105705,-2.0083518562431926,-0.0
49960,-4.494181424118842,-2.0420506335848247,-0.0
49970,-4.478542127490508,-2.0756246587214044,-0.0
49980,-4.46264048774903,-2.1090717031789015,-0.0
49990,-4.446477643747158,-2.142389550069961,-0.0
50000,-4.430054755518875,-2.1755759943332085,-0.0
50010,-4.41337300413305,-2.2086288429704712,-0.0
50020,-4.396433591543912,-2.2415459152818302,-0.0
50030,-4.37923774043845,-2.27432504309849,-0.0
50040,-4.361786694080723,-2.3069640710133843,-0.0
50050,-4.344081716153157,-2.339460856609513,-0.0
50060,-4.326124090594838,-2.371813270685913,-0.0
50070,-4.3079151214368645,-2.4040191974812704,-0.0
50080,-4.289456132634777,-2.4360765348950815,-0.0
50090,-4.270748467898126,-2.4679831947063526,-0.0
50100,-4.25179349051722,-2.4997371027897883,-0.0
50110,-4.232592583187072,-2.5313361993294055,-0.0
50120,-4.21314714782861,-2.5627784390295583,-0.0
50130,-4.193458605407215,-2.5940617913233317,-0.0
50140,-4.173528395748569,-2.6251842405782337,-0.0
50150,-4.153357977351914,-2.6561437862991792,-0.0
50160,-4.1329488272007735,-2.68693844332873,-0.0
50170,-4.112302440571122,-2.717566242044516,-0.0
50180,-4.091420330837113,-2.748025228553843,-0.0
50190,-4.070304029274384,-2.7783134648854304,-0.0
50200,-4.048955084860993,-2.80842902917825,-0.0
50210,-4.027375064076033,-2.838370015867425,-0.0
50220,-4.0055655506959775,-2.868134535867175,-0.0
50230,-3.9835281455888185,-2.8977207167507553,-0.0
50240,-3.961264466506001,-2.927126702927363,-0.0
50250,-3.938776147872278,-2.9563506558159944,-0.0
50260,-3.916064840573486,-2.9853907540162203,-0.0
50270,-3.893132211742281,-3.0142451934758197,-0.0
50280,-3.8699799445419645,-3.0429121876553156,-0.0
50290,-3.8466097379483397,-3.0713899676892984,-0.0
50300,-3.8230233065297603,-3.0996767825445914,-0.0
50310,-3.799222380225344,-3.1277708991751774,-0.0
50320,-3.775208704121467,-3.155670602673911,-0.0
50330,-3.750984038226526,-3.1833741964209405,-0.0
50340,-3.7265501572440964,-3.210880002228877,-0.0
50350,-3.7019088503444806,-3.2381863604846446,-0.0
50360,-3.6770619209347326,-3.2652916302880164,-0.0
50370,-3.6520111864272127,-3.2921941895868176,-0.0
50380,-3.626758478006715,-3.3188924353087677,-0.0
50390,-3.601305640396227,-3.345384783489958,-0.0
50400,-3.575654531621386,-3.371669669399935,-0.0
50410,-3.5498070227736833,-3.3977455476634053,-0.0
50420,-3.5237649977724574,-3.4236108923785045,-0.0
50430,-3.4975303531257738,-3.449264197231671,-0.0
50440,-3.471104997690177,-3.4747039756090587,-0.0
50450,-3.44449085242946,-3.4999287607045355,-0.0
50460,-3.4176898501724153,-3.5249371056242,-0.0
50470,-3.3907039353697126,-3.5497275834874786,-0.0
50480,-3.363535063849871,-3.5742987875247088,-0.0
50490,-3.336185202574465,-3.5986493311713037,-0.0
50500,-3.3086563293925617,-3.6227778481583996,-0.0
50510,-3.280950432794467,-3.6466829926000557,-0.0
50520,-3.2530695116648363,-3.670363439076947,-0.0
50530,-3.2250155750352105,-3.6938178827165946,-0.0
50540,-3.1967906418360124,-3.717045039270103,-0.0
50550,-3.168396740648091,-3.74004364518542,-0.0
50560,-3.1398359094538395,-3.7628124576771125,-0.0
50570,-3.111110195387955,-3.785350254792664,-0.0
50580,-3.082221654487907,-3.807655835475305,-0.0
50590,-3.053172351444129,-3.8297280196233516,-0.0
50600,-3.0239643593500527,-3.851565648146108,-0.0
50610,-2.9945997594519693,-3.873167583016291,-0.0
50620,-2.965080640898822,-3.8945327073189984,-0.0
50630,-2.935409100491958,-3.9156599252972506,-0.0
50640,-2.9055872424349163,-3.9365481623940943,-0.0
50650,-2.8756171780832647,-3.9571963652912654,-0.0
50660,-2.845501025694581,-3.9776035019444493,-0.0
50670,-2.8152409101786198,-3.9977685616151524,-0.0
50680,-2.7848389628476875,-4.017690554899158,-0.0
50690,-2.7542973211673183,-4.037368513751625,-0.0
50700,-2.7236181285072862,-4.056801491508822,-0.0
50710,-2.6928035338929823,-4.075988562906501,-0.0
50720,-2.6618556917572564,-4.094928824094973,-0.0
50730,-2.6307767616927196,-4.113621392650836,-0.0
50740,-2.5995689082045885,-4.132065407585414,-0.0
50750,-2.568234300464131,-4.150260029349958,-0.0
50760,-2.536775112062707,-4.168204439837519,-0.0
50770,-2.5051935207665372,-4.18589784238165,-0.0
50780,-2.4734917082721553,-4.20333946175185,-0.0
50790,-2.441671859962668,-4.220528544145835,-0.0
50800,-2.4097361646648174,-4.237464357178612,-0.0
50810,-2.3776868144069216,-4.254146189868442,-0.0
50820,-2.345526004177719,-4.270573352619627,-0.0
50830,-2.3132559316861787,-4.286745177202242,-0.0
50840,-2.28087879712231,-4.302661016728757,-0.0
50850,-2.248396802919009,-4.318320245627627,-0.0
50860,-2.2158121535150093,-4.333722259613854,-0.0
50870,-2.183127055118945,-4.34886647565654,-0.0
50880,-2.150343715474603,-4.3637523319434965,-0.0
50890,-2.1174643436273755,-4.37837928784288,-0.0
50900,-2.084491149691967,-4.392746823861935,-0.0
50910,-2.0514263446214094,-4.406854441602864,-0.0
50920,-2.0182721399773915,-4.420701663715823,-0.0
50930,-1.9850307477019637,-4.434288033849096,-0.0
50940,-1.951704379890663,-4.447613116596508,-0.0
50950,-1.9182952485670672,-4.46067649744204,-0.0
50960,-1.8848055654588434,-4.473477782701744,-0.0
50970,-1.8512375417753033,-4.486016599462948,-0.0
50980,-1.817593387986526,-4.498292595520818,-0.0
50990,-1.783875313604049,-4.510305439312268,-0.0
51000,-1.7500855269631972,-4.5220548198473,-0.0
51010,-1.716226235007054,-4.533540446637777,-0.0
51020,-1.6822996430721224,-4.544762049623662,-0.0
51030,-1.648307954675694,-4.555719379096773,-0.0
51040,-1.6142533713049856,-4.566412205622112,-0.0
51050,-1.5801380922080257,-4.576840319956722,-0.0
51060,-1.5459643141863693,-4.587003532966215,-0.0
51070,-1.5117342313896371,-4.5969016755389385,-0.0
51080,-1.477450035111916,-4.606534598497811,-0.0
51090,-1.4431139135900557,-4.61590217250994,-0.0
51100,-1.4087280518038696,-4.625004287993943,-0.0
51110,-1.3742946312782907,-4.633840855025141,-0.0
51120,-1.3398158298874796,-4.642411803238547,-0.0
51130,-1.305293821660926,-4.65071708172975,-0.0
51140,-1.2707307765915687,-4.658756658953745,-0.0
51150,-1.2361288604459375,-4.666530522621678,-0.0
51160,-1.2014902345763638,-4.674038679595625,-0.0
51170,-1.1668170557352597,-4.6812811557814,-0.0
51180,-1.1321114758914992,-4.688257996019435,-0.0
51190,-1.0973756420489134,-4.69496926397378,-0.0
51200,-1.062611696066921,-4.7014150420192635,-0.0
51210,-1.0278217744833118,-4.707595431126839,-0.0
51220,-0.9930080083392014,-4.71351055074718,-0.0
51230,-0.9581725230061722,-4.719160538692547,-0.0
51240,-0.9233174380156114,-4.724545551016957,-0.0
51250,-0.8884448668902751,-4.729665761894738,-0.0
51260,-0.8535569169780748,-4.734521363497452,-0.0
51270,-0.8186556892881132,-4.73911256586927,-0.0
51280,-0.7837432783289742,-4.743439596800815,-0.0
51290,-0.7488217719492835,-4.747502701701532,-0.0
51300,-0.7138932511805492,-4.751302143470607,-0.0
51310,-0.6789597900822925,-4.75483820236648,-0.0
51320,-0.6440234555894785,-4.758111175875014,-0.0
51330,-0.6090863073622576,-4.761121378576313,-0.0
51340,-0.5741503976380234,-4.763869142010288,-0.0
51350,-0.5392177710857963,-4.766354814540947,-0.0
51360,-0.5042904646629414,-4.7685787612195245,-0.0
51370,-0.4693705074742217,-4.770541363646398,-0.0
51380,-0.4344599206331989,-4.7722430198319294,-0.0
51390,-0.39956071712598196,-4.773684144056196,-0.0
51400,-0.36467490167732763,-4.774865166727669,-0.0
51410,-0.32980447061910095,-4.7757865342409165,-0.0
51420,-0.2949514117610943,-4.776448708833324,-0.0
51430,-0.260117704264207,-4.776852168440877,-0.0
51440,-0.22530531851599167,-4.776997406553074,-0.0
51450,-0.19051621600856394,-4.776884932066993,-0.0
51460,-0.15575234921887607,-4.776515269140513,-0.0
51470,-0.12101566149135869,-4.775888957044825,-0.0
51480,-0.08630808692292274,-4.775006550016123,-0.0
51490,-0.05163155025032718,-4.773868617106696,-0.0
51500,-0.016987966739904825,-4.7724757420352715,-0.0
51510,0.017620757920352944,-4.770828523036794,-0.0
51520,0.0521927277263572,-4.7689275727115925,-0.0
51530,0.08672605646113216,-4.766773517874021,-0.0
51540,0.12121886779567936,-4.764366999400554,-0.0
51550,0.1556692953875008,-4.761708672077439,-0.0
51560,0.1900754829767861,-4.758799204447887,-0.0
51570,0.22443558448027084,-4.755639278658889,-0.0
51580,0.2587477640827704,-4.752229590307615,-0.0
51590,0.2930101963263995,-4.748570848287527,-0.0
51600,0.32722106619748215,-4.74466377463417,-0.0
51610,0.3613785692111619,-4.740509104370698,-0.0
51620,0.3954809114937215,-4.736107585353182,-0.0
51630,0.4295263098626188,-4.731459978115713,-0.0
51640,0.4635129919042504,-4.726567055715335,-0.0
51650,0.49743919604945236,-4.721429603576862,-0.0
51660,0.5313031716467501,-4.716048419337591,-0.0
51670,0.565103179033366,-4.710424312691958,-0.0
51680,0.5988374896039961,-4.704558105236136,-0.0
51690,0.6325043858773725,-4.698450630312664,-0.0
51700,0.6661021615606155,-4.692102732855081,-0.0
51710,0.6996291216113982,-4.68551526923264,-0.0
51720,0.733083582297926,-4.678689107095097,-0.0
51730,0.7664638712567555,-4.671625125217632,-0.0
51740,0.7997683275484563,-4.664324213345918,-0.0
51750,0.8329953017111359,-4.656787272041358,-0.0
51760,0.8661431558118431,-4.649015212526557,-0.0
51770,0.8992102634958623,-4.641008956531005,-0.0
51780,0.9321950100339126,-4.6327694361370435,-0.0
51790,0.9650957923672728,-4.62429759362612,-0.0
51800,0.9979110191508433,-4.6155943813253595,-0.0
51810,1.0306391107941633,-4.606660761454492,-0.0
51820,1.063278499500398,-4.597497705973138,-0.0
51830,1.0958276293033173,-4.588106196428508,-0.0
51840,1.1282849561022794,-4.578487223803531,-0.0
51850,1.1606489476952366,-4.56864178836542,-0.0
51860,1.1929180838097833,-4.558570899514713,-0.0
51870,1.225090856132263,-4.5482755756348325,-0.0
51880,1.2571657683349542,-4.537756843942151,-0.0
51890,1.2891413361013484,-4.527015740336598,-0.0
51900,1.3210160871495482,-4.51605330925286,-0.0
51910,1.3527885612537975,-4.504870603512161,-0.0
51920,1.3844573102641635,-4.493468684174647,-0.0
51930,1.4160208981243907,-4.481848620392418,-0.0
51940,1.447477900887953,-4.470011489263226,-0.0
51950,1.478826906732311,-4.457958375684833,-0.0
51960,1.5100665159714077,-4.445690372210086,-0.0
51970,1.541195341066411,-4.433208578902689,-0.0
51980,1.572212006634734,-4.420514103193738,-0.0
51990,1.6031151494573488,-4.407608059739001,-0.0
52000,1.6339034184844075,-4.394491570276972,-0.0
52010,1.6645754748392092,-4.381165763487721,-0.0
52020,1.6951299918205156,-4.367631774852567,-0.0
52030,1.725565654903243,-4.353890746514565,-0.0
52040,1.7558811617375614,-4.33994382713985,-0.0
52050,1.7860752221464014,-4.32579217177984,-0.0
52060,1.8161465581214151,-4.3114369417343275,-0.0
52070,1.8460939038173885,-4.296879304415448,-0.0
52080,1.8759160055451436,-4.282120433212571,-0.0
52090,1.90561162176295,-4.267161507358124,-0.0
52100,1.935179523066458,-4.252003711794337,-0.0
52110,1.9646184921771872,-4.236648237040959,-0.0
52120,1.9939273239295805,-4.221096279063923,-0.0
52130,2.023104825256659,-4.205349039145014,-0.0
52140,2.05214981517429,-4.189407723752508,-0.0
52150,2.081061124764089,-4.173273544412837,-0.0
52160,2.1098375971549888,-4.156947717583249,-0.0
52170,2.1384780875034872,-4.1404314645255305,-0.0
52180,2.166981462972593,-4.12372601118072,-0.0
52190,2.1953466027095123,-4.106832588044928,-0.0
52200,2.223572397822072,-4.089752430046184,-0.0
52210,2.251657751353912,-4.0724867764223465,-0.0
52220,2.2796015782584895,-4.055036870600145,-0.0
52230,2.307402805371868,-4.037403960075243,-0.0
52240,2.335060371384372,-4.019589296293461,-0.0
52250,2.362573226811083,-4.001594134533063,-0.0
52260,2.3899403339612277,-3.983419733788201,-0.0
52270,2.4171606669064594,-3.965067356653435,-0.0
52280,2.444233211448073,-3.946538269209422,-0.0
52290,2.471156965083167,-3.927833740909732,-0.0
52300,2.4979309369697624,-3.9089550444687937,-0.0
52310,2.524554147890938,-3.8899034557510213,-0.0
52320,2.5510256302179464,-3.870680253661061,-0.0
52330,2.5773444278723945,-3.8512867200352376,-0.0
52340,2.603509596287459,-3.831724139534139,-0.0
52350,2.6295202023681887,-3.811993799536383,-0.0
52360,2.655375324450909,-3.7920969900335764,-0.0
52370,2.6810740522617396,-3.7720350035264274,-0.0
52380,2.7066154868742585,-3.7518091349220657,-0.0
52390,2.731998740666323,-3.7314206814325352,-0.0
52400,2.757222937276096,-3.7108709424745068,-0.0
52410,2.7822872115572426,-3.6901612195701388,-0.0
52420,2.8071907095333866,-3.669292816249186,-0.0
52430,2.8319325883517945,-3.6482670379522735,-0.0
52440,2.856512016236333,-3.627085191935386,-0.0
52450,2.880928172439719,-3.6057485871755643,-0.0
52460,2.9051802471950667,-3.584258534277797,-0.0
52470,2.9292674416667825,-3.562616345383128,-0.0
52480,2.953188967900788,-3.540823334077962,-0.0
52490,2.9769440487741305,-3.5188808153045854,-0.0
52500,3.000531917943971,-3.4967901052728947,-0.0
52510,3.0239518197959896,-3.4745525213733237,-0.0
52520,3.0472030093922164,-3.452169382090996,-0.0
52530,3.0702847524183112,-3.429642006921067,-0.0
52540,3.093196325130311,-3.4069717162852853,-0.0
52550,3.115937014300862,-3.3841598314497423,-0.0
52560,3.138506117164969,-3.361207674443856,-0.0
52570,3.1609029413652574,-3.3381165679805287,-0.0
52580,3.183126804896779,-3.314887835377515,-0.0
52590,3.205177036051402,-3.2915228004799992,-0.0
52600,3.2270529733617463,-3.268022787584351,-0.0
52610,3.248753965544757,-3.2443891213630933,-0.0
52620,3.270279371444866,-3.220623126791048,-0.0
52630,3.291628559976801,-3.1967261290726756,-0.0
52640,3.3128009100680607,-3.1726994535706075,-0.0
52650,3.333795810601031,-3.148544425735342,-0.0
52660,3.354612660354824,-3.1242623710361412,-0.0
52670,3.3752508679468,-3.0998546148930886,-0.0
52680,3.395709851773819,-3.075322482610314,-0.0
52690,3.4159890399532395,-3.0506672993104,-0.0
52700,3.4360878702636666,-3.025890389869938,-0.0
52710,3.45600579008548,-3.0009930788562516,-0.0
52720,3.4757422563411513,-2.975976690465265,-0.0
52730,3.495296735435359,-2.950842548460521,-0.0
52740,3.5146687031949395,-2.925591976113343,-0.0
52750,3.5338576448086743,-2.9002262961441385,-0.0
52760,3.5528630547669313,-2.874746830664838,-0.0
52770,3.571684436801167,-2.849154901122438,-0.0
52780,3.590321303823328,-2.8234518282436967,-0.0
52790,3.608773177865153,-2.797638931980925,-0.0
52800,3.6270395900173718,-2.771717531458884,-0.0
52810,3.645120080368871,-2.745688944922808,-0.0
52820,3.6630141979457616,-2.719554489687489,-0.0
52830,3.6807215006504554,-2.693315482087492,-0.0
52840,3.698241555200663,-2.6669732374284116,-0.0
52850,3.715573937068436,-2.640529069939242,-0.0
52860,3.732718230419161,-2.6139842927257875,-0.0
52870,3.7496740280506096,-2.587340217725159,-0.0
52880,3.766440931331999,-2.56059815566131,-0.0
52890,3.783018550143096,-2.533759416001627,-0.0
52900,3.7994065028133845,-2.5068253069145556,-0.0
52910,3.8156044160613094,-2.479797135228274,-0.0
52920,3.8316119249335827,-2.4526762063903713,-0.0
52930,3.8474286727446074,-2.4254638244285625,-0.0
52940,3.863054311015998,-2.3981612919124022,-0.0
52950,3.8784884994162154,-2.3707699099159987,-0.0
52960,3.893730905700361,-2.343290977981736,-0.0
52970,3.908781205650079,-2.3157257940849685,-0.0
52980,3.9236390830136534,-2.288075654599699,-0.0
52990,3.938304229446237,-2.2603418542652234,-0.0
53000,3.952776344450287,-2.2325256861537364,-0.0
53010,3.9670551353161816,-2.2046284416388984,-0.0
53020,3.9811403170630375,-2.1766514103653307,-0.0
53030,3.995031612379743,-2.1485958802190614,-0.0
53040,4.008728751566215,-2.120463137298887,-0.0
53050,4.022231472474891,-2.0922544658886566,-0.0
53060,4.035539520452469,-2.0639711484304706,-0.0
53070,4.048652648281886,-2.0356144654987633,-0.0
53080,4.06157061612459,-2.007185695775298,-0.0
53090,4.07429319146306,-1.9786861160250218,-0.0
53100,4.086820149043633,-1.9501170010728166,-0.0
53110,4.099151270819607,-1.9214796237810932,-0.0
53120,4.111286345894659,-1.892775255028255,-0.0
53130,4.123225170466579,-1.864005163687999,-0.0
53140,4.134967547771305,-1.8351706166094528,-0.0
53150,4.146513288027322,-1.806272878598146,-0.0
53160,4.157862208380376,-1.7773132123977917,-0.0
53170,4.16901413284854,-1.7482928786728764,-0.0
53180,4.179968892267647,-1.7192131359920544,-0.0
53190,4.190726324237082,-1.6900752408123232,-0.0
53200,4.201286273065933,-1.6608804474639824,-0.0
53210,4.211648589719564,-1.631630008136368,-0.0
53220,4.22181313176652,-1.6023251728643344,-0.0
53230,4.231779763325878,-1.5729671895154973,-0.0
53240,4.241548355014976,-1.5435573037782166,-0.0
53250,4.25111878389756,-1.514096759150305,-0.0
53260,4.260490933432346,-1.484586796928463,-0.0
53270,4.269664693422018,-1.4550286561984258,-0.0
53280,4.278639959962644,-1.4254235738258128,-0.0
53290,4.287416635393541,-1.3957727844476624,-0.0
53300,4.295994628247579,-1.3660775204646605,-0.0
53310,4.304373853201939,-1.3363390120340324,-0.0
53320,4.312554231029348,-1.306558487063107,-0.0
53330,4.320535688549736,-1.276737171203525,-0.0
53340,4.328318158582401,-1.2468762878460933,-0.0
53350,4.335901579898644,-1.2169770581162802,-0.0
53360,4.343285897174867,-1.1870407008703225,-0.0
53370,4.350471060946179,-1.1570684326919558,-0.0
53380,4.357457027560484,-1.1270614678897426,-0.0
53390,4.36424375913307,-1.0970210184950009,-0.0
53400,4.37083122350171,-1.066948294260311,-0.0
53410,4.377219394182253,-1.036844502658602,-0.0
53420,4.383408250324743,-1.0067108488827974,-0.0
53430,4.389397776670053,-0.9765485358460211,-0.0
53440,4.3951879635070386,-0.9463587641823441,-0.0
53450,4.400778806630224,-0.9161427322480696,-0.0
53460,4.40617030729801,-0.8859016361235401,-0.0
53470,4.411362472191432,-0.8556366696154625,-0.0
53480,4.41635531337345,-0.8253490242597381,-0.0
53490,4.421148848248775,-0.7950398893247874,-0.0
53500,4.425743099524261,-0.7647104518153625,-0.0
53510,4.43013809516983,-0.7343618964768337,-0.0
53520,4.434333868379975,-0.703995405799946,-0.0
53530,4.438330457535791,-0.6736121600260269,-0.0
53540,4.442127906167601,-0.6432133371526462,-0.0
53550,4.445726262918124,-0.6128001129397112,-0.0
53560,4.449125581506228,-0.5823736609159881,-0.0
53570,4.452325920691232,-0.5519351523860416,-0.0
53580,4.455327344237813,-0.5214857564375841,-0.0
53590,4.45812992088147,-0.4910266399492208,-0.0
53600,4.460733724294569,-0.46055896759858583,-0.0
53610,4.463138833052984,-0.4300839018708558,-0.0
53620,4.465345330603308,-0.39960260306763284,-0.0
53630,4.467353305230673,-0.36911622931618904,-0.0
53640,4.469162850027123,-0.3386259365790576,-0.0
53650,4.470774062860628,-0.30813287866396905,-0.0
53660,4.472187046344651,-0.27763820723411486,-0.0
53670,4.473401907808333,-0.24714307181873443,-0.0
53680,4.474418759267277,-0.21664861982401362,-0.0
53690,4.475237717394923,-0.18615599654428605,-0.0
53700,4.475858903494522,-0.15566634517352662,-0.0
53710,4.476282443471734,-0.12518080681713,-0.0
53720,4.4765084678078155,-0.09470052050396258,-0.0
53730,4.4765371115334025,-0.0642266231986785,-0.0
53740,4.476368514202931,-0.03376024981429271,-0.0
53750,4.476002819869639,-0.003302533224998859,-0.0
53760,4.475440177061199,0.027145395720775536,-0.0
53770,4.474680738755941,0.05758240818708654,-0.0
53780,4.47372466235972,0.08800737733697331,-0.0
53790,4.472572109683349,0.11841917831874824,-0.0
53800,4.471223246920698,0.14881668825208794,-0.0
53810,4.46967824462736,0.17919878621393315,-0.0
53820,4.467937277699978,0.20956435322420822,-0.0
53830,4.46600052535614,0.23991227223136713,-0.0
53840,4.463868171114937,0.2702414280977783,-0.0
53850,4.461540402778095,0.3005507075849531,-0.0
53860,4.459017412411755,0.3308389993386323,-0.0
53870,4.456299396328855,0.3611051938737344,-0.0
53880,4.453386555072131,0.3913481835591786,-0.0
53890,4.4502790933977385,0.42156686260258946,-0.0
53900,4.446977220259484,0.45176012703489304,-0.0
53910,4.443481148793678,0.4819268746948125,-0.0
53920,4.439791096304606,0.5120660052132742,-0.0
53930,4.4359072842506135,0.5421764199977311,-0.0
53940,4.43182993823081,0.5722570222164133,-0.0
53950,4.427559287972367,0.6023067167825115,-0.0
53960,4.423095567318473,0.6323244103383114,-0.0
53970,4.418439014216863,0.6623090112392754,-0.0
53980,4.413589870708978,0.692259429538089,-0.0
53990,4.408548382919739,0.722174576968678,-0.0
54000,4.403314801047931,0.7520533669302061,-0.0
54010,4.397889379357183,0.7818947144710572,-0.0
54020,4.392272376167589,0.8116975362728206,-0.0
54030,4.386464053847904,0.8414607506342766,-0.0
54040,4.380464678808375,0.8711832774553999,-0.0
54050,4.374274521494152,0.900864038221382,-0.0
54060,4.367893856379336,0.9305019559866909,-0.0
54070,4.361322961961598,0.9600959553591645,-0.0
54080,4.354562120757421,0.9896449624841567,-0.0
54090,4.347611619297935,1.0191479050287384,-0.0
54100,4.34047174812536,1.0486037121659673,-0.0
54110,4.33314280179002,1.0780113145592252,-0.0
54120,4.325625078847995,1.107369644346645,-0.0
54130,4.317918881859328,1.136677635125624,-0.0
54140,4.310024517386851,1.1659342219374393,-0.0
54150,4.301942295995573,1.195138341251965,-0.0
54160,4.293672532252692,1.2242889309525142,-0.0
54170,4.285215544728159,1.2533849303207978,-0.0
54180,4.2765716559958475,1.2824252800220184,-0.0
54190,4.26774119263529,1.3114089220901037,-0.0
54200,4.258724485234017,1.3403347999130955,-0.0
54210,4.2495218683904366,1.369201858218683,-0.0
54220,4.240133680717323,1.3980090430599146,-0.0
54230,4.230560264845851,1.426755301801073,-0.0
54240,4.220801967430227,1.4554395831037434,-0.0
54250,4.210859139152858,1.4840608369130575,-0.0
54260,4.200732134730104,1.5126180144441483,-0.0
54270,4.190421312918586,1.5411100681688032,-0.0
54280,4.179927036522038,1.5695359518023304,-0.0
54290,4.16924967239875,1.5978946202906572,-0.0
54300,4.158389591469525,1.6261850297976468,-0.0
54310,4.147347168726211,1.6544061376926604,-0.0
54320,4.13612278324076,1.6825569025383602,-0.0
54330,4.1247168181748455,1.7106362840787723,-0.0
54340,4.1131296607900145,1.738643243227608,-0.0
54350,4.101361702458378,1.766576742056858,-0.0
54360,4.089413338673819,1.7944357437856555,-0.0
54370,4.077284969063754,1.8222192127694372,-0.0
54380,4.064976997401405,1.84992611448939,-0.0
54390,4.0524898316185975,1.8775554155422034,-0.0
54400,4.039823883819073,1.9051060836301237,-0.0
54410,4.026979570292327,1.932577087551333,-0.0
54420,4.013957311527946,1.9599673971906517,-0.0
54430,4.000757532230454,1.9872759835105658,-0.0
54440,3.9873806613346647,2.0145018185426027,-0.0
54450,3.973827132021539,2.0416438753790533,-0.0
54460,3.9600973817345193,2.0687011281650434,-0.0
54470,3.9461918521963697,2.095672552090976,-0.0
54480,3.932110989426494,2.122557123385336,-0.0
54490,3.9178552437587437,2.1493538193078843,-0.0
54500,3.9034250698596935,2.176061618143222,-0.0
54510,3.888820926747399,2.202679499194767,-0.0
54520,3.874043277810608,2.2292064427791085,-0.0
54530,3.8590925908284546,2.2556414302207917,-0.0
54540,3.843969337990598,2.2819834438475053,-0.0
54550,3.82867399591782,2.308231466985694,-0.0
54560,3.813207045683067,2.334384483956603,-0.0
54570,3.797568972832949,2.360441480072765,-0.0
54580,3.7817602674096573,2.3864014416349195,-0.0
54590,3.7657814239733276,2.4122633559293956,-0.0
54600,3.749632941624845,2.4380262112259596,-0.0
54610,3.7333153240290327,2.4636889967761078,-0.0
54620,3.7168290794383063,2.4892507028118587,-0.0
54630,3.7001747207167077,2.5147103205450145,-0.0
54640,3.683352765364344,2.540066842166904,-0.0
54650,3.666363735542268,2.565319260848647,-0.0
54660,3.6492081580976907,2.590466570741884,-0.0
54670,3.6318865645896414,2.615507766980057,-0.0
54680,3.6143994913149786,2.640441845680175,-0.0
54690,3.5967474793347836,2.6652678039451203,-0.0
54700,3.5789310745011367,2.6899846398664833,-0.0
54710,3.5609508274842416,2.7145913525279317,-0.0
54720,3.5428072937999304,2.739086942009132,-0.0
54730,3.5245010338374976,2.763470409390213,-0.0
54740,3.506032612887898,2.787740756756799,-0.0
54750,3.4874026011722825,2.8118969872056043,-0.0
54760,3.468611573870852,2.8359381048505945,-0.0
54770,3.4496601111520566,2.8598631148297358,-0.0
54780,3.4305487982021137,2.883671023312334,-0.0
54790,3.4112782252548137,2.907360837506945,-0.0
54800,3.3918489876216658,2.930931565669907,-0.0
54810,3.372261685722322,2.9543822171144782,-0.0
54820,3.352516925115299,2.9777118022205666,-0.0
54830,3.3326153165289782,3.0009193324450996,-0.0
54840,3.312557475892894,3.024003820333009,-0.0
54850,3.2923440243692843,3.0469642795288565,-0.0
54860,3.271975588384903,3.0697997247890823,-0.0
54870,3.251452799663086,3.092509171994914,-0.0
54880,3.230776295256076,3.115091638165925,-0.0
54890,3.2099467175775653,3.137546141474234,-0.0
54900,3.1889647144354845,3.159871701259388,-0.0
54910,3.1678309390650177,3.182067338043907,-0.0
54920,3.146546050161814,3.2041320735495002,-0.0
54930,3.125110711915425,3.226064930713968,-0.0
54940,3.1035255940429347,3.2478649337088,-0.0
54950,3.081791371822769,3.269531107957444,-0.0
54960,3.0599087261287004,3.2910624801542996,-0.0
54970,3.037878343464022,3.3124580782844073,-0.0
54980,3.015700915995878,3.333716931643837,-0.0
54990,2.9933771415897605,3.3548380708608163,-0.0
55000,2.9709077238441424,3.375820527917563,-0.0
55010,2.948293372125253,3.3966633361728475,-0.0
55020,2.925534801601989,3.4173655303853097,-0.0
55030,2.902632733280923,3.4379261467374764,-0.0
55040,2.8795878940414426,3.458344222860559,-0.0
55050,2.8564010166709757,3.4786187978599767,-0.0
55060,2.8330728399003253,3.4987489123416604,-0.0
55070,2.809604108439057,3.5187336084390823,-0.0
55080,2.7859955730109736,3.5385719298410736,-0.0
55090,2.762247990389661,3.558262921820418,-0.0
55100,2.738362123434062,3.577805631263193,-0.0
55110,2.7143387411241084,3.5971991066989233,-0.0
55120,2.6901786185963754,3.616442398331489,-0.0
55130,2.6658825371797614,3.635534558070845,-0.0
55140,2.641451284431175,3.654474639565525,-0.0
55150,2.6168856541712153,3.673261698235937,-0.0
55160,2.592186446519864,3.691894791308488,-0.0
55170,2.5673544679321223,3.710372977850474,-0.0
55180,2.5423905312336412,3.7286953188058183,-0.0
55190,2.517295455656295,3.7468608770316063,-0.0
55200,2.492070066873708,3.7648687173354483,-0.0
55210,2.466715197036703,3.7827179065136525,-0.0
55220,2.4412316848086912,3.800407513390247,-0.0
55230,2.4156203754009513,3.8179366088568054,-0.0
55240,2.389882120607827,3.8353042659131344,-0.0
55250,2.364017778841804,3.8525095597087806,-0.0
55260,2.3380282151684573,3.8695515675853773,-0.0
55270,2.311914301341276,3.886429369119851,-0.0
55280,2.285676915836338,3.9031420461684703,-0.0
55290,2.2593169438868084,3.91968868291173,-0.0
55300,2.232835277517293,3.9360683659001157,-0.0
55310,2.2062328155779847,3.952280184100699,-0.0
55320,2.179510463778627,3.9683232289446106,-0.0
55330,2.152669134722261,3.984196594375366,-0.0
55340,2.1257097479387554,3.9998993768980573,-0.0
55350,2.0986332299181014,4.015430675629414,-0.0
55360,2.0714405141434558,4.030789592348721,-0.0
55370,2.0441325411239375,4.04597523154964,-0.0
55380,2.0167102584271235,4.060986700492845,-0.0
55390,1.9891746207112944,4.075823109259595,-0.0
55400,1.9615265897573522,4.0904835708061436,-0.0
55410,1.9337671345004388,4.104967201019039,-0.0
55420,1.905897231061221,4.1192731187712965,-0.0
55430,1.8779178627768416,4.133400445979455,-0.0
55440,1.8498300202315168,4.147348307661519,-0.0
55450,1.8216347012867606,4.161115831995775,-0.0
55460,1.7933329111112322,4.174702150380486,-0.0
55470,1.76492566221019,4.188106397494486,-0.0
55480,1.7364139744545262,4.201327711358624,-0.0
55490,1.7077988751094002,4.21436523339815,-0.0
55500,1.6790813988624038,4.227218108505906,-0.0
55510,1.650262587851304,4.239885485106477,-0.0
55520,1.6213434916912997,4.252366515221166,-0.0
55530,1.5923251675018038,4.264660354533883,-0.0
55540,1.5632086799327332,4.276766162457908,-0.0
55550,1.533995101190286,4.28868310220353,-0.0
55560,1.5046855110621937,4.30041034084658,-0.0
55570,1.4752809969424285,4.311947049397808,-0.0
55580,1.445782653855369,4.323292402873185,-0.0
55590,1.4161915844793833,4.334445580365041,-0.0
55600,1.3865088991698324,4.345405765114093,-0.0
55610,1.356735715981474,4.356172144582338,-0.0
55620,1.3268731606902517,4.366743910526822,-0.0
55630,1.2969223668144527,4.377120259074279,-0.0
55640,1.266884475635216,4.387300390796608,-0.0
55650,1.2367606362163854,4.397283510787242,-0.0
55660,1.2065520054236816,4.407068828738357,-0.0
55670,1.1762597479431827,4.4166555590189445,-0.0
55680,1.1458850362990947,4.4260429207537175,-0.0
55690,1.115429050870803,4.435230137902892,-0.0
55700,1.0848929799091789,4.444216439342785,-0.0
55710,1.0542780195521326,4.453001058947265,-0.0
55720,1.023585373839394,4.461583235670029,-0.0
55730,0.9928162547265085,4.469962213627719,-0.0
55740,0.9619718820980239,4.478137242183847,-0.0
55750,0.9310534837798686,4.486107576033568,-0.0
55760,0.9000622955508785,4.493872475289224,-0.0
55770,0.8689995611534893,4.501431205566746,-0.0
55780,0.8378665323035468,4.508783038072807,-0.0
55790,0.8066644686992419,4.515927249692814,-0.0
55800,0.7753946380291451,4.522863123079672,-0.0
55810,0.7440583159793176,4.529589946743315,-0.0
55820,0.712656786239499,4.536107015141049,-0.0
55830,0.681191340508342,4.542413628768636,-0.0
55840,0.6496632784976779,4.548509094252134,-0.0
55850,0.6180739079358106,4.554392724440531,-0.0
55860,0.586424544569802,4.560063838499067,-0.0
55870,0.5547165121667518,4.5655217620033435,-0.0
55880,0.5229511425140427,4.5707658270341325,-0.0
55890,0.49112977541853964,4.575795372272913,-0.0
55900,0.4592537587047273,4.580609743098122,-0.0
55910,0.42732444821176735,4.585208291682097,-0.0
55920,0.3953432077894612,4.589590377088726,-0.0
55930,0.3633114092930996,4.593755365371755,-0.0
55940,0.3312304325771867,4.597702629673793,-0.0
55950,0.29910166548801803,4.601431550325959,-0.0
55960,0.26692650385509953,4.604941514948185,-0.0
55970,0.23470635148138924,4.608231918550157,-0.0
55980,0.20244262013234737,4.611302163632877,-0.0
55990,0.17013672952377887,4.6141516602908625,-0.0
56000,0.13779010730844968,4.616779826314918,-0.0
56010,0.10540418906146416,4.619186087295516,-0.0
56020,0.07298041826438614,4.621369876726757,-0.0
56030,0.04052024628808813,4.623330636110889,-0.0
56040,0.00802513237431273,4.625067815063366,-0.0
56050,-0.024503456384068513,4.626580871418488,-0.0
56060,-0.0570640450641156,4.627869271335512,-0.0
56070,-0.0896551509352143,4.628932489405307,-0.0
56080,-0.12227528348281985,4.62977000875749,-0.0
56090,-0.15492294443356586,4.630381321168061,-0.0
56100,-0.18759662778175246,4.630765927167478,-0.0
56110,-0.22029481981722968,4.630923336149201,-0.0
56120,-0.2530159991546909,4.630853066478664,-0.0
56130,-0.28575863676439084,4.63055464560267,-0.0
56140,-0.3185211960043022,4.6300276101591775,-0.0
56150,-0.3513021326537268,4.629271506087484,-0.0
56160,-0.38409989494837593,4.6282858887387786,-0.0
56170,-0.4169129236169305,4.627070322987023,-0.0
56180,-0.4497396519190995,4.625624383340191,-0.0
56190,-0.4825785056851907,4.623947654051826,-0.0
56200,-0.5154279033572013,4.622039729232869,-0.0
56210,-0.5482862560314509,4.619900212963783,-0.0
56220,-0.5811519675027614,4.617528719406929,-0.0
56230,-0.6140234343102062,4.614924872919195,-0.0
56240,-0.6468990457844334,4.612088308164838,-0.0
56250,-0.6797771840965807,4.6090186702285125,-0.0
56260,-0.7126562243087913,4.605715614728488,-0.0
56270,-0.7455345344263516,4.602178807930056,-0.0
56280,-0.7784104754514477,4.598407926859017,-0.0
56290,-0.8112824014385664,4.594402659415326,-0.0
56300,-0.8441486595515528,4.59016270448685,-0.0
56310,-0.8770075901223167,4.585687772063129,-0.0
56320,-0.9098575267112292,4.580977583349272,-0.0
56330,-0.942696796169192,4.576031870879819,-0.0
56340,-0.9755237187014122,4.570850378632657,-0.0
56350,-1.0083366079328753,4.565432862142872,-0.0
56360,-1.0411337709755437,4.559779088616619,-0.0
56370,-1.0739135084972722,4.553888837044862,-0.0
56380,-1.1066741147924677,4.547761898317089,-0.0
56390,-1.1394138778544929,4.541398075334871,-0.0
56400,-1.1721310794498214,4.534797183125314,-0.0
56410,-1.2048239951939588,4.527959048954322,-0.0
56420,-1.237490894629137,4.5208835124397,-0.0
56430,-1.2701300413037875,4.51357042566403,-0.0
56440,-1.3027396928538013,4.506019653287317,-0.0
56450,-1.3353181010855857,4.498231072659364,-0.0
56460,-1.3678635120609242,4.490204573931864,-0.0
56470,-1.4003741661836422,4.481940060170168,-0.0
56480,-1.4328482982880963,4.473437447464729,-0.0
56490,-1.465284137729473,4.464696665042142,-0.0
56500,-1.4976799084759274,4.455717655375822,-0.0
56510,-1.5300338292025464,4.446500374296231,-0.0
56520,-1.5623441133871532,4.437044791100671,-0.0
56530,-1.5946089694079504,4.427350888662574,-0.0
56540,-1.6268266006430143,4.417418663540304,-0.0
56550,-1.6589952055716373,4.407248126085412,-0.0
56560,-1.691112977877521,4.3968393005503215,-0.0
56570,-1.7231781065538243,4.386192225195406,-0.0
56580,-1.7551887760100808,4.3753069523954835,-0.0
56590,-1.787143166180963,4.364183548745603,-0.0
56600,-1.8190394526369122,4.352822095166176,-0.0
56610,-1.8508758066966433,4.341222687007396,-0.0
56620,-1.8826503955414962,4.329385434152897,-0.0
56630,-1.914361382331661,4.317310461122642,-0.0
56640,-1.9460069263242685,4.304997907175023,-0.0
56650,-1.9775851829933377,4.292447926408092,-0.0
56660,-2.0090943041515876,4.279660687859952,-0.0
56670,-2.040532438074114,4.266636375608247,-0.0
56680,-2.0718977296239163,4.253375188868697,-0.0
56690,-2.1031883203792847,4.239877342092714,-0.0
56700,-2.1344023487630417,4.22614306506399,-0.0
56710,-2.16553795017362,4.212172602994069,-0.0
56720,-2.196593257118004,4.197966216616881,-0.0
56730,-2.2275663993464905,4.183524182282164,-0.0
56740,-2.2584555039892993,4.168846792047783,-0.0
56750,-2.289258695695004,4.153934353770893,-0.0
56760,-2.3199740967707845,4.138787191197909,-0.0
56770,-2.3505998273244972,4.123405644053275,-0.0
56780,-2.3811340054085552,4.10779006812697,-0.0
56790,-2.4115747471656004,4.091940835360746,-0.0
56800,-2.4419201669759754,4.075858333933039,-0.0
56810,-2.4721683776069705,4.0595429683425435,-0.0
56820,-2.5023174903638474,4.042995159490407,-0.0
56830,-2.5323656152426186,4.026215344761,-0.0
56840,-2.5623108610845895,4.009203978101269,-0.0
56850,-2.592151335732627,3.991961530098582,-0.0
56860,-2.6218851461891597,3.9744884880570837,-0.0
56870,-2.6515103987759048,3.956785356072509,-0.0
56880,-2.681025199295278,3.9388526551054084,-0.0
56890,-2.7104276531934994,3.920690923052774,-0.0
56900,-2.7397158657253824,3.9023007148180313,-0.0
56910,-2.7688879421207657,3.8836826023793503,-0.0
56920,-2.7979419877525906,3.8648371748562407,-0.0
56930,-2.8268761083066254,3.845765038574447,-0.0
56940,-2.8556884099527693,3.8264668171290297,-0.0
56950,-2.8843769995179676,3.8069431514456706,-0.0
56960,-2.9129399846606985,3.787194699840138,-0.0
56970,-2.94137547404701,3.767222138075881,-0.0
56980,-2.9696815775281094,3.7470261594197454,-0.0
56990,-2.997856406319435,3.72660747469572,-0.0
57000,-3.0258980731812675,3.7059668123367695,-0.0
57010,-3.0538046926007842,3.68510491843464,-0.0
57020,-3.0815743809755767,3.664022556787658,-0.0
57030,-3.109205256798603,3.642720508946468,-0.0
57040,-3.136695440844536,3.621199574257678,-0.0
57050,-3.1640430563575097,3.59946056990541,-0.0
57060,-3.191246229240216,3.5775043309506853,-0.0
57070,-3.218303088244337,3.555331710368633,-0.0
57080,-3.245211765162288,3.5329435790835024,-0.0
57090,-3.2719703950202463,3.510340826001436,-0.0
57100,-3.2985771162724284,3.487524358040969,-0.0
57110,-3.3250300709966014,3.4644951001612414,-0.0
57120,-3.3513274050907946,3.4412539953878896,-0.0
57130,-3.3774672684711904,3.4178020048365814,-0.0
57140,-3.4034478152711367,3.394140107734166,-0.0
57150,-3.4292672040412975,3.370269301437431,-0.0
57160,-3.4549235979508706,3.3461906014494103,-0.0
57170,-3.480415164989864,3.3219050414332387,-0.0
57180,-3.5057400781723844,3.2974136732235144,-0.0
57190,-3.5308965157409182,3.272717566835141,-0.0
57200,-3.555882661371577,3.2478178104696496,-0.0
57210,-3.5806967043802413,3.2227155105189262,-0.0
57220,-3.605336839929615,3.197411791566373,-0.0
57230,-3.6298012692371167,3.1719077963854376,-0.0
57240,-3.6540881997835934,3.146204685935509,-0.0
57250,-3.6781958455228287,3.12030363935516,-0.0
57260,-3.7021224270917634,3.0942058539526807,-0.0
57270,-3.725866172021469,3.0679125451939275,-0.0
57280,-3.7494253149487444,3.041424946687422,-0.0
57290,-3.772798097828403,3.0147443101667206,-0.0
57300,-3.7959827701460864,2.987871905469978,-0.0
57310,-3.8189775891316993,2.960809020516752,-0.0
57320,-3.841780819973311,2.933556961281969,-0.0
57330,-3.8643907360315657,2.906117051767071,-0.0
57340,-3.8868056190545097,2.878490633968305,-0.0
57350,-3.9090237593928214,2.8506790678421456,-0.0
57360,-3.9310434562153933,2.822683731267826,-0.0
57370,-3.9528630177252206,2.7945060200069727,-0.0
57380,-3.9744807613755637,2.7661473476603136,-0.0
57390,-3.9958950140863405,2.7376091456214557,-0.0
57400,-4.017104112460685,2.7088928630277027,-0.0
57410,-4.038106403001657,2.6799999667079204,-0.0
57420,-4.058900242329052,2.6509319411274195,-0.0
57430,-4.079483997396241,2.621690288329838,-0.0
57440,-4.099856045707032,2.592276527876037,-0.0
57450,-4.120014775532482,2.5626921967799667,-0.0
57460,-4.139958586127631,2.5329388494415186,-0.0
57470,-4.159685887948081,2.503018057576331,-0.0
57480,-4.179195102866436,2.472931410142567,-0.0
57490,-4.198484664388468,2.4426805132646194,-0.0
57500,-4.217553017869039,2.412266990153769,-0.0
57510,-4.236398620727708,2.381692481025774,-0.0
57520,-4.255019942663935,2.350958643015384,-0.0
57530,-4.273415465871906,2.3200671500877696,-0.0
57540,-4.291583685254869,2.2890196929468853,-0.0
57550,-4.309523108638956,2.257817978940724,-0.0
57560,-4.327232256986457,2.226463731963501,-0.0
57570,-4.344709664608471,2.1949586923547373,-0.0
57580,-4.361953879376902,2.1633046167952545,-0.0
57590,-4.3789634629357135,2.131503278200065,-0.0
57600,-4.395736990911491,2.0995564656081944,-0.0
57610,-4.412273053123108,2.067465984069384,-0.0
57620,-4.428570253790601,2.035233654527729,-0.0
57630,-4.444627211743087,2.002861313702212,-0.0
57640,-4.460442560625752,1.970350813964174,-0.0
57650,-4.47601494910581,1.9377040232116955,-0.0
57660,-4.491343041077396,1.9049228247409093,-0.0
57670,-4.506425515865359,1.872009117114254,-0.0
57680,-4.521261068427888,1.8389648140256711,-0.0
57690,-4.535848409557917,1.8057918441627492,-0.0
57700,-4.550186266083269,1.7724921510658356,-0.0
57710,-4.564273381065488,1.7390676929841196,-0.0
57720,-4.578108513997293,1.7055204427286965,-0.0
57730,-4.591690440998639,1.671852387522634,-0.0
57740,-4.605017955011277,1.6380655288480392,-0.0
57750,-4.618089865991822,1.6041618822901544,-0.0
57760,-4.630905001103246,1.570143477378493,-0.0
57770,-4.643462204904736,1.5360123574250235,-0.0
57780,-4.655760339539928,1.5017705793594334,-0.0
57790,-4.667798284923345,1.4674202135614682,-0.0
57800,-4.679574938925159,1.4329633436903986,-0.0
57810,-4.691089217554046,1.3984020665115908,-0.0
57820,-4.702340055138246,1.3637384917202493,-0.0
57830,-4.713326404504654,1.3289747417623106,-0.0
57840,-4.724047237155977,1.2941129516525396,-0.0
57850,-4.734501543445848,1.2591552687898355,-0.0
57860,-4.744688332751902,1.2241038527697827,-0.0
57870,-4.7546066336467305,1.1889608751944651,-0.0
57880,-4.7642554940666635,1.1537285194795666,-0.0
57890,-4.773633981478366,1.118408980658801,-0.0
57900,-4.782741183043174,1.0830044651856783,-0.0
57910,-4.791576205779105,1.0475171907326506,-0.0
57920,-4.800138176720559,1.011949385987663,-0.0
57930,-4.8084262430755995,0.9763032904481415,-0.0
57940,-4.816439572380804,0.9405811542124445,-0.0
57950,-4.824177352653625,0.9047852377688191,-0.0
57960,-4.831638792542238,0.86891781178189,-0.0
57970,-4.838823121472785,0.8329811568767119,-0.0
57980,-4.845729589794042,0.7969775634204307,-0.0
57990,-4.852357468919381,0.7609093313015787,-0.0
58000,-4.858706051466076,0.7247787697070482,-0.0
58010,-4.864774651391818,0.6885881968967774,-0.0
58020,-4.87056260412849,0.652339939976189,-0.0
58030,-4.876069266713071,0.6160363346664185,-0.0
58040,-4.881294017915706,0.5796797250723741,-0.0
58050,-4.886236258364849,0.5432724634486705,-0.0
58060,-4.890895410669483,0.5068169099634758,-0.0
58070,-4.89527091953831,0.4703154324603114,-0.0
58080,-4.899362251895981,0.4337704062178585,-0.0
58090,-4.903168896996223,0.39718421370780277,-0.0
58100,-4.906690366531878,0.3605592443507695,-0.0
58110,-4.909926194741827,0.32389789427039317,-0.0
58120,-4.912875938514724,0.28720256604556627,-0.0
58130,-4.91553917748958,0.25047566846091734,-0.0
58140,-4.91791551415304,0.21371961625556116,-0.0
58150,-4.920004573933459,0.1769368298701745,-0.0
58160,-4.9218060052916615,0.14012973519244273,-0.0
58170,-4.923319479808352,0.10330076330092831,-0.0
58180,-4.924544692268215,0.06645235020741229,-0.0
58190,-4.925481360740582,0.029586936597757307,-0.0
58200,-4.926129226656715,-0.007293032428654135,-0.0
58210,-4.926488054883629,-0.044185107620855354,-0.0
58220,-4.926557633794475,-0.08108683583955208,-0.0
58230,-4.92633777533539,-0.11799576032164673,-0.0
58240,-4.925828315088862,-0.1549094209459772,-0.0
58250,-4.925029112333539,-0.19182535450021496,-0.0
58260,-4.923940050100483,-0.22874109494886916,-0.0
58270,-4.922561035225821,-0.2656541737023399,-0.0
58280,-4.920891998399808,-0.30256211988696624,-0.0
58290,-4.918932894212255,-0.33946246061601276,-0.0
58300,-4.916683701194306,-0.37635272126153707,-0.0
58310,-4.914144421856573,-0.41323042572708346,-0.0
58320,-4.911315082723569,-0.45009309672114317,-0.0
58330,-4.908195734364437,-0.48693825603132274,-0.0
58340,-4.90478645142002,-0.5237634247991696,-0.0
58350,-4.901087332626144,-0.5605661237955851,-0.0
58360,-4.897098500833195,-0.5973438736967757,-0.0
58370,-4.892820103021955,-0.6340941953606792,-0.0
58380,-4.888252310315669,-0.6708146101038099,-0.0
58390,-4.883395317988322,-0.707502639978456,-0.0
58400,-4.878249345469181,-0.7441558080501799,-0.0
58410,-4.872814636343532,-0.7807716386755561,-0.0
58420,-4.867091458349604,-0.8173476577800813,-0.0
58430,-4.861080103371741,-0.85388139313621,-0.0
58440,-4.85478088742974,-0.8903703746414412,-0.0
58450,-4.8481941506644,-0.926812134596406,-0.0
58460,-4.841320257319259,-0.9632042079828896,-0.0
58470,-4.834159595718535,-0.9995441327417303,-0.0
58480,-4.826712578241246,-1.0358294500505318,-0.0
58490,-4.8189796412915396,-1.072057704601133,-0.0
58500,-4.810961245265219,-1.1082264448767705,-0.0
58510,-4.802657874512448,-1.1443332234288712,-0.0
58520,-4.7940700372967076,-1.180375597153426,-0.0
58530,-4.785198265749906,-1.2163511275668641,-0.0
58540,-4.776043115823761,-1.2522573810813902,-0.0
58550,-4.766605167237365,-1.2880919292797035,-0.0
58560,-4.756885023421027,-1.3238523491890584,-0.0
58570,-4.746883311456322,-1.3595362235545856,-0.0
58580,-4.736600682012404,-1.3951411411118282,-0.0
58590,-4.726037809278628,-1.4306646968584387,-0.0
58600,-4.715195390893379,-1.466104492324948,-0.0
58610,-4.704074147869283,-1.5014581358445915,-0.0
58620,-4.692674824514655,-1.5367232428220872,-0.0
58630,-4.680998188351324,-1.5718974360013456,-0.0
58640,-4.669045030028777,-1.6069783457320237,-0.0
58650,-4.656816163234694,-1.6419636102348913,-0.0
58660,-4.644312424601824,-1.6768508758659226,-0.0
58670,-4.631534673611321,-1.7116377973790862,-0.0
58680,-4.618483792492466,-1.7463220381877564,-0.0
58690,-4.6051606861188406,-1.780901270624688,-0.0
58700,-4.591566281901004,-1.8153731762005159,-0.0
58710,-4.577701529675644,-1.8497354458607145,-0.0
58720,-4.563567401591237,-1.883985780240941,-0.0
58730,-4.549164891990304,-1.9181218899207568,-0.0
58740,-4.534495017288208,-1.952141495675619,-0.0
58750,-4.51955881584856,-1.9860423287271238,-0.0
58760,-4.50435734785529,-2.019822130991439,-0.0
58770,-4.488891695181351,-2.0534786553258644,-0.0
58780,-4.473162961254151,-2.0870096657734845,-0.0
58790,-4.457172270917686,-2.120412937805843,-0.0
58800,-4.440920770291473,-2.1536862585636096,-0.0
58810,-4.424409626626257,-2.1868274270951717,-0.0
58820,-4.407640028156558,-2.219834254593106,-0.0
58830,-4.390613183950089,-2.2527045646284867,-0.0
58840,-4.373330323754085,-2.2854361933829788,-0.0
58850,-4.355792697838575,-2.31802698987867,-0.0
58860,-4.33800157683663,-2.3504748162055886,-0.0
58870,-4.319958251581647,-2.3827775477468713,-0.0
58880,-4.301664032941679,-2.414933073401527,-0.0
58890,-4.283120251650895,-2.4469392958047678,-0.0
58900,-4.26432825813814,-2.478794131545825,-0.0
58910,-4.245289422352744,-2.510495511383274,-0.0
58920,-4.226005133587505,-2.5420413804577486,-0.0
58930,-4.206476800298971,-2.573429698502061,-0.0
58940,-4.186705849925061,-2.604658440048675,-0.0
58950,-4.166693728699997,-2.635725594634457,-0.0
58960,-4.1464419014667095,-2.6666291670027342,-0.0
58970,-4.125951851486644,-2.6973671773025405,-0.0
58980,-4.105225080247106,-2.7279376612850927,-0.0
58990,-4.084263107266146,-2.7583386704974027,-0.0
59000,-4.063067469895044,-2.788568272473019,-0.0
59010,-4.041639723118427,-2.8186245509198518,-0.0
59020,-4.019981439352119,-2.848505605905059,-0.0
59030,-3.9980942082387085,-2.8782095540369608,-0.0
59040,-3.9759796364409192,-2.9077345286439242,-0.0
59050,-3.9536393474328384,-2.9370786799502344,-0.0
59060,-3.9310749812890315,-2.966240175248879,-0.0
59070,-3.9082881944716275,-2.99521719907125,-0.0
59080,-3.8852806596153804,-3.0240079533537085,-0.0
59090,-3.862054065310813,-3.0526106576010084,-0.0
59100,-3.838610115885454,-3.081023549046545,-0.0
59110,-3.8149505311832463,-3.109244882809398,-0.0
59120,-3.791077046342159,-3.137272932048151,-0.0
59130,-3.766991411570079,-3.165105988111467,-0.0
59140,-3.742695391919031,-3.1927423606854015,-0.0
59150,-3.7181907670577563,-3.2201803779374147,-0.0
59160,-3.693479331042745,-3.2474183866570874,-0.0
59170,-3.668562892087754,-3.2744547523935146,-0.0
59180,-3.6434432723318446,-3.301287859589331,-0.0
59190,-3.6181223076060562,-3.3279161117114167,-0.0
59200,-3.592601847198704,-3.3543379313781876,-0.0
59210,-3.5668837536194005,-3.3805517604835265,-0.0
59220,-3.5409699023618333,-3.406556060317292,-0.0
59230,-3.5148621816653867,-3.432349311682431,-0.0
59240,-3.4885624922756047,-3.4579300150086434,-0.0
59250,-3.4620727472036275,-3.483296690462635,-0.0
59260,-3.435394871484577,-3.5084478780548927,-0.0
59270,-3.4085308019350338,-3.533382137743052,-0.0
59280,-3.381482486909575,-3.5580980495317553,-0.0
59290,-3.354251886056493,-3.582594213569071,-0.0
59300,-3.3268409700727264,-3.6068692502394413,-0.0
59310,-3.2992517204580563,-3.6309218002531383,-0.0
59320,-3.2714861292686326,-3.6547505247322554,-0.0
59330,-3.243546198869886,-3.6783541052932134,-0.0
59340,-3.215433941688862,-3.701731244125769,-0.0
59350,-3.1871513799660747,-3.72488066406857,-0.0
59360,-3.1587005455068926,-3.7478011086812035,-0.0
59370,-3.1300834794325327,-3.7704913423127753,-0.0
59380,-3.1013022319307098,-3.792950150167002,-0.0
59390,-3.07235886200602,-3.815176338363855,-0.0
59400,-3.043255437230062,-3.8371687339976948,-0.0
59410,-3.0139940334914166,-3.858926185191978,-0.0
59420,-2.984576734745486,-3.8804475611505045,-0.0
59430,-2.9550056327642578,-3.90173175220518,-0.0
59440,-2.9252828268860758,-3.9227776698603853,-0.0
59450,-2.895410423765434,-3.9435842468338813,-0.0
59460,-2.865390537122879,-3.9641504370943195,-0.0
59470,-2.8352252874950317,-3.9844752158953067,-0.0
59480,-2.804916801984836,-4.0045575798061135,-0.0
59490,-2.774467214012028,-4.024396546738957,-0.0
59500,-2.743878663063939,-4.043991155972958,-0.0
59510,-2.7131532944466192,-4.0633404681747045,-0.0
59520,-2.682293259036377,-4.08244356541548,-0.0
59530,-2.6513007130317754,-4.101299551185188,-0.0
59540,-2.6201778177061295,-4.119907550402956,-0.0
59550,-2.5889267391605415,-4.138266709424438,-0.0
59560,-2.557549648077565,-4.156376196045877,-0.0
59570,-2.5260487194754835,-4.17423519950488,-0.0
59580,-2.494426132463322,-4.191842930478002,-0.0
59590,-2.4626840699965733,-4.209198621075082,-0.0
59600,-2.4308247186337293,-4.226301524830414,-0.0
59610,-2.398850268293654,-4.243150916690759,-0.0
59620,-2.3667629120138245,-4.259746093000185,-0.0
59630,-2.3345648457095196,-4.276086371481832,-0.0
59640,-2.302258267933963,-4.292171091216544,-0.0
59650,-2.2698453796394933,-4.3079996126184525,-0.0
59660,-2.2373283839397935,-4.323571317407523,-0.0
59670,-2.20470948587322,-4.338885608579074,-0.0
59680,-2.17199089216728,-4.353941910370317,-0.0
59690,-2.1391748110042914,-4.368739668223932,-0.0
59700,-2.1062634517882706,-4.3832783487487115,-0.0
59710,-2.0732590249130958,-4.397557439677316,-0.0
59720,-2.0401637415319627,-4.411576449821128,-0.0
59730,-2.0069798133282,-4.425334909022304,-0.0
59740,-1.9737094522874565,-4.438832368102969,-0.0
59750,-1.94035487047132,-4.452068398811678,-0.0
59760,-1.906918279792389,-4.465042593767092,-0.0
59770,-1.8734018917908406,-4.4777545663989615,-0.0
59780,-1.8398079174125255,-4.490203950886419,-0.0
59790,-1.80613856678863,-4.502390402093612,-0.0
59800,-1.7723960490169388,-4.514313595502749,-0.0
59810,-1.7385825719447205,-4.525973227144529,-0.0
59820,-1.7047003419532916,-4.537369013526052,-0.0
59830,-1.670751563744259,-4.5485006915562005,-0.0
59840,-1.6367384401275056,-4.559368018468548,-0.0
59850,-1.6026631718109285,-4.569970771741843,-0.0
59860,-1.5685279571919557,-4.580308749018062,-0.0
59870,-1.53433499215089,-4.59038176801811,-0.0
59880,-1.500086469846094,-4.600189666455194,-0.0
59890,-1.4657845805110457,-4.609732301945893,-0.0
59900,-1.4314315112532847,-4.619009551918966,-0.0
59910,-1.3970294458553025,-4.628021313521967,-0.0
59920,-1.3625805645773565,-4.636767503525647,-0.0
59930,-1.3280870439622794,-4.645248058226235,-0.0
59940,-1.2935510566422699,-4.653462933345605,-0.0
59950,-1.2589747711477164,-4.661412103929391,-0.0
59960,-1.2243603517180506,-4.669095564243047,-0.0
59970,-1.1897099581146706,-4.676513327665948,-0.0
59980,-1.1550257454359523,-4.6836654265835325,-0.0
59990,-1.1203098639343556,-4.690551912277536,-0.0
60000,-1.08556445883566,-4.697172854814352,-0.0
60010,-1.0507916701603388,-4.703528342931567,-0.0
60020,-1.0159936325470922,-4.709618483922706,-0.0
60030,-0.9811724750785552,-4.715443403520222,-0.0
60040,-0.946330321109203,-4.721003245776786,-0.0
60050,-0.9114692880954546,-4.7262981729448965,-0.0
60060,-0.8765914874280061,-4.731328365354872,-0.0
60070,-0.8416990242663934,-4.736094021291238,-0.0
60080,-0.8067939973758076,-4.740595356867566,-0.0
60090,-0.7718784989661723,-4.744832605899828,-0.0
60100,-0.7369546145334871,-4.74880601977824,-0.0
60110,-0.702024422703465,-4.752515867337726,-0.0
60120,-0.6670899950774535,-4.755962434726932,-0.0
60130,-0.6321533960806673,-4.75914602527596,-0.0
60140,-0.5972166828127297,-4.762066959362742,-0.0
60150,-0.5622819049005339,-4.764725574278164,-0.0
60160,-0.5273511043534326,-4.767122224089952,-0.0
60170,-0.4924263154207658,-4.769257279505397,-0.0
60180,-0.4575095644517234,-4.7711311277328985,-0.0
60190,-0.4226028697575568,-4.772744172342398,-0.0
60200,-0.38770824147614374,-4.774096833124788,-0.0
60210,-0.3528276814389016,-4.775189545950222,-0.0
60220,-0.3179631830400648,-4.776022762625498,-0.0
60230,-0.28311673110831886,-4.776596950750437,-0.0
60240,-0.24829030178079972,-4.776912593573391,-0.0
60250,-0.2134858623794558,-4.776970189845848,-0.0
60260,-0.17870537128977534,-4.776770253676209,-0.0
60270,-0.14395077784187896,-4.776313314382769,-0.0
60280,-0.10922402219397663,-4.7755999163459375,-0.0
60290,-0.07452703521818885,-4.77463061885975,-0.0
60300,-0.039861738388728,-4.773405995982661,-0.0
60310,-0.0052300436724409035,-4.771926636387731,-0.0
60320,0.02936614657829314,-4.77019314321218,-0.0
60330,0.06392493973031066,-4.7682061339063635,-0.0
60340,0.09844445297206342,-4.7659662400822445,-0.0
60350,0.13292281341367332,-4.763474107361331,-0.0
60360,0.16735815818464803,-4.760730395222169,-0.0
60370,0.2017486345292629,-4.757735776847412,-0.0
60380,0.23609239989961572,-4.754490938970474,-0.0
60390,0.27038762204636047,-4.750996581721856,-0.0
60400,0.30463247910712843,-4.7472534184751405,-0.0
60410,0.33882515969264315,-4.743262175692685,-0.0
60420,0.3729638629705388,-4.739023592771087,-0.0
60430,0.40704679874689054,-4.7345384218864135,-0.0
60440,0.44107218754546357,-4.729807427839244,-0.0
60450,0.47503826068469723,-4.724831387899585,-0.0
60460,0.5089432603524252,-4.719611091651632,-0.0
60470,0.5427854396783506,-4.714147340838464,-0.0
60480,0.5765630628042837,-4.7084409492067,-0.0
60490,0.6102744049521522,-4.7024927423510965,-0.0
60500,0.6439177524897991,-4.696303557559174,-0.0
60510,0.6774914029945802,-4.6898742436559,-0.0
60520,0.7109936653147727,-4.683205660848415,-0.0
60530,0.7444228596288077,-4.676298680570875,-0.0
60540,0.7777773175023421,-4.669154185329416,-0.0
60550,0.811055381943185,-4.6617730685473004,-0.0
60560,0.8442554074540881,-4.654156234410229,-0.0
60570,0.8773757600834182,-4.6463045977118815,-0.0
60580,0.910414817473729,-4.638219083699706,-0.0
60590,0.9433709689082445,-4.629900627920989,-0.0
60600,0.976242615355269,-4.621350176069217,-0.0
60610,1.0090281695105436,-4.612568683830778,-0.0
60620,1.0417260558375616,-4.6035571167320075,-0.0
60630,1.0743347106058598,-4.594316449986622,-0.0
60640,1.1068525819273123,-4.584847668343582,-0.0
60650,1.139278129790426,-4.575151765935347,-0.0
60660,1.1716098260926735,-4.565229746126635,-0.0
60670,1.2038461546708663,-4.555082621363623,-0.0
60680,1.2359856113296037,-4.544711413023704,-0.0
60690,1.268026703867793,-4.534117151265717,-0.0
60700,1.2999679521032848,-4.523300874880789,-0.0
60710,1.3318078878956225,-4.512263631143723,-0.0
60720,1.363545055166929,-4.501006475664975,-0.0
60730,1.395178009920969,-4.489530472243302,-0.0
60740,1.426705320260371,-4.477836692718992,-0.0
60750,1.45812556640206,-4.465926216827806,-0.0
60760,1.4894373406909145,-4.453800132055593,-0.0
60770,1.5206392476116464,-4.44145953349359,-0.0
60780,1.5517299037989556,-4.42890552369448,-0.0
60790,1.5827079380459563,-4.4161392125291705,-0.0
60800,1.6135719913109128,-4.403161717044357,-0.0
60810,1.6443207167222833,-4.3899741613208425,-0.0
60820,1.6749527795821166,-4.376577676332681,-0.0
60830,1.7054668573678138,-4.362973399807137,-0.0
60840,1.7358616397322622,-4.349162476085458,-0.0
60850,1.7661358285023911,-4.335146055984536,-0.0
60860,1.7962881376761426,-4.320925296659409,-0.0
60870,1.8263172934178942,-4.30650136146665,-0.0
60880,1.856222034052358,-4.291875419828681,-0.0
60890,1.886001110056964,-4.277048647098966,-0.0
60900,1.9156532840527594,-4.262022224428165,-0.0
60910,1.9451773307938474,-4.246797338631216,-0.0
60920,1.9745720371553759,-4.231375182055378,-0.0
60930,2.0038362021201155,-4.215756952449253,-0.0
60940,2.0329686367636315,-4.199943852832786,-0.0
60950,2.0619681642380825,-4.183937091368267,-0.0
60960,2.0908336197546586,-4.167737881232326,-0.0
60970,2.1195638505647008,-4.151347440488985,-0.0
60980,2.148157715939496,-4.1347669919637084,-0.0
60990,2.176614087148793,-4.117997763118516,-0.0
61000,2.204931847438044,-4.10104098592814,-0.0
61010,2.233109892004414,-4.083897896757261,-0.0
61020,2.2611471279715607,-4.066569736238805,-0.0
61030,2.2890424743632143,-4.049057749153337,-0.0
61040,2.3167948620755814,-4.0313631843095274,-0.0
61050,2.3444032338486034,-4.013487294425758,-0.0
61060,2.3718665442360622,-3.995431336012794,-0.0
61070,2.3991837595745884,-3.9771965692576003,-0.0
61080,2.4263538579515855,-3.958784257908293,-0.0
61090,2.453375829172072,-3.940195669160198,-0.0
61100,2.4802486747244865,-3.9214320735430612,-0.0
61110,2.5069714077454712,-3.902494744809414,-0.0
61120,2.533543052983651,-3.883384959824084,-0.0
61130,2.559962646762434,-3.8641039984548597,-0.0
61140,2.5862292369418545,-3.84465314346433,-0.0
61150,2.612341882879475,-3.8250336804028815,-0.0
61160,2.638299655390388,-3.8052468975028857,-0.0
61170,2.6641016367062984,-3.7852940855740433,-0.0
61180,2.6897469204337665,-3.7651765378999364,-0.0
61190,2.715234611511568,-3.7448955501357375,-0.0
61200,2.740563826167252,-3.7244524202071396,-0.0
61210,2.7657336918728728,-3.703848448210457,-0.0
61220,2.790743347299944,-3.6830849363139326,-0.0
61230,2.815591942273616,-3.662163188660238,-0.0
61240,2.84027863772612,-3.641084511270174,-0.0
61250,2.8648026056494817,-3.6198502119475884,-0.0
61260,2.889163029047526,-3.5984616001854732,-0.0
61270,2.9133591018872043,-3.5769199870732855,-0.0
61280,2.937390029049258,-3.5552266852054766,-0.0
61290,2.961255026278226,-3.533383008591205,-0.0
61300,2.984953320131855,-3.511390272565295,-0.0
61310,3.008484147929877,-3.4892497937003673,-0.0
61320,3.0318467577022172,-3.4669628897201976,-0.0
61330,3.0550404081366445,-3.444530879414281,-0.0
61340,3.0780643685258617,-3.4219550825535947,-0.0
61350,3.1009179187140794,-3.3992368198075784,-0.0
61360,3.123600349043085,-3.376377412662309,-0.0
61370,3.1461109602978246,-3.3533781833398892,-0.0
61380,3.168449063651504,-3.3302404547190294,-0.0
61390,3.190613980610259,-3.3069655502568285,-0.0
61400,3.2126050429573905,-3.2835547939117777,-0.0
61410,3.234421592697175,-3.2600095100679165,-0.0
61420,3.256062981998291,-3.2363310234602163,-0.0
61430,3.2775285731368795,-3.2125206591011546,-0.0
61440,3.2988177384392126,-3.1885797422084416,-0.0
61450,3.319929860224071,-3.1645095981339817,-0.0
61460,3.3408643307447528,-3.1403115522939706,-0.0
61470,3.361620552130809,-3.115986930100201,-0.0
61480,3.382197936329474,-3.0915370568925233,-0.0
61490,3.4025959050468346,-3.0669632578724877,-0.0
61500,3.4228138896887383,-3.042266858038139,-0.0
61510,3.4428513313014726,-3.017449182119984,-0.0
61520,3.4627076805122163,-2.9925115545181074,-0.0
61530,3.4823823974692987,-2.9674552992404486,-0.0
61540,3.5018749517822507,-2.9422817398422056,-0.0
61550,3.5211848224617053,-2.916992199366399,-0.0
61560,3.5403114978591366,-2.89158800028557,-0.0
61570,3.559254475606456,-2.866070464444599,-0.0
61580,3.5780132625554777,-2.8404409130046506,-0.0
61590,3.5965873747172936,-2.8147006663882506,-0.0
61600,3.6149763372015338,-2.7888510442254546,-0.0
61610,3.6331796841555697,-2.7628933653011463,-0.0
61620,3.6511969587036335,-2.7368289475034193,-0.0
61630,3.6690277128859017,-2.7106591077730604,-0.0
61640,3.6866715075975374,-2.6843851620541184,-0.0
61650,3.704127912527718,-2.658008425245557,-0.0
61660,3.7213965060986447,-2.6315302111539762,-0.0
61670,3.7384768754045767,-2.6049518324474055,-0.0
61680,3.7553686161508844,-2.578274600610162,-0.0
61690,3.7720713325931055,-2.5514998258987402,-0.0
61700,3.788584637476108,-2.52462881729878,-0.0
61710,3.8049081519732604,-2.497662882483044,-0.0
61720,3.821041505625704,-2.470603327770438,-0.0
61730,3.8369843362817098,-2.443451458086057,-0.0
61740,3.85273629003613,-2.416208576922239,-0.0
61750,3.8682970211699694,-2.3888759863006324,-0.0
61760,3.883666192090068,-2.361454986735254,-0.0
61770,3.89884347326894,-2.333946877196551,-0.0
61780,3.9138285431847386,-2.3063529550764335,-0.0
61790,3.9286210882614125,-2.2786745161542923,-0.0
61800,3.943220802809006,-2.250912854563975,-0.0
61810,3.957627388964148,-2.223069262761724,-0.0
61820,3.9718405566307475,-2.1951450314950622,-0.0
61830,3.9858600234208987,-2.1671414497726276,-0.0
61840,3.9996855145959747,-2.139059804834923,-0.0
61850,4.013316763007982,-2.1109013821260123,-0.0
61860,4.026753509041134,-2.082667465266109,-0.0
61870,4.0399955005536725,-2.054359336025087,-0.0
61880,4.053042492819961,-2.025978274296879,-0.0
61890,4.065894248472835,-1.997525558074769,-0.0
61900,4.078550537446238,-1.9690024634275618,-0.0
61910,4.091011136918132,-1.940410264476617,-0.0
61920,4.103275831253732,-1.9117502333737548,-0.0
61930,4.115344411949014,-1.8830236402799991,-0.0
61940,4.127216677574573,-1.85423175334518,-0.0
61950,4.138892433719781,-1.825375838688353,-0.0
61960,4.150371492937289,-1.7964571603790502,-0.0
61970,4.161653674687874,-1.7674769804193449,-0.0
61980,4.172738805285632,-1.7384365587267208,-0.0
61990,4.183626717843531,-1.7093371531177317,-0.0
62000,4.194317252219339,-1.680180019292457,-0.0
62010,4.204810254961921,-1.6509664108197226,-0.0
62020,4.215105579257923,-1.6216975791230959,-0.0
62030,4.225203084878833,-1.5923747734676308,-0.0
62040,4.235102638128484,-1.5629992409473727,-0.0
62050,4.244804111790894,-1.5335722264735816,-0.0
62060,4.254307385078594,-1.5040949727637023,-0.0
62070,4.2636123435813245,-1.474568720331044,-0.0
62080,4.272718879215179,-1.4449947074751663,-0.0
62090,4.281626890172183,-1.4153741702729685,-0.0
62100,4.290336280870321,-1.3857083425704693,-0.0
62110,4.29884696190398,-1.3559984559752583,-0.0
62120,4.30715884999489,-1.3262457398496241,-0.0
62130,4.3152718679435,-1.2964514213043412,-0.0
62140,4.323185944580814,-1.2666167251931006,-0.0
62150,4.330901014720725,-1.2367428741075903,-0.0
62160,4.338417019112807,-1.2068310883731976,-0.0
62170,4.345733904395585,-1.176882586045333,-0.0
62180,4.352851623050326,-1.1468985829063707,-0.0
62190,4.359770133355298,-1.1168802924631849,-0.0
62200,4.366489399340514,-1.0868289259452706,-0.0
62210,4.373009390743044,-1.0567456923034635,-0.0
62220,4.379330082962759,-1.0266317982092084,-0.0
62230,4.385451457018638,-0.9964884480544068,-0.0
62240,4.3913734995056,-0.9663168439518083,-0.0
62250,4.397096202551818,-0.9361181857359414,-0.0
62260,4.402619563776613,-0.9058936709645831,-0.0
62270,4.407943586248823,-0.8756444949207407,-0.0
62280,4.413068278445787,-0.8453718506151582,-0.0
62290,4.417993654212784,-0.8150769287893105,-0.0
62300,4.422719732723074,-0.7847609179189019,-0.0
62310,4.427246538438493,-0.7544250042178438,-0.0
62320,4.431574101070547,-0.7240703716426985,-0.0
62330,4.435702455542118,-0.6936982018975963,-0.0
62340,4.4396316419497,-0.6633096744395994,-0.0
62350,4.44336170552622,-0.6329059664845124,-0.0
62360,4.446892696604398,-0.6024882530131234,-0.0
62370,4.450224670580699,-0.5720577067778715,-0.0
62380,4.453357687879844,-0.5416154983099289,-0.0
62390,4.456291813919922,-0.5111627959266878,-0.0
62400,4.459027119078035,-0.4807007657396377,-0.0
62410,4.4615636786565736,-0.4502305716626358,-0.0
62420,4.463901572850042,-0.41975337542054686,-0.0
62430,4.466040886712489,-0.389270336558252,-0.0
62440,4.467981710125513,-0.3587826124500123,-0.0
62450,4.4697241377668675,-0.3282913583091808,-0.0
62460,4.471268269079669,-0.29779772719825165,-0.0
62470,4.472614208242169,-0.26730287003923553,-0.0
62480,4.473762064138157,-0.23680793562435476,-0.0
62490,4.474711950327948,-0.2063140706270471,-0.0
62500,4.4754639850199665,-0.17582241961326758,-0.0
62510,4.47601829104294,-0.14533412505308174,-0.0
62520,4.476374995818694,-0.1148503273325378,-0.0
62530,4.476534231335558,-0.08437216476581103,-0.0
62540,4.476496134122373,-0.05390077360760884,-0.0
62550,4.476260845223095,-0.023437288065828094,-0.0
62560,4.475828510172045,0.007017159685544027,-0.0
62570,4.475199278969721,0.037461439493296396,-0.0
62580,4.4743733060592685,0.06789442321163572,-0.0
62590,4.473350750303526,0.09831498468861334,-0.0
62600,4.472131774962701,0.12872199975234633,-0.0
62610,4.4707165476726685,0.15911434619704226,-0.0
62620,4.469105240423855,0.18949090376883612,-0.0
62630,4.46729802954078,0.2198505541514502,-0.0
62640,4.46529509566217,0.2501921809516834,-0.0
62650,4.463096623721722,0.2805146696847423,-0.0
62660,4.460702802929462,0.3108169077594203,-0.0
62670,4.458113826753728,0.3410977844631353,-0.0
62680,4.455329892903783,0.37135619094683603,-0.0
62690,4.452351203313011,0.4015910202097816,-0.0
62700,4.449177964122767,0.4318011670842102,-0.0
62710,4.4458103856668245,0.46198552821989974,-0.0
62720,4.44224868245644,0.4921430020686327,-0.0
62730,4.438493073166032,0.5222724888685714,-0.0
62740,4.434543780619489,0.5523728906285575,-0.0
62750,4.4304010317770866,0.58244311111234,-0.0
62760,4.426065057723009,0.6124820558227406,-0.0
62770,4.42153609365349,0.6424886319857668,-0.0
62780,4.416814378865591,0.672461748534687,-0.0
62790,4.411900156746554,0.7024003160940613,-0.0
62800,4.406793674763784,0.732303246963753,-0.0
62810,4.401495184455462,0.7621694551029221,-0.0
62820,4.396004941421738,0.7919978561140083,-0.0
62830,4.390323205316542,0.8217873672267132,-0.0
62840,4.384450239840022,0.8515369072819952,-0.0
62850,4.378386312731552,0.8812453967160755,-0.0
62860,4.3721316957633976,0.910911757544478,-0.0
62870,4.36568666473493,0.9405349133460954,-0.0
62880,4.359051499467484,0.970113789247303,-0.0
62890,4.3522264837998,0.9996473119061239,-0.0
62900,4.345211905584071,1.0291344094964523,-0.0
62910,4.33800805668258,1.0585740116923454,-0.0
62920,4.3306152329649565,1.0879650496523947,-0.0
62930,4.323033734305991,1.1173064560041797,-0.0
62940,4.315263864584084,1.1465971648288162,-0.0
62950,4.307305931680252,1.1758361116456073,-0.0
62960,4.299160247477752,1.2050222333968055,-0.0
62970,4.290827127862253,1.2341544684324883,-0.0
62980,4.282306892722653,1.2632317564955715,-0.0
62990,4.273599865952422,1.292253038706947,-0.0
63000,4.26470637545154,1.3212172575507677,-0.0
63010,4.255626753129048,1.3501233568598878,-0.0
63020,4.24636133490613,1.3789702818014609,-0.0
63030,4.236910460719786,1.4077569788627016,-0.0
63040,4.227274474527089,1.4364823958368338,-0.0
63050,4.217453724309986,1.4651454818092102,-0.0
63060,4.207448562080684,1.4937451871436387,-0.0
63070,4.197259343887589,1.5222804634688976,-0.0
63080,4.186886429821818,1.5507502636654698,-0.0
63090,4.176330184024236,1.5791535418524807,-0.0
63100,4.1655909746930995,1.6074892533748777,-0.0
63110,4.154669174092195,1.635756354790827,-0.0
63120,4.143565158559567,1.6639538038593615,-0.0
63130,4.132279308516778,1.6920805595282753,-0.0
63140,4.120812008478699,1.7201355819222708,-0.0
63150,4.109163647063857,1.7481178323313762,-0.0
63160,4.0973346170053,1.77602627319963,-0.0
63170,4.085325315162013,1.8038598681140523,-0.0
63180,4.073136142530845,1.8316175817939004,-0.0
63190,4.0607675042589655,1.859298380080218,-0.0
63200,4.048219809656854,1.8869012299256973,-0.0
63210,4.035493472211778,1.9144250993848406,-0.0
63220,4.022588909601826,1.941868957604455,-0.0
63230,4.009506543710407,1.9692317748144612,-0.0
63240,3.9962468006412806,1.9965125223190456,-0.0
63250,3.9828101107340905,2.023710172488155,-0.0
63260,3.9691969085803778,2.0508236987493365,-0.0
63270,3.955407633040099,2.0778520755799357,-0.0
63280,3.94144272725864,2.104794278499672,-0.0
63290,3.9273026386842975,2.131649284063569,-0.0
63300,3.9129878190862497,2.158416069855278,-0.0
63310,3.898498724573001,2.185093614480784,-0.0
63320,3.883835815611309,2.211680897562518,-0.0
63330,3.8689995570455578,2.2381768997338547,-0.0
63340,3.8539904181176063,2.2645806026340374,-0.0
63350,3.8388088724870872,2.2908909889035085,-0.0
63360,3.823455398252168,2.3171070421796784,-0.0
63370,3.807930477970745,2.343227747093115,-0.0
63380,3.7922345986821018,2.369252089264188,-0.0
63390,3.776368251928963,2.3951790553001384,-0.0
63400,3.7603319337800367,2.42100763279263,-0.0
63410,3.744126144852937,2.4467368103157465,-0.0
63420,3.72775139033754,2.472365577424455,-0.0
63430,3.7112081800197796,2.4978929246535664,-0.0
63440,3.6944970283058125,2.5233178435171535,-0.0
63450,3.6776184542466277,2.548639326508487,-0.0
63460,3.660572981563025,2.5738563671004457,-0.0
63470,3.643361138671002,2.5989679597464495,-0.0
63480,3.625983458707523,2.623973099881893,-0.0
63490,3.608440479556683,2.648870783926115,-0.0
63500,3.5907327438762207,2.673660009284875,-0.0
63510,3.572860799124423,2.698339774353373,-0.0
63520,3.5548251975873892,2.722909078519817,-0.0
63530,3.53662649640664,2.747366922169522,-0.0
63540,3.518265257607097,2.7717123066895817,-0.0
63550,3.4997420481253827,2.7959442344740815,-0.0
63560,3.4810574398384833,2.8200617089299023,-0.0
63570,3.4622120095927156,2.844063734483072,-0.0
63580,3.4432063392330425,2.86794931658573,-0.0
63590,3.4240410156326986,2.8917174617236574,-0.0
63600,3.4047166307231027,2.915367177424401,-0.0
63610,3.3852337815241236,2.9388974722660253,-0.0
63620,3.365593070174587,2.9623073558864337,-0.0
63630,3.3457951039631144,2.9855958389933432,-0.0
63640,3.3258404953592198,3.0087619333748528,-0.0
63650,3.305729862044685,3.0318046519106496,-0.0
63660,3.2854638269452154,3.0547230085838546,-0.0
63670,3.2650430182623356,3.077516018493498,-0.0
63680,3.244468069505551,3.1001826978676523,-0.0
63690,3.22373961952475,3.1227220640772115,-0.0
63700,3.202858312542835,3.145133135650328,-0.0
63710,3.1818247981885928,3.1674149322875214,-0.0
63720,3.1606397315297823,3.1895664748774624,-0.0
63730,3.1393037731064273,3.211586785513418,-0.0
63740,3.117817588964319,3.233474887510399,-0.0
63750,3.09618185068872,3.25522980542299,-0.0
63760,3.0743972354382336,3.2768505650638624,-0.0
63770,3.052464425978884,3.2983361935230215,-0.0
63780,3.0303841107183342,3.3196857191877247,-0.0
63790,3.0081569837402853,3.340898171763132,-0.0
63800,2.9857837448390248,3.3619725822936775,-0.0
63810,2.963265099554108,3.3829079831851567,-0.0
63820,2.940601759205184,3.4037034082275426,-0.0
63830,2.917794440926944,3.4243578926185485,-0.0
63840,2.8948438677041874,3.4448704729879243,-0.0
63850,2.871750768406979,3.46524018742249,-0.0
63860,2.84851587782593,3.485466075491942,-0.0
63870,2.8251399367075405,3.5055471782753984,-0.0
63880,2.8016236917896356,3.525482538388708,-0.0
63890,2.777967895836861,3.5452712000125395,-0.0
63900,2.7541733076762385,3.564912208921218,-0.0
63910,2.7302406922327704,3.584404612512369,-0.0
63920,2.7061708205650787,3.603747459837315,-0.0
63930,2.6819644699010774,3.6229398016322816,-0.0
63940,2.657622423673649,3.641980690350368,-0.0
63950,2.6331454715563445,3.6608691801943465,-0.0
63960,2.6085344094990655,3.6796043271502334,-0.0
63970,2.5837900397637386,3.6981851890216757,-0.0
63980,2.558913170959959,3.716610825465147,-0.0
63990,2.533904618080604,3.734880298025954,-0.0
64000,2.5087652025373903,3.7529926701750553,-0.0
64010,2.4834957521963843,3.770947007346715,-0.0
64020,2.4580971014134305,3.788742376976963,-0.0
64030,2.4325700910695054,3.8063778485428967,-0.0
64040,2.4069155686059736,3.8238524936028035,-0.0
64050,2.3811343880597526,3.841165385837141,-0.0
64060,2.355227410098339,3.858315601090318,-0.0
64070,2.3291955020547292,3.875302217413364,-0.0
64080,2.3030395379621895,3.8921243151074103,-0.0
64090,2.276760398588872,3.9087809767680297,-0.0
64100,2.250358971472274,3.925271287330431,-0.0
64110,2.2238361509535185,3.941594334115514,-0.0
64120,2.1971928382114423,3.957749206876759,-0.0
64130,2.1704299412964922,3.9737349978480108,-0.0
64140,2.1435483751643996,3.989550801792093,-0.0
64150,2.1165490617096308,4.005195716050306,-0.0
64160,2.089432929798603,4.020668840592787,-0.0
64170,2.0622009153026437,4.035969278069742,-0.0
64180,2.034853961130685,4.0510961338635365,-0.0
64190,2.00739301726169,4.066048516141685,-0.0
64200,1.9798190407767713,4.080825535910689,-0.0
64210,1.9521329958910236,4.095426307070766,-0.0
64220,1.924335853985025,4.109849946471453,-0.0
64230,1.8964285936360121,4.12409557396808,-0.0
64240,1.8684122006487132,4.138162312479148,-0.0
64250,1.8402876680858247,4.152049288044565,-0.0
64260,1.8120559962981004,4.165755629884763,-0.0
64270,1.7837181929540764,4.179280470460715,-0.0
64280,1.755275273069383,4.192622945534829,-0.0
64290,1.7267282590356423,4.20578219423271,-0.0
64300,1.6980781806489433,4.218757359105822,-0.0
64310,1.6693260751378687,4.231547586195026,-0.0
64320,1.6404729871910753,4.2441520250950155,-0.0
64330,1.6115199689843855,4.256569829019603,-0.0
64340,1.5824680802074096,4.268800154867916,-0.0
64350,1.553318388089663,4.28084216329148,-0.0
64360,1.5240719674261567,4.292695018762131,-0.0
64370,1.4947299006024795,4.304357889640886,-0.0
64380,1.4652932776193157,4.315829948247626,-0.0
64390,1.4357631961164092,4.327110370931669,-0.0
64400,1.4061407613959618,4.338198338143254,-0.0
64410,1.3764270864454247,4.349093034505843,-0.0
64420,1.3466232919597008,4.359793648889344,-0.0
64430,1.3167305063627128,4.370299374484152,-0.0
64440,1.286749865828347,4.380609408876107,-0.0
64450,1.256682514300739,4.390722954122275,-0.0
64460,1.226529603513893,4.400639216827609,-0.0
64470,1.196292293010621,4.410357408222457,-0.0
64480,1.1659717501607836,4.4198767442409315,-0.0
64490,1.1355691501788134,4.429196445600116,-0.0
64500,1.1050856761405174,4.438315737880139,-0.0
64510,1.0745225189991228,4.447233851605059,-0.0
64520,1.0438808776005697,4.455950022324609,-0.0
64530,1.013161958698031,4.464463490696786,-0.0
64540,0.9823669769656215,4.472773502571213,-0.0
64550,0.9514971550113195,4.480879309073395,-0.0
64560,0.9205537233890504,4.4887801666897476,-0.0
64570,0.88953792060993,4.4964753373534325,-0.0
64580,0.8584509931526585,4.503964088531043,-0.0
64590,0.8272941954730301,4.511245693310039,-0.0
64600,0.7960687900125626,4.518319430487006,-0.0
64610,0.7647760472062173,4.525184584656702,-0.0
64620,0.7334172454891943,4.531840446301861,-0.0
64630,0.7019936713027961,4.538286311883803,-0.0
64640,0.6705066190993302,4.544521483933774,-0.0
64650,0.6389573913460461,4.550545271145092,-0.0
64660,0.6073472985280798,4.556356988465974,-0.0
64670,0.5756776591504019,4.561955957193188,-0.0
64680,0.54394979973874,4.567341505066375,-0.0
64690,0.5121650548394676,4.572512966363126,-0.0
64700,0.48032476701844085,4.577469681994768,-0.0
64710,0.4484302868587671,4.582210999602859,-0.0
64720,0.41648297295748676,4.586736273656381,-0.0
64730,0.38448419192115685,4.591044865549619,-0.0
64740,0.35243531836031444,4.595136143700717,-0.0
64750,0.32033773488281,4.599009483650914,-0.0
64760,0.2881928320859868,4.602664268164411,-0.0
64770,0.2560020085476987,4.606099887328914,-0.0
64780,0.22376667081614354,4.609315738656782,-0.0
64790,0.19148823339849977,4.612311227186835,-0.0
64800,0.1591681187483478,4.615085765586723,-0.0
64810,0.12680775725186352,4.617638774255943,-0.0
64820,0.0944085872127648,4.619969681429422,-0.0
64830,0.06197205483599602,4.622077923281658,-0.0
64840,0.029499614210136613,4.62396294403145,-0.0
64850,-0.003007272711484343,4.625624196047158,-0.0
64860,-0.03554713613098177,4.627061139952507,-0.0
64870,-0.06811849842743244,4.628273244732898,-0.0
64880,-0.10071987417973204,4.6292599878422305,-0.0
64890,-0.1333497701908073,4.630020855310217,-0.0
64900,-0.1660066855131984,4.630555341850187,-0.0
64910,-0.19868911147602564,4.630862950967309,-0.0
64920,-0.2313955317133576,4.63094319506732,-0.0
64930,-0.2641244221939924,4.630795595565609,-0.0
64940,-0.29687425125267086,4.630419682996792,-0.0
64950,-0.329643479622733,4.629814997124624,-0.0
64960,-0.36243056047023253,4.6289810870523125,-0.0
64970,-0.3952339394295262,4.627917511333196,-0.0
64980,-0.4280520546403503,4.626623838081769,-0.0
64990,-0.460883336786397,4.625099645085018,-0.0
65000,-0.493726209135408,4.62334451991408,-0.0
65010,-0.5265790875807965,4.621358060036198,-0.0
65020,-0.5594403806848105,4.619139872926917,-0.0
65030,-0.5923084897232546,4.61668957618258,-0.0
65040,-0.6251818087317783,4.614006797633009,-0.0
65050,-0.6580587245537479,4.611091175454432,-0.0
65060,-0.6909376168897136,4.607942358282597,-0.0
65070,-0.7238168583484815,4.604560005326041,-0.0
65080,-0.7566948144998099,4.600943786479541,-0.0
65090,-0.7895698439287319,4.59709338243767,-0.0
65100,-0.8224402982915264,4.593008484808476,-0.0
65110,-0.8553045223733424,4.58868879622725,-0.0
65120,-0.8881608541474907,4.584134030470352,-0.0
65130,-0.9210076248364136,4.579343912569092,-0.0
65140,-0.9538431589743441,4.574318178923625,-0.0
65150,-0.9866657744716651,4.5690565774168475,-0.0
65160,-1.0194737826809765,4.563558867528268,-0.0
65170,-1.0522654884648857,4.55782482044783,-0.0
65180,-1.0850391902655276,4.551854219189675,-0.0
65190,-1.1177931801758216,4.545646858705783,-0.0
65200,-1.1505257440124799,4.539202545999516,-0.0
65210,-1.1832351613907732,4.532521100239011,-0.0
65220,-1.2159197058010651,4.5256023528704,-0.0
65230,-1.2485776446871173,4.518446147730841,-0.0
65240,-1.281207239526179,4.511052341161315,-0.0
65250,-1.3138067459108724,4.503420802119197,-0.0
65260,-1.3463744136328635,4.4955514122905305,-0.0
65270,-1.3789084867683548,4.487444066202032,-0.0
65280,-1.4114072037653724,4.479098671332734,-0.0
65290,-1.4438687975328872,4.470515148225318,-0.0
65300,-1.4762914955317457,4.461693430597026,-0.0
65310,-1.5086735198674364,4.452633465450189,-0.0
65320,-1.5410130873846963,4.443335213182326,-0.0
65330,-1.5733084097639467,4.4337986476957605,-0.0
65340,-1.6055576936195757,4.42402375650675,-0.0
65350,-1.6377591406000722,4.414010540854115,-0.0
65360,-1.6699109474900067,4.40375901580729,-0.0
65370,-1.7020113063138722,4.393269210373834,-0.0
65380,-1.7340584044417728,4.382541167606299,-0.0
65390,-1.7660504246969773,4.37157494470847,-0.0
65400,-1.7979855454653402,4.3603706131409785,-0.0
65410,-1.829861940806571,4.348928258726157,-0.0
65420,-1.8616777805673785,4.337247981752218,-0.0
65430,-1.8934312304964782,4.3253298970766645,-0.0
65440,-1.9251204523614551,4.313174134228899,-0.0
65450,-1.9567436040675028,4.3007808375120415,-0.0
65460,-1.988298839778012,4.288150166103873,-0.0
65470,-2.019784310037037,4.275282294156935,-0.0
65480,-2.0511981618936033,4.262177410897685,-0.0
65490,-2.082538539027885,4.24883572072473,-0.0
65500,-2.1138035818792353,4.235257443306092,-0.0
65510,-2.1449914277760613,4.221442813675459,-0.0
65520,-2.176100211067552,4.207392082327404,-0.0
65530,-2.2071280632572474,4.193105515311542,-0.0
65540,-2.2380731131384444,4.178583394325584,-0.0
65550,-2.268933486931435,4.16382601680726,-0.0
65560,-2.2997073084225743,4.148833696025083,-0.0
65570,-2.330392699105158,4.133606761167909,-0.0
65580,-2.3609877783221287,4.118145557433283,-0.0
65590,-2.39149066341057,4.102450446114511,-0.0
65600,-2.421899469848013,4.08652180468645,-0.0
65610,-2.4522123114005145,4.070360026889966,-0.0
65620,-2.4824273002725303,4.053965522815037,-0.0
65630,-2.5125425472585468,4.037338718982475,-0.0
65640,-2.542556161896471,4.0204800584242015,-0.0
65650,-2.572466252622773,4.003390000762089,-0.0
65660,-2.602270926929364,3.9860690222853163,-0.0
65670,-2.6319682915221874,3.968517616026182,-0.0
65680,-2.6615564524815345,3.950736291834376,-0.0
65690,-2.691033515424055,3.9327255764496853,-0.0
65700,-2.7203975856664293,3.91448601357303,-0.0
65710,-2.749646768390748,3.8960181639359086,-0.0
65720,-2.77877916881151,3.8773226053681142,-0.0
65730,-2.807792892344274,3.8583999328637533,-0.0
65740,-2.8366860447759303,3.839250758645515,-0.0
65750,-2.8654567324365754,3.8198757122271596,-0.0
65760,-2.894103062372964,3.800275440474181,-0.0
65770,-2.9226231425235487,3.78045060766265,-0.0
65780,-2.9510150818950542,3.7604018955361576,-0.0
65790,-2.9792769907405767,3.7401300033608527,-0.0
65800,-3.0074069807392116,3.719635647978556,-0.0
65810,-3.0354031651771494,3.6989195638578742,-0.0
65820,-3.06326365913025,3.6779825031433355,-0.0
65830,-3.0909865796480696,3.6568252357024833,-0.0
65840,-3.118570045939289,3.6354485491708948,-0.0
65850,-3.146012179558561,3.6138532489951163,-0.0
65860,-3.1733111045947258,3.592040158473461,-0.0
65870,-3.2004649478603726,3.57001011879466,-0.0
65880,-3.227471839082738,3.5477639890743164,-0.0
65890,-3.254329911095894,3.5253026463891515,-0.0
65900,-3.281037300034221,3.502626985808996,-0.0
65910,-3.307592145527116,3.4797379204265138,-0.0
65920,-3.333992590894926,3.4566363813846133,-0.0
65930,-3.3602367833460756,3.4333233179015332,-0.0
65940,-3.386322874175343,3.409799697293556,-0.0
65950,-3.412249018963292,3.3860665049953473,-0.0
65960,-3.4380133777767825,3.3621247445778653,-0.0
65970,-3.4636141153705684,3.33797543776383,-0.0
65980,-3.489049401389929,3.313619624440722,-0.0
65990,-3.5143174105743182,3.2890583626712884,-0.0
66000,-3.5394163229619697,3.264292728701507,-0.0
66010,-3.564344324095475,3.239323816966026,-0.0
66020,-3.5890996052282453,3.214152740091012,-0.0
66030,-3.613680363531858,3.1887806288944005,-0.0
66040,-3.638084802304257,3.1632086323835353,-0.0
66050,-3.6623111311787246,3.1374379177501326,-0.0
66060,-3.686357566333668,3.1114696703626112,-0.0
66070,-3.710222330703097,3.085305093755695,-0.0
66080,-3.733903654187818,3.0589454096173183,-0.0
66090,-3.757399773867295,3.032391857772791,-0.0
66100,-3.780708934212106,3.005645696166198,-0.0
66110,-3.803829387296993,2.978708200839015,-0.0
66120,-3.82675939301447,2.951580665905944,-0.0
66130,-3.8494972192889003,2.9242644035279026,-0.0
66140,-3.8720411422910614,2.8967607438821865,-0.0
66150,-3.8943894466531295,2.8690710351297835,-0.0
66160,-3.916540425684035,2.8411966433797913,-0.0
66170,-3.938492381585152,2.8131389526509554,-0.0
66180,-3.9602436256663096,2.784899364830298,-0.0
66190,-3.981792478562021,2.756479299628812,-0.0
66200,-4.003137270447961,2.727880194534227,-0.0
66210,-4.024276341257579,2.6991035047608096,-0.0
66220,-4.045208040898858,2.670150703196198,-0.0
66230,-4.065930729471131,2.6410232803452485,-0.0
66240,-4.086442777481959,2.6117227442709,-0.0
66250,-4.1067425660639625,2.5822506205320157,-0.0
66260,-4.126828487191646,2.552608452118221,-0.0
66270,-4.1466989438980475,2.5227977993816886,-0.0
66280,-4.166352350491329,2.4928202399659276,-0.0
66290,-4.1857871327710825,2.4626773687314696,-0.0
66300,-4.20500172824446,2.432370797678551,-0.0
66310,-4.223994586341978,2.4019021558666998,-0.0
66320,-4.242764168632999,2.371273089331267,-0.0
66330,-4.261308949040816,2.3404852609968727,-0.0
66340,-4.279627414057322,2.3095403505877905,-0.0
66350,-4.297718062957164,2.278440054535219,-0.0
66360,-4.315579408011413,2.247186085881497,-0.0
66370,-4.3332099747006065,2.2157801741812024,-0.0
66380,-4.350608301927198,2.184224065399177,-0.0
66390,-4.367772942227302,2.1525195218054467,-0.0
66400,-4.384702461981725,2.1206683218670532,-0.0
66410,-4.40139544162622,2.088672260136802,-0.0
66420,-4.417850475860895,2.0565331471388997,-0.0
66430,-4.434066173858774,2.0242528092515286,-0.0
66440,-4.450041159473392,1.9918330885863185,-0.0
66450,-4.465774071445441,1.9592758428647457,-0.0
66460,-4.4812635636083815,1.9265829452914622,-0.0
66470,-4.4965083050929495,1.893756284424544,-0.0
66480,-4.511506980530571,1.8607977640426925,-0.0
66490,-4.526258290255573,1.8277093030093765,-0.0
66500,-4.540760950506147,1.7944928351339229,-0.0
66510,-4.555013693624082,1.7611503090295884,-0.0
66520,-4.569015268253104,1.7276836879685933,-0.0
66530,-4.582764439535863,1.6940949497341473,-0.0
66540,-4.5962599893094955,1.660386086469485,-0.0
66550,-4.6095007162996815,1.6265591045239018,-0.0
66560,-4.622485436313155,1.59261602429582,-0.0
66570,-4.63521298242867,1.5585588800729122,-0.0
66580,-4.6476822051863,1.5243897198692684,-0.0
66590,-4.659891972775037,1.4901106052596464,-0.0
66600,-4.671841171218705,1.4557236112108225,-0.0
66610,-4.683528704560033,1.4212308259100497,-0.0
66620,-4.694953495042926,1.3866343505906504,-0.0
66630,-4.706114483292836,1.3519362993547728,-0.0
66640,-4.717010628495212,1.317138798993315,-0.0
66650,-4.727640908571942,1.2822439888030541,-0.0
66660,-4.738004320355792,1.2472540204009963,-0.0
66670,-4.74809987976274,1.21217105753598,-0.0
66680,-4.757926621962207,1.1769972758975498,-0.0
66690,-4.767483601545085,1.1417348629221309,-0.0
66700,-4.776769892689554,1.106386017596531,-0.0
66710,-4.785784589324641,1.0709529502588042,-0.0
66720,-4.794526805291423,1.0354378823964885,-0.0
66730,-4.8029956745019255,0.9998430464422764,-0.0
66740,-4.811190351095546,0.9641706855671135,-0.0
66750,-4.819110009593071,0.9284230534707892,-0.0
66760,-4.826753845048172,0.8926024141700338,-0.0
66770,-4.834121073196361,0.8567110417841607,-0.0
66780,-4.841210930601356,0.8207512203182894,-0.0
66790,-4.848022674798826,0.7847252434441838,-0.0
66800,-4.854555584437435,0.7486354142787397,-0.0
66810,-4.860808959417192,0.7124840451601634,-0.0
66820,-4.866782121025045,0.6762734574218767,-0.0
66830,-4.87247441206764,0.6400059811641846,-0.0
66840,-4.877885197001294,0.6036839550237516,-0.0
66850,-4.883013862059033,0.5673097259409198,-0.0
66860,-4.88785981537474,0.530885648924916,-0.0
66870,-4.8924224871043345,0.4944140868169857,-0.0
66880,-4.896701329543962,0.4578974100515005,-0.0
66890,-4.900695817245138,0.4213379964150773,-0.0
66900,-4.904405447126826,0.3847382308037598,-0.0
66910,-4.907829738584417,0.3481005049783026,-0.0
66920,-4.910968233595541,0.31142721731760425,-0.0
66930,-4.91382049682273,0.2747207725703394,-0.0
66940,-4.916386115712867,0.23798358160483268,-0.0
66950,-4.918664700593354,0.20121806115722357,-0.0
66960,-4.9206558847650665,0.16442663357797374,-0.0
66970,-4.922359324591944,0.12761172657676087,-0.0
66980,-4.923774699587284,0.09077577296581356,-0.0
66990,-4.924901712496636,0.05392121040173421,-0.0
67000,-4.925740089377325,0.017050481125863774,-0.0
67010,-4.9262895796745525,-0.01983396829676201,-0.0
67020,-4.926549956294013,-0.05672968723981173,-0.0
67030,-4.926521015671064,-0.09363422127935968,-0.0
67040,-4.9262025778364125,-0.13054511245883746,-0.0
67050,-4.925594486478213,-0.16745989955517968,-0.0
67060,-4.924696609000682,-0.20437611834611244,-0.0
67070,-4.923508836579102,-0.24129130187852646,-0.0
67080,-4.922031084211239,-0.27820298073788186,-0.0
67090,-4.920263290765153,-0.3151086833185873,-0.0
67100,-4.918205419023375,-0.35200593609529945,-0.0
67110,-4.915857455723437,-0.38889226389508286,-0.0
67120,-4.913219411594703,-0.42576519017037506,-0.0
67130,-4.910291321391559,-0.46262223727270013,-0.0
67140,-4.907073243922878,-0.49946092672707326,-0.0
67150,-4.903565262077766,-0.5362787795070334,-0.0
67160,-4.899767482847578,-0.5730733163102519,-0.0
67170,-4.895680037344225,-0.6098420578346567,-0.0
67180,-4.891303080814686,-0.6465825250550092,-0.0
67190,-4.886636792651777,-0.6832922394998789,-0.0
67200,-4.881681376401152,-0.7199687235289546,-0.0
67210,-4.876437059764522,-0.756609500610634,-0.0
67220,-4.870904094599077,-0.7932120955998279,-0.0
67230,-4.865082756913131,-0.8297740350159226,-0.0
67240,-4.8589733468579555,-0.866292847320841,-0.0
67250,-4.85257618871582,-0.9027660631971373,-0.0
67260,-4.845891630884221,-0.9391912158260681,-0.0
67270,-4.838920045856328,-0.9755658411655836,-0.0
67280,-4.831661830197576,-1.0118874782281642,-0.0
67290,-4.8241174045185105,-1.0481536693584637,-0.0
67300,-4.816287213443781,-1.0843619605106753,-0.0
67310,-4.808171725577361,-1.1205099015255764,-0.0
67320,-4.799771433463958,-1.156595046407183,-0.0
67330,-4.791086853546642,-1.1926149535989614,-0.0
67340,-4.782118526120664,-1.2285671862595196,-0.0
67350,-4.77286701528354,-1.264449312537746,-0.0
67360,-4.763332908881305,-1.3002589058473006,-0.0
67370,-4.753516818451061,-1.3359935451404332,-0.0
67380,-4.743419379159736,-1.3716508151810396,-0.0
67390,-4.733041249739123,-1.4072283068169142,-0.0
67400,-4.722383112417187,-1.4427236172511357,-0.0
67410,-4.711445672845658,-1.4781343503125188,-0.0
67420,-4.70022966002391,-1.513458116725078,-0.0
67430,-4.688735826219212,-1.548692534376458,-0.0
67440,-4.676964946883226,-1.583835228585238,-0.0
67450,-4.664917820564941,-1.618883832367091,-0.0
67460,-4.652595268819928,-1.6538359866997132,-0.0
67470,-4.639998136115999,-1.6886893407864758,-0.0
67480,-4.627127289735288,-1.7234415523187419,-0.0
67490,-4.61398361967276,-1.758090287736794,-0.0
67500,-4.600568038531162,-1.7926332224893018,-0.0
67510,-4.586881481412491,-1.8270680412913012,-0.0
67520,-4.572924905805922,-1.8613924383805918,-0.0
67530,-4.558699291472327,-1.8956041177725451,-0.0
67540,-4.544205640325293,-1.9297007935132167,-0.0
67550,-4.52944497630877,-1.9636801899307494,-0.0
67560,-4.514418345271331,-1.9975400418850002,-0.0
67570,-4.499126814837057,-2.0312780950153253,-0.0
67580,-4.4835714742731225,-2.064892105986492,-0.0
67590,-4.467753434354089,-2.0983798427326565,-0.0
67600,-4.45167382722293,-2.131739084699348,-0.0
67610,-4.435333806248837,-2.1649676230834265,-0.0
67620,-4.41873454588184,-2.1980632610709407,-0.0
67630,-4.401877241504284,-2.2310238140728744,-0.0
67640,-4.384763109279162,-2.2638471099586823,-0.0
67650,-4.367393385995392,-2.2965309892876142,-0.0
67660,-4.349769328910046,-2.329073305537749,-0.0
67670,-4.331892215587562,-2.3614719253327077,-0.0
67680,-4.313763343736019,-2.3937247286660015,-0.0
67690,-4.295384031040461,-2.4258296091229528,-0.0
67700,-4.276755614993368,-2.4577844741001726,-0.0
67710,-4.2578794527222446,-2.4895872450225087,-0.0
67720,-4.238756920814466,-2.5212358575574854,-0.0
67730,-4.219389415139321,-2.5527282618271245,-0.0
67740,-4.199778350667369,-2.5840624226171514,-0.0
67750,-4.179925161287131,-2.6152363195835346,-0.0
67760,-4.159831299619152,-2.646247947456317,-0.0
67770,-4.139498236827498,-2.677095316240697,-0.0
67780,-4.118927462428715,-2.7077764514153366,-0.0
67790,-4.09812048409832,-2.7382893941278375,-0.0
67800,-4.077078827474854,-2.7686322013873785,-0.0
67810,-4.0558040359615495,-2.798802946254449,-0.0
67820,-4.034297670525655,-2.828799718027662,-0.0
67830,-4.012561309495497,-2.8586206224276194,-0.0
67840,-3.9905965483552923,-2.8882637817777863,-0.0
67850,-3.968404999537762,-2.9177273351823323,-0.0
67860,-3.945988292214644,-2.9470094387009507,-0.0
67870,-3.9233480720850866,-2.976108265520571,-0.0
67880,-3.900486001162042,-3.005022006123987,-0.0
67890,-3.877403757556669,-3.0337488684553464,-0.0
67900,-3.854103035260794,-3.0622870780824636,-0.0
67910,-3.830585543927534,-3.0906348783559823,-0.0
67920,-3.8068530086500707,-3.1187905305653003,-0.0
67930,-3.7829071697386656,-3.1467523140912683,-0.0
67940,-3.758749782495981,-3.174518526555654,-0.0
67950,-3.734382616990713,-3.202087483967304,-0.0
67960,-3.7098074578296525,-3.229457520865033,-0.0
67970,-3.685026103928175,-3.256626990457183,-0.0
67980,-3.6600403682792497,-3.2835942647578644,-0.0
67990,-3.634852077721015,-3.310357734719842,-0.0
68000,-3.6094630727029453,-3.336915810364043,-0.0
68010,-3.583875207050739,-3.3632669209057213,-0.0
68020,-3.5580903477298804,-3.3894095148771752,-0.0
68030,-3.5321103746080325,-3.415342060247117,-0.0
68040,-3.5059371802162422,-3.4410630445365715,-0.0
68050,-3.4795726695090563,-3.4665709749313796,-0.0
68060,-3.453018759623585,-3.4918643783912446,-0.0
68070,-3.426277379637578,-3.5169418017553404,-0.0
68080,-3.3993504703265653,-3.5418018118444605,-0.0
68090,-3.372239983920114,-3.566442995559693,-0.0
68100,-3.3449478838572735,-3.5908639599776464,-0.0
68110,-3.3174761445412457,-3.6150633324421855,-0.0
68120,-3.2898267510933494,-3.639039760652701,-0.0
68130,-3.262001699106334,-3.6627919127488946,-0.0
68140,-3.234002994397082,-3.6863184773920743,-0.0
68150,-3.205832652758785,-3.709618163842984,-0.0
68160,-3.1774926997126207,-3.7326897020361325,-0.0
68170,-3.148985170259009,-3.7555318426506554,-0.0
68180,-3.120312108628486,-3.7781433571776963,-0.0
68190,-3.0914755680322488,-3.8005230379842905,-0.0
68200,-3.062477610412455,-3.8226696983738147,-0.0
68210,-3.0333203061922926,-3.8445821726429346,-0.0
68220,-3.0040057340259034,-3.8662593161351184,-0.0
68230,-2.9745359805481915,-3.887700005290669,-0.0
68240,-2.9449131401245974,-3.9089031376933354,-0.0
68250,-2.9151393146008724,-3.9298676321134813,-0.0
68260,-2.885216613052893,-3.9505924285477976,-0.0
68270,-2.8551471515366216,-3.9710764882556524,-0.0
68280,-2.8249330528381913,-3.9913187937919785,-0.0
68290,-2.7945764462242386,-4.011318349036812,-0.0
68300,-2.7640794671924778,-4.031074179221416,-0.0
68310,-2.733444257222613,-4.050585330951067,-0.0
68320,-2.7026729635276063,-4.069850872224474,-0.0
68330,-2.6717677388053755,-4.088869892449865,-0.0
68340,-2.6407307409909557,-4.10764150245776,-0.0
68350,-2.6095641330091826,-4.126164834510436,-0.0
68360,-2.578270082527946,-4.144439042308117,-0.0
68370,-2.546850761712057,-4.16246330099189,-0.0
68380,-2.515308346977792,-4.180236807143393,-0.0
68390,-2.483645018748129,-4.197758778781261,-0.0
68400,-2.451862961208766,-4.21502845535438,-0.0
68410,-2.4199643620649414,-4.23204509773197,-0.0
68420,-2.387951412299097,-4.24880798819049,-0.0
68430,-2.355826305929447,-4.265316430397422,-0.0
68440,-2.3235912397694998,-4.281569749391956,-0.0
68450,-2.291248413188549,-4.297567291562567,-0.0
68460,-2.2588000278732117,-4.31330842462155,-0.0
68470,-2.226248287590032,-4.328792537576518,-0.0
68480,-2.1935953979492098,-4.344019040698898,-0.0
68490,-2.160843566169485,-4.35898736548944,-0.0
68500,-2.1279950008442183,-4.37369696464079,-0.0
68510,-2.0950519117087194,-4.388147311997123,-0.0
68520,-2.062016509408855,-4.402337902510905,-0.0
68530,-2.0288910052709768,-4.4162682521967875,-0.0
68540,-1.9956776110732009,-4.4299378980826445,-0.0
68550,-1.9623785388180988,-4.4433463981578525,-0.0
68560,-1.9289960005068154,-4.456493331318781,-0.0
68570,-1.8955322079146475,-4.469378297311528,-0.0
68580,-1.86198937236815,-4.482000916671987,-0.0
68590,-1.8283697045237663,-4.494360830663214,-0.0
68600,-1.7946754141480394,-4.5064577012101665,-0.0
68610,-1.7609087098994411,-4.518291210831851,-0.0
68620,-1.7270717991118354,-4.529861062570883,-0.0
68630,-1.6931668875796155,-4.54116697992051,-0.0
68640,-1.6591961793445553,-4.552208706749155,-0.0
68650,-1.6251618764843982,-4.562986007222486,-0.0
68660,-1.5910661789032032,-4.573498665723047,-0.0
68670,-1.5569112841235022,-4.58374648676751,-0.0
68680,-1.522699387080275,-4.593729294921579,-0.0
68690,-1.488432679916775,-4.603446934712542,-0.0
68700,-1.4541133517822473,-4.612899270539587,-0.0
68710,-1.4197435886315393,-4.622086186581837,-0.0
68720,-1.3853255730266583,-4.63100758670421,-0.0
68730,-1.3508614839402722,-4.639663394361075,-0.0
68740,-1.3163534965612067,-4.648053552497817,-0.0
68750,-1.2818037821019361,-4.656178023450292,-0.0
68760,-1.2472145076081078,-4.664036788842226,-0.0
68770,-1.2125878357701112,-4.671629849480599,-0.0
68780,-1.1779259247367253,-4.678957225249089,-0.0
68790,-1.1432309279308477,-4.686018954999522,-0.0
68800,-1.108504993867342,-4.692815096441492,-0.0
68810,-1.073750265973008,-4.699345726030059,-0.0
68820,-1.0389688824087056,-4.705610938851699,-0.0
68830,-1.0041629758936383,-4.711610848508423,-0.0
68840,-0.9693346735318192,-4.7173455870001835,-0.0
68850,-0.9344860966407359,-4.722815304605585,-0.0
68860,-0.8996193605822268,-4.72802016976094,-0.0
68870,-0.864736574595582,-4.732960368937695,-0.0
68880,-0.8298398416328877,-4.737636106518297,-0.0
68890,-0.7949312581966219,-4.742047604670524,-0.0
68900,-0.7600129141795126,-4.746195103220292,-0.0
68910,-0.725086892706678,-4.750078859523052,-0.0
68920,-0.6901552699800503,-4.75369914833373,-0.0
68930,-0.6552201151250991,-4.757056261675332,-0.0
68940,-0.6202834900398572,-4.760150508706158,-0.0
68950,-0.5853474492462686,-4.762982215585798,-0.0
68960,-0.5504140397438517,-4.765551725339798,-0.0
68970,-0.5154853008656987,-4.767859397723153,-0.0
68980,-0.4805632641368093,-4.769905609082625,-0.0
68990,-0.44564995313476596,-4.771690752217899,-0.0
69000,-0.41074738335276006,-4.773215236241684,-0.0
69010,-0.3758575620649659,-4.774479486438713,-0.0
69020,-0.34098248819427396,-4.775483944123757,-0.0
69030,-0.306124152182381,-4.776229066498646,-0.0
69040,-0.27128453586224316,-4.776715326508364,-0.0
69050,-0.23646561233289184,-4.776943212696239,-0.0
69060,-0.20166934583661228,-4.776913229058246,-0.0
69070,-0.16689769163849047,-4.776625894896551,-0.0
69080,-0.13215259590832149,-4.776081744672183,-0.0
69090,-0.09743599560488506,-4.775281327857051,-0.0
69100,-0.06274981836258164,-4.774225208785178,-0.0
69110,-0.02809598238043093,-4.772913966503309,-0.0
69120,0.006523603686571886,-4.771348194620861,-0.0
69130,0.04110704083374392,-4.769528501159292,-0.0
69140,0.07565243981065109,-4.7674555084009045,-0.0
69150,0.11015792122269684,-4.765129852737122,-0.0
69160,0.14462161563036857,-4.76255218451629,-0.0
69170,0.17904166364614602,-4.759723167891007,-0.0
69180,0.2134162160290792,-4.75664348066507,-0.0
69190,0.24774343377703978,-4.753313814139995,-0.0
69200,0.28202148821665685,-4.749734872961258,-0.0
69210,0.3162485610909395,-4.745907374964163,-0.0
69220,0.3504228446445983,-4.7418320510194665,-0.0
69230,0.3845425417070724,-4.737509644878764,-0.0
69240,0.4186058657732719,-4.732940913019657,-0.0
69250,0.4526110410820434,-4.728126624490756,-0.0
69260,0.486556302692371,-4.723067560756527,-0.0
69270,0.5204398965573217,-4.717764515542059,-0.0
69280,0.5542600795957462,-4.71221829467773,-0.0
69290,0.5880151197617471,-4.70642971594385,-0.0
69300,0.6217032961119223,-4.700399608915254,-0.0
69310,0.6553228988704074,-4.6941288148059925,-0.0
69320,0.6888722294917102,-4.68761818631398,-0.0
69330,0.7223496007213712,-4.680868587465791,-0.0
69340,0.7557533366544499,-4.673880893461557,-0.0
69350,0.7890817727918503,-4.666655990519961,-0.0
69360,0.8223332560945137,-4.659194775723469,-0.0
69370,0.8555061450354763,-4.651498156863725,-0.0
69380,0.8885988096498152,-4.6435670522871675,-0.0
69390,0.921609631582497,-4.635402390740922,-0.0
69400,0.9545370041341477,-4.62700511121898,-0.0
69410,0.9873793323047493,-4.618376162808666,-0.0
69420,1.020135032835293,-4.609516504537468,-0.0
69430,1.0528025342473954,-4.600427105220224,-0.0
69440,1.0853802768809018,-4.591108943306711,-0.0
69450,1.1178667129294828,-4.581563006729621,-0.0
69460,1.150260306474257,-4.571790292753017,-0.0
69470,1.1825595335154466,-4.56179180782124,-0.0
69480,1.214762882002084,-4.551568567408297,-0.0
69490,1.2468688518597946,-4.541121595867794,-0.0
69500,1.278875955016669,-4.530451926283382,-0.0
69510,1.3107827154272382,-4.519560600319761,-0.0
69520,1.3425876690945904,-4.508448668074318,-0.0
69530,1.3742893640906215,-4.497117187929307,-0.0
69540,1.4058863605744623,-4.485567226404712,-0.0
69550,1.4373772308090815,-4.47379985801172,-0.0
69560,1.4687605591761104,-4.461816165106906,-0.0
69570,1.5000349421888783,-4.449617237747076,-0.0
69580,1.5311989885037003,-4.437204173544838,-0.0
69590,1.5622513189294391,-4.424578077524917,-0.0
69600,1.593190566435342,-4.411740061981196,-0.0
69610,1.6240153761571907,-4.3986912463345424,-0.0
69620,1.6547244054017862,-4.385432756991435,-0.0
69630,1.6853163236497697,-4.371965727203361,-0.0
69640,1.7157898125568298,-4.358291296927087,-0.0
69650,1.7461435659532893,-4.344410612685727,-0.0
69660,1.7763762898421103,-4.3303248274306885,-0.0
69670,1.8064867023953377,-4.316035100404505,-0.0
69680,1.8364735339489944,-4.301542597004539,-0.0
69690,1.866335526996447,-4.286848488647577,-0.0
69700,1.8960714361802913,-4.271953952635397,-0.0
69710,1.9256800282827429,-4.256860172021227,-0.0
69720,1.9551600822145725,-4.241568335477159,-0.0
69730,1.9845103890026068,-4.226079637162528,-0.0
69740,2.01372975177583,-4.210395276593297,-0.0
69750,2.0428169857500715,-4.194516458512372,-0.0
69760,2.071770918211343,-4.178444392760982,-0.0
69770,2.10059038849782,-4.16218029415103,-0.0
69780,2.1292742479805002,-4.145725382338475,-0.0
69790,2.157821360042565,-4.129080881697784,-0.0
69800,2.1862306000574465,-4.11224802119738,-0.0
69810,2.2145008553656584,-4.095228034276197,-0.0
69820,2.2426310252503634,-4.078022158721261,-0.0
69830,2.2706200209117555,-4.060631636546393,-0.0
69840,2.298466765440225,-4.0430577138719554,-0.0
69850,2.3261701937883714,-4.02530164080573,-0.0
69860,2.353729252741864,-4.007364671324884,-0.0
69870,2.3811429008891696,-3.989248063159044,-0.0
69880,2.408410108590188,-3.9709530776745106,-0.0
69890,2.4355298579438003,-3.9524809797595863,-0.0
69900,2.462501142754359,-3.9338330377110426,-0.0
69910,2.489322968497137,-3.9150105231217287,-0.0
69920,2.5159943522827684,-3.896014710769333,-0.0
69930,2.542514322820688,-3.876846878506297,-0.0
69940,2.5688819203816027,-3.857508307150886,-0.0
69950,2.5950961967590174,-3.838000280379443,-0.0
69960,2.6211562152298162,-3.8183240846197766,-0.0
69970,2.6470610505139516,-3.7984810089457697,-0.0
69980,2.672809788733245,-3.7784723449731357,-0.0
69990,2.6984015273693207,-3.7582993867563768,-0.0
70000,2.7238353752206894,-3.737963430686913,-0.0
70010,2.749110452359023,-3.71746577539242,-0.0
70020,2.774225890084622,-3.6968077216373505,-0.0
70030,2.799180830881096,-3.675990572224652,-0.0
70040,2.8239744283692993,-3.655015631898692,-0.0
70050,2.8486058472605174,-3.6338842072493747,-0.0
70060,2.8730742633089332,-3.6125976066174643,-0.0
70070,2.897378863263415,-3.5911571400011257,-0.0
70080,2.9215188448185976,-3.5695641189636387,-0.0
70090,2.9454934165653355,-3.547819856542365,-0.0
70100,2.9693017979404948,-3.5259256671588717,-0.0
70110,2.9929432191761496,-3.5038828665303066,-0.0
70120,3.0164169212481733,-3.48169277158196,-0.0
70130,3.039722155824244,-3.4593567003610333,-0.0
70140,3.0628581852113053,-3.4368759719516215,-0.0
70150,3.085824282302488,-3.4142519063909056,-0.0
70160,3.1086197305235017,-3.391485824586534,-0.0
70170,3.1312438237785423,-3.368579048235236,-0.0
70180,3.153695866395708,-3.345532899742609,-0.0
70190,3.17597517307196,-3.3223487021441307,-0.0
70200,3.198081068817628,-3.2990277790273486,-0.0
70210,3.220012888900521,-3.275571454455297,-0.0
70220,3.2417699787895864,-3.2519810528910726,-0.0
70230,3.263351694098232,-3.2282578991236357,-0.0
70240,3.284757400527239,-3.2044033181947804,-0.0
70250,3.3059864738073372,-3.1804186353272907,-0.0
70260,3.327038299641453,-3.156305175854294,-0.0
70270,3.347912273646641,-3.132064265149792,-0.0
70280,3.3686078012956875,-3.107697228560342,-0.0
70290,3.3891242978584804,-3.083205391337949,-0.0
70300,3.4094611883430797,-3.058590078574099,-0.0
70310,3.429617907436541,-3.033852615134958,-0.0
70320,3.449593899445536,-3.0089943255977523,-0.0
70330,3.4693886182367177,-2.9840165341882643,-0.0
70340,3.4890015271769284,-2.958920564719519,-0.0
70350,3.508432099073192,-2.9337077405315855,-0.0
70360,3.5276798161125638,-2.908379384432533,-0.0
70370,3.5467441698018156,-2.882936818640512,-0.0
70380,3.5656246609069986,-2.857381364726977,-0.0
70390,3.584320799392875,-2.8317143435610133,-0.0
70400,3.6028321043622533,-2.8059370752547954,-0.0
70410,3.6211581039952425,-2.780050879110156,-0.0
70420,3.6392983354884034,-2.754057073566237,-0.0
70430,3.657252344993891,-2.727956976148286,-0.0
70440,3.675019687558499,-2.701751903417486,-0.0
70450,3.692599927062709,-2.6754431709219184,-0.0
70460,3.7099926361597233,-2.649032093148586,-0.0
70470,3.72719739621447,-2.6225199834764927,-0.0
70480,3.744213797242652,-2.5959081541308207,-0.0
70490,3.7610414378498023,-2.5691979161381355,-0.0
70500,3.7776799251703896,-2.5423905792826633,-0.0
70510,3.7941288748069693,-2.5154874520635926,-0.0
70520,3.810387910769395,-2.4884898416534194,-0.0
70530,3.8264566654141405,-2.4613990538573343,-0.0
70540,3.8423347793836644,-2.434216393073601,-0.0
70550,3.858021901545928,-2.4069431622549717,-0.0
70560,3.8735176889339886,-2.379580662871094,-0.0
70570,3.8888218066857534,-2.3521301948719207,-0.0
70580,3.9039339279838594,-2.3245930566521054,-0.0
70590,3.918853733995707,-2.296970545016377,-0.0
70600,3.9335809138136555,-2.2692639551458877,-0.0
70610,3.948115164395415,-2.241474580565529,-0.0
70620,3.9624561905045965,-2.2136037131121937,-0.0
70630,3.976603704651473,-2.185652642903986,-0.0
70640,3.990557427033968,-2.1576226583103844,-0.0
70650,4.004317085478834,-2.1295150459233114,-0.0
70660,4.017882415383083,-2.1013310905291394,-0.0
70670,4.031253159655651,-2.0730720750816007,-0.0
70680,4.044429068659318,-2.0447392806756093,-0.0
70690,4.05740990015289,-2.016333986521963,-0.0
70700,4.0701954192336425,-1.9878574699229417,-0.0
70710,4.0827853982800715,-1.9593110062487813,-0.0
70720,4.095179616894897,-1.9306958689150002,-0.0
70730,4.107377861848415,-1.9020133293606076,-0.0
70740,4.119379927022118,-1.8732646570271358,-0.0
70750,4.131185613352648,-1.8444511193385227,-0.0
70760,4.142794728776105,-1.8155739816818333,-0.0
70770,4.154207088172636,-1.7866345073887766,-0.0
70780,4.165422513311429,-1.7576339577180609,-0.0
70790,4.176440832796026,-1.7285735918385294,-0.0
70800,4.187261882010005,-1.699454666813102,-0.0
70810,4.197885503063033,-1.6702784375834887,-0.0
70820,4.208311544737316,-1.6410461569556873,-0.0
70830,4.218539862434384,-1.6117590755862268,-0.0
70840,4.2285703181223555,-1.5824184419691913,-0.0
70850,4.238402780283505,-1.5530255024239568,-0.0
70860,4.248037123862321,-1.5235815010836893,-0.0
70870,4.25747323021392,-1.4940876798845446,-0.0
70880,4.2667109870529405,-1.4645452785556072,-0.0
70890,4.2757502884028185,-1.434955534609513,-0.0
70900,4.284591034545515,-1.4053196833337753,-0.0
70910,4.293233131971711,-1.3756389577828045,-0.0
70920,4.301676493331405,-1.345914588770585,-0.0
70930,4.309921037385021,-1.3161478048640403,-0.0
70940,4.317966688954939,-1.2863398323770376,-0.0
70950,4.3258133788775055,-1.2564918953650466,-0.0
70960,4.333461043955522,-1.22660521562043,-0.0
70970,4.340909626911219,-1.1966810126683685,-0.0
70980,4.3481590763397024,-1.1667205037633945,-0.0
70990,4.355209346662891,-1.136724903886536,-0.0
71000,4.3620603980839725,-1.1066954257430612,-0.0
71010,4.368712196542334,-1.0766332797608038,-0.0
71020,4.3751647136690135,-1.0465396740890716,-0.0
71030,4.381417926742665,-1.0164158145981195,-0.0
71040,4.387471818646029,-0.9862629048791811,-0.0
71050,4.393326377822939,-0.95608214624505,-0.0
71060,4.398981598235846,-0.9258747377311963,-0.0
71070,4.404437479323866,-0.8956418760974125,-0.0
71080,4.4096940259613655,-0.8653847558299776,-0.0
71090,4.41475124841712,-0.8351045691443353,-0.0
71100,4.419609162313949,-0.8048025059882586,-0.0
71110,4.424267788588947,-0.7744797540455158,-0.0
71120,4.428727153454263,-0.7441374987400103,-0.0
71130,4.432987288358407,-0.7137769232403889,-0.0
71140,4.437048229948132,-0.683399208465111,-0.0
71150,4.440910020030896,-0.6530055330879712,-0.0
71160,4.4445727055378335,-0.6225970735440535,-0.0
71170,4.4480363384873645,-0.5921750040361266,-0.0
71180,4.451300975949315,-0.56174049654145,-0.0
71190,4.454366680009645,-0.5312947208189983,-0.0
71200,4.457233517735741,-0.5008388444170825,-0.0
71210,4.4599015611423,-0.47037403268136563,-0.0
71220,4.46237088715777,-0.43990144876325826,-0.0
71230,4.464641577591406,-0.40942225362868745,-0.0
71240,4.466713719100892,-0.3789376060672288,-0.0
71250,4.4685874031605675,-0.3484486627015912,-0.0
71260,4.470262726030223,-0.31795657799744376,-0.0
71270,4.4717397887245225,-0.28746250427357994,-0.0
71280,4.473018696982988,-0.2569675917124026,-0.0
71290,4.474099561240609,-0.22647298837072657,-0.0
71300,4.4749824965990355,-0.19597984019088566,-0.0
71310,4.475667622798378,-0.16548929101213555,-0.0
71320,4.4761550641896,-0.13500248258234326,-0.0
71330,4.476444949707547,-0.10452055456995442,-0.0
71340,4.476537412844547,-0.07404464457622754,-0.0
71350,4.476432591624623,-0.04357588814772648,-0.0
71360,4.4761306285783355,-0.013115418789062553,-0.0
71370,4.475631670718214,0.0173356320241242,-0.0
71380,4.474935869514817,0.04777613483195333,-0.0
71390,4.474043380873376,0.07820496217687116,-0.0
71400,4.4729543651110895,0.10862098859000635,-0.0
71410,4.471668986934994,0.13902309057732268,-0.0
71420,4.470187415420485,0.1694101466055789,-0.0
71430,4.46850982399042,0.19978103708810413,-0.0
71440,4.466636390394854,0.2301346443703981,-0.0
71450,4.46456729669139,0.26046985271556616,-0.0
71460,4.462302729226145,0.2907855482895968,-0.0
71470,4.459842878615337,0.3210806191464927,-0.0
71480,4.457187939727468,0.3513539552132615,-0.0
71490,4.4543381116661545,0.3816044482747789,-0.0
71500,4.451293597753553,0.4118309919585297,-0.0
71510,4.448054605514405,0.44203248171923776,-0.0
71520,4.444621346660713,0.4722078148233946,-0.0
71530,4.440994037077011,0.5023558903336918,-0.0
71540,4.437172896806277,0.5324756090933722,-0.0
71550,4.433158150036431,0.562565873710501,-0.0
71560,4.428950025087475,0.5926255885421735,-0.0
71570,4.424548754399235,0.6226536596786627,-0.0
71580,4.419954574519716,0.6526489949275186,-0.0
71590,4.415167726094083,0.6826105037976262,-0.0
71600,4.410188453854239,0.7125370974832321,-0.0
71610,4.40501700660902,0.7424276888479475,-0.0
71620,4.399653637235012,0.7722811924087388,-0.0
71630,4.394098602667954,0.802096524319907,-0.0
71640,4.388352163894789,0.8318726023570804,-0.0
71650,4.382414585946271,0.8616083459012063,-0.0
71660,4.376286137890225,0.8913026759225721,-0.0
71670,4.369967092825395,0.920954514964853,-0.0
71680,4.363457727875881,0.9505627871291945,-0.0
71690,4.356758324186204,0.9801264180583434,-0.0
71700,4.349869166916963,1.009644334920833,-0.0
71710,4.342790545241076,1.0391154663952293,-0.0
71720,4.335522752340649,1.0685387426544515,-0.0
71730,4.328066085404411,1.0979130953501688,-0.0
71740,4.320420845625763,1.1272374575972886,-0.0
71750,4.312587338201413,1.1565107639585395,-0.0
71760,4.304565872330605,1.185731950429161,-0.0
71770,4.296356761214929,1.2148999544217027,-0.0
71780,4.287960322058718,1.244013714750949,-0.0
71790,4.2793768760700495,1.273072171618973,-0.0
71800,4.270606748462295,1.3020742666003264,-0.0
71810,4.261650268456284,1.33101894262738,-0.0
71820,4.252507769283014,1.3599051439758119,-0.0
71830,4.243179588186969,1.3887318162502689,-0.0
71840,4.233666066429971,1.4174979063701856,-0.0
71850,4.223967549295646,1.4462023625557971,-0.0
71860,4.214084386094425,1.4748441343143293,-0.0
71870,4.204016930169103,1.5034221724263823,-0.0
71880,4.193765538901016,1.5319354289325333,-0.0
71890,4.183330573716694,1.5603828571201288,-0.0
71900,4.172712400095155,1.5887634115103173,-0.0
71910,4.1619113875756755,1.6170760478452921,-0.0
71920,4.150927909766169,1.6453197230757832,-0.0
71930,4.139762344352085,1.6734933953487856,-0.0
71940,4.128415073105862,1.7015960239955434,-0.0
71950,4.116886481896899,1.7296265695197854,-0.0
71960,4.105176960702104,1.7575839935862414,-0.0
71970,4.0932869036169315,1.7854672590094185,-0.0
71980,4.081216708866995,1.813275329742676,-0.0
71990,4.068966778820164,1.841007170867579,-0.0
72000,4.056537519999218,1.8686617485835548,-0.0
72010,4.043929343095007,1.8962380301978627,-0.0
72020,4.031142662980111,1.9237349841158635,-0.0
72030,4.018177898723048,1.9511515798316268,-0.0
72040,4.0050354736029545,1.9784867879188566,-0.0
72050,3.9917158151248024,2.0057395800221656,-0.0
72060,3.9782193550350797,2.03290892884868,-0.0
72070,3.9645465293380044,2.059993808160014,-0.0
72080,3.9506977783121946,2.086993192764587,-0.0
72090,3.93667354652786,2.113906058510328,-0.0
72100,3.9224742828644525,2.140731382277741,-0.0
72110,3.9081004405288042,2.1674681419733615,-0.0
72120,3.8935524770737335,2.194115316523596,-0.0
72130,3.878830854417134,2.2206718858689714,-0.0
72140,3.8639360388615187,2.2471368309587842,-0.0
72150,3.848868501114017,2.2735091337461566,-0.0
72160,3.8336287163068485,2.2997877771835284,-0.0
72170,3.8182171640182245,2.32597174521856,-0.0
72180,3.802634328293707,2.3520600227904875,-0.0
72190,3.786880697668013,2.378051595826908,-0.0
72200,3.7709567651872336,2.4039454512410177,-0.0
72210,3.7548630284315085,2.429740576929318,-0.0
72220,3.7385999895381117,2.4554359617697714,-0.0
72230,3.722168155224951,2.48103059562044,-0.0
72240,3.7055680368144985,2.5065234693185987,-0.0
72250,3.688800150258113,2.531913574680338,-0.0
72260,3.6718650161607727,2.5571999045006524,-0.0
72270,3.6547631598062083,2.582381452554047,-0.0
72280,3.6374951111824205,2.6074572135956333,-0.0
72290,3.6200614050075854,2.6324261833627487,-0.0
72300,3.6024625807563373,2.6572873585770984,-0.0
72310,3.5846991826864367,2.6820397369474294,-0.0
72320,3.566771759865786,2.7066823171727297,-0.0
72330,3.548680866199819,2.73121409894598,-0.0
72340,3.530427060459249,2.75563408295846,-0.0
72350,3.512010906308148,2.77994127090459,-0.0
72360,3.493432972332386,2.8041346654873633,-0.0
72370,3.474693832068403,2.8282132704243366,-0.0
72380,3.455794064032289,2.8521760904541864,-0.0
72390,3.4367342517492157,2.876022131343871,-0.0
72400,3.4175149837831675,2.8997503998963707,-0.0
72410,3.398136853766976,2.923359903959026,-0.0
72420,3.3786004604326663,2.9468496524324816,-0.0
72430,3.35890640764209,2.97021865528024,-0.0
72440,3.3390553044178546,2.9934659235388406,-0.0
72450,3.319047764974519,3.016590469328643,-0.0
72460,3.298884408750068,3.0395913058652617,-0.0
72470,3.2785658604376495,3.0624674474716214,-0.0
72480,3.258092750017577,3.0852179095906678,-0.0
72490,3.2374657127895685,3.1078417087987167,-0.0
72500,3.2166853894052276,3.130337862819462,-0.0
72510,3.1957524259007766,3.1527053905386557,-0.0
72520,3.1746674737299836,3.174943312019429,-0.0
72530,3.153431189797347,3.197050648518329,-0.0
72540,3.1320442364914403,3.2190264225019836,-0.0
72550,3.1105072817185095,3.2408696576645033,-0.0
72560,3.0888209989362245,3.2625793789455386,-0.0
72570,3.0669860671876257,3.2841546125490453,-0.0
72580,3.0450031711352588,3.3055943859627672,-0.0
72590,3.022873001095464,3.326897727978413,-0.0
72600,3.0005962530728136,3.3480636687125442,-0.0
72610,2.9781736287947274,3.369091239628205,-0.0
72620,2.9556058357461956,3.3899794735572493,-0.0
72630,2.93289358720466,3.410727404723433,-0.0
72640,2.9100376022749996,3.431334068766217,-0.0
72650,2.88703860592463,3.4517985027653184,-0.0
72660,2.863897329018719,3.4721197452660215,-0.0
72670,2.840614508355479,3.492296836305231,-0.0
72680,2.8171908867015527,3.5123288174382834,-0.0
72690,2.793627212827469,3.532214731766529,-0.0
72700,2.769924241543171,3.551953623965678,-0.0
72710,2.74608273373358,3.5715445403149157,-0.0
72720,2.7221034563942297,3.590986528726811,-0.0
72730,2.6979871826669077,3.610278638777985,-0.0
72740,2.6737346918753406,3.629419921740591,-0.0
72750,2.6493467695608834,3.648409430614574,-0.0
72760,2.6248242075182118,3.667246220160723,-0.0
72770,2.600167803831006,3.6859293469345364,-0.0
72780,2.5753783629076237,3.7044578693208896,-0.0
72790,2.550456695516732,3.722830847569502,-0.0
72800,2.52540361882291,3.741047343831244,-0.0
72810,2.5002199564221876,3.759106422195219,-0.0
72820,2.4749065383775353,3.7770071487267143,-0.0
72830,2.449464201254273,3.794748591505955,-0.0
72840,2.423893788155391,3.812329820667682,-0.0
72850,2.398196148756778,3.8297499084415736,-0.0
72860,2.372372139342342,3.847007929193501,-0.0
72870,2.3464226228390097,3.864102959467632,-0.0
72880,2.320348468851589,3.8810340780293555,-0.0
72890,2.2941505536975026,3.897800365909091,-0.0
72900,2.2678297604413413,3.9144009064469008,-0.0
72910,2.2413869789292735,3.930834785337994,-0.0
72920,2.214823105823263,3.9471010906790736,-0.0
72930,2.188139044635092,3.9631989130155283,-0.0
72940,2.161335705760188,3.9791273453895117,-0.0
72950,2.1344140065112196,3.9948854833888596,-0.0
72960,2.107374871151477,4.010472425196886,-0.0
72970,2.080219230928,4.025887271643053,-0.0
72980,2.0529480241044493,4.041129126254491,-0.0
72990,2.0255621959937176,4.056197095308417,-0.0
73000,1.9980626989902464,4.0710902878854025,-0.0
73010,1.9704504926020516,4.085807815923522,-0.0
73020,1.9427265434824534,4.100348794273403,-0.0
73030,1.9148918254614604,4.114712340754115,-0.0
73040,1.8869473195768365,4.12889757620997,-0.0
73050,1.8588940141048087,4.142903624568179,-0.0
73060,1.8307329045904221,4.15672961289742,-0.0
73070,1.8024649938775046,4.170374671467253,-0.0
73080,1.7740912921382481,4.18383793380844,-0.0
73090,1.745612816902391,4.19711853677415,-0.0
73100,1.717030593085967,4.210215620602031,-0.0
73110,1.6883456530196328,4.223128328977173,-0.0
73120,1.659559036476545,4.235855809095965,-0.0
73130,1.630671790699774,4.24839721173082,-0.0
73140,1.6016849704292426,4.2607516912957895,-0.0
73150,1.5725996379281706,4.27291840591305,-0.0
73160,1.54341686300902,4.2848965174802895,-0.0
73170,1.5141377230589148,4.29668519173896,-0.0
73180,1.4847633030645262,4.3082835983434,-0.0
73190,1.4552946956364146,4.3196909109308725,-0.0
73200,1.4257330010327918,4.3309063071924205,-0.0
73210,1.3960793271827192,4.34192896894465,-0.0
73220,1.366334789708698,4.3527580822023495,-0.0
73230,1.3365005119486604,4.363392837252005,-0.0
73240,1.3065776249773227,4.373832428726151,-0.0
73250,1.276567267626909,4.38407605567863,-0.0
73260,1.246470586507208,4.394122921660665,-0.0
73270,1.2162887360249641,4.403972234797825,-0.0
73280,1.1860228784025781,4.413623207867831,-0.0
73290,1.1556741836961069,4.423075058379225,-0.0
73300,1.1252438298125396,4.4323270086508675,-0.0
73310,1.0947330025263442,4.441378285892306,-0.0
73320,1.0641428954952594,4.45022812228496,-0.0
73330,1.0334747102753206,4.4588757550641525,-0.0
73340,1.0027296563351054,4.467320426601974,-0.0
73350,0.9719089510691782,4.475561384490965,-0.0
73360,0.9410138198107213,4.4835978816286275,-0.0
73370,0.9100454958433373,4.4914291763027485,-0.0
73380,0.8790052204120007,4.499054532277535,-0.0
73390,0.8478942427331502,4.506473218880547,-0.0
73400,0.8167138200039009,4.513684511090438,-0.0
73410,0.7854652174103621,4.520687689625484,-0.0
73420,0.7541497081350419,4.5274820410328935,-0.0
73430,0.7227685733633252,4.534066857778891,-0.0
73440,0.6913231022890106,4.540441438339601,-0.0
73450,0.659814592118881,4.546605087292647,-0.0
73460,0.6282443480763045,4.552557115409552,-0.0
73470,0.5966136834038371,4.5582968397488575,-0.0
73480,0.5649239193648218,4.563823583750001,-0.0
73490,0.5331763852439564,4.569136677327911,-0.0
73500,0.5013724183468239,4.574235456968326,-0.0
73510,0.4695133639983646,4.5791192658238415,-0.0
73520,0.4376005755402724,4.583787453810644,-0.0
73530,0.4056354143273015,4.588239377705949,-0.0
73540,0.3736192497224672,4.592474401246113,-0.0
73550,0.34155345909112184,4.596491895225435,-0.0
73560,0.3094394277938942,4.60029123759562,-0.0
73570,0.27727854917847106,4.603871813565866,-0.0
73580,0.24507222457021016,4.6072330157036525,-0.0
73590,0.2128218632615625,4.61037424403609,-0.0
73600,0.1805288825002941,4.613294906151944,-0.0
73610,0.1481947074764868,4.615994417304244,-0.0
73620,0.11582077130830327,4.618472200513467,-0.0
73630,0.08340851502650246,4.620727686671353,-0.0
73640,0.05095938755768633,4.622760314645243,-0.0
73650,0.018474845706264745,4.6245695313829955,-0.0
73660,-0.014043645864878405,4.6261547920184425,-0.0
73670,-0.046594614655032895,4.627515559977373,-0.0
73680,-0.07917658034763939,4.62865130708403,-0.0
73690,-0.11178805483361136,4.629561513668106,-0.0
73700,-0.14442754223601767,4.630245668672242,-0.0
73710,-0.17709353893613936,4.630703269759963,-0.0
73720,-0.20978453360091795,4.630933823424098,-0.0
73730,-0.2424990072118087,4.630936845095633,-0.0
73740,-0.27523543309505316,4.630711859252967,-0.0
73750,-0.30799227695338854,4.6302583995316215,-0.0
73760,-0.34076799689920473,4.629576008834283,-0.0
73770,-0.37356104348916547,4.628664239441261,-0.0
73780,-0.40636985976030915,4.627522653121289,-0.0
73790,-0.4391928812676394,4.626150821242653,-0.0
73800,-0.4720285361232252,4.624548324884668,-0.0
73810,-0.5048752450368185,4.622714754949431,-0.0
73820,-0.537731421358005,4.620649712273855,-0.0
73830,-0.5705954711199075,4.6183528077420135,-0.0
73840,-0.6034657930844413,4.615823662397663,-0.0
73850,-0.6363407787891516,4.613061907557048,-0.0
73860,-0.6692188125956329,4.610067184921891,-0.0
73870,-0.7020982717395461,4.6068391466925505,-0.0
73880,-0.7349775263822533,4.603377455681388,-0.0
73890,-0.7678549396640717,4.599681785426244,-0.0
73900,-0.800728867759164,4.595751820304049,-0.0
73910,-0.8335976599320802,4.591587255644544,-0.0
73920,-0.8664596585959541,4.587187797844069,-0.0
73930,-0.8993131993723738,4.582553164479421,-0.0
73940,-0.9321566111529354,4.577683084421748,-0.0
73950,-0.9649882161624846,4.572577297950446,-0.0
73960,-0.9978063300240662,4.567235556867062,-0.0
73970,-1.0306092618255867,4.5616576246091505,-0.0
73980,-1.0633953141881989,4.555843276364086,-0.0
73990,-1.096162783336421,4.549792299182789,-0.0
74000,-1.1289099591699985,4.5435044920933425,-0.0
74010,-1.16163512533752,4.536979666214502,-0.0
74020,-1.194336559311788,4.5302176448690075,-0.0
74030,-1.2270125324669716,4.523218263696784,-0.0
74040,-1.259661310157521,4.51598137076787,-0.0
74050,-1.2922811517988804,4.508506826695161,-0.0
74060,-1.3248703109499864,4.5007945047468745,-0.0
74070,-1.3574270353975724,4.492844290958748,-0.0
74080,-1.389949567242281,4.484656084245936,-0.0
74090,-1.4224361429865773,4.476229796514525,-0.0
74100,-1.4548849936245016,4.467565352772758,-0.0
74110,-1.4872943447332359,4.458662691241813,-0.0
74120,-1.5196624165664987,4.44952176346618,-0.0
74130,-1.5519874241497922,4.4401425344236225,-0.0
74140,-1.5842675773774666,4.430524982634608,-0.0
74150,-1.6165010811116545,4.420669100271303,-0.0
74160,-1.6486861352830344,4.410574893265991,-0.0
74170,-1.680820934993459,4.400242381418954,-0.0
74180,-1.712903670620431,4.389671598505752,-0.0
74190,-1.7449325279234424,4.3788625923839115,-0.0
74200,-1.7769056881521723,4.367815425098943,-0.0
74210,-1.8088213281565462,4.356530172989694,-0.0
74220,-1.8406776204986515,4.345006926792985,-0.0
74230,-1.872472733566534,4.333245791747537,-0.0
74240,-1.904204831689844,4.321246887697111,-0.0
74250,-1.9358720752573462,4.309010349192844,-0.0
74260,-1.9674726208363054,4.296536325594789,-0.0
74270,-1.9990046212937178,4.283824981172555,-0.0
74280,-2.0304662259194246,4.270876495205113,-0.0
74290,-2.0618555805510588,4.25769106207962,-0.0
74300,-2.093170827700873,4.2442688913893445,-0.0
74310,-2.1244101066843992,4.230610208030572,-0.0
74320,-2.1555715537509794,4.216715252298529,-0.0
74330,-2.1866533022161208,4.2025842799822275,-0.0
74340,-2.2176534825957064,4.188217562458253,-0.0
74350,-2.2485702227420368,4.17361538678344,-0.0
74360,-2.279401647981706,4.1587780557864065,-0.0
74370,-2.3101458812552904,4.143705888157899,-0.0
74380,-2.3408010432588697,4.128399218539957,-0.0
74390,-2.371365252587345,4.112858397613808,-0.0
74400,-2.4018366258795716,4.097083792186525,-0.0
74410,-2.4322132779652765,4.081075785276359,-0.0
74420,-2.462493322013758,4.064834776196724,-0.0
74430,-2.4926748696843744,4.048361180638851,-0.0
74440,-2.522756031278784,4.031655430753006,-0.0
74450,-2.5527349158949493,4.014717975228287,-0.0
74460,-2.582609631582875,3.9975492793709524,-0.0
74470,-2.6123782855020896,3.980149825181254,-0.0
74480,-2.6420389840808345,3.9625201114287347,-0.0
74490,-2.6715898331769683,3.9446606537259576,-0.0
74500,-2.7010289382405506,3.92657198460064,-0.0
74510,-2.7303544044781263,3.9082546535661673,-0.0
74520,-2.7595643370186487,3.889709227190427,-0.0
74530,-2.7886568410810657,3.870936289162959,-0.0
74540,-2.8176300221435358,3.8519364403603777,-0.0
74550,-2.84648198611425,3.832710298910026,-0.0
74560,-2.8752108395038674,3.813258500251853,-0.0
74570,-2.903814689599519,3.7935816971984475,-0.0
74580,-2.932291644640376,3.7736805599932346,-0.0
74590,-2.960639813994763,3.753555776366771,-0.0
74600,-2.988857308338786,3.733208051591115,-0.0
74610,-3.016942239836485,3.712638108532282,-0.0
74620,-3.04489272232143,3.6918466877006524,-0.0
74630,-3.0727068714798214,3.670834547299438,-0.0
74640,-3.1003828050349886,3.6496024632710418,-0.0
74650,-3.127918642933326,3.6281512293413725,-0.0
74660,-3.155312507531622,3.606481657062064,-0.0
74670,-3.1825625237857382,3.5845945758505184,-0.0
74680,-3.209666819440642,3.5624908330278107,-0.0
74690,-3.236623525221761,3.5401712938543928,-0.0
74700,-3.263430775027624,3.5176368415635704,-0.0
74710,-3.290086706123752,3.494888377392701,-0.0
74720,-3.316589459337818,3.471926820612146,-0.0
74730,-3.342937179255983,3.44875310855187,-0.0
74740,-3.369128014420438,3.4253681966257217,-0.0
74750,-3.395160117528089,3.401773058353338,-0.0
74760,-3.4210316456303587,3.3779686853796407,-0.0
74770,-3.446740760334082,3.3539560874919068,-0.0
74780,-3.4722856280034873,3.3297362926344136,-0.0
74790,-3.4976644199631526,3.305310346920547,-0.0
74800,-3.522875312702032,3.280679314642469,-0.0
74810,-3.547916488078372,3.255844278278195,-0.0
74820,-3.572786133525627,3.2308063384961536,-0.0
74830,-3.597482442259217,3.205566614157136,-0.0
74840,-3.622003613484198,3.1801262423136625,-0.0
74850,-3.6463478526037147,3.1544863782066854,-0.0
74860,-3.6705133714282767,3.128648195259664,-0.0
74870,-3.694498388385791,3.1026128850699535,-0.0
74880,-3.718301128732287,3.0763816573974747,-0.0
74890,-3.7419198247633645,3.0499557401506867,-0.0
74900,-3.76535271602626,3.0233363793698005,-0.0
74910,-3.788598049532511,2.9965248392072095,-0.0
74920,-3.8116540799712277,2.9695224019051722,-0.0
74930,-3.834519069922849,2.9423303677706447,-0.0
74940,-3.857191290073414,2.9149500551473144,-0.0
74950,-3.8796690194292784,2.88738280038478,-0.0
74960,-3.901950545532228,2.8596299578048616,-0.0
74970,-3.924034164674963,2.8316928996650343,-0.0
74980,-3.9459181821169227,2.8035730161189703,-0.0
74990,-3.96760091230035,2.7752717151741404,-0.0
75000,-3.9890806790666566,2.7467904226465243,-0.0
75010,-4.010355815872923,2.7181305821123334,-0.0
75020,-4.031424666008579,2.6892936548567987,-0.0
75030,-4.052285582812213,2.6602811198199845,-0.0
75040,-4.072936929888392,2.6310944735395956,-0.0
75050,-4.093377081324548,2.601735230090803,-0.0
75060,-4.1136044219078185,2.5722049210230584,-0.0
75070,-4.133617347341814,2.542505095293873,-0.0
75080,-4.15341426446326,2.5126373191995723,-0.0
75090,-4.172993591458497,2.4826031763030127,-0.0
75100,-4.1923537580797445,2.45240426735824,-0.0
75110,-4.211493205861116,2.422042210232097,-0.0
75120,-4.230410388334331,2.3915186398227584,-0.0
75130,-4.249103771244063,2.3608352079751986,-0.0
75140,-4.267571832762906,2.3299935833935894,-0.0
75150,-4.285813063705851,2.298995451550594,-0.0
75160,-4.3038259677443085,2.2678425145935996,-0.0
75170,-4.321609061619551,2.236536491247847,-0.0
75180,-4.3391608753555815,2.205079116716479,-0.0
75190,-4.3564799524713305,2.1734721425774826,-0.0
75200,-4.373564850192178,2.14171733667755,-0.0
75210,-4.390414139660717,2.109816483022841,-0.0
75220,-4.407026406146739,2.0777713816666634,-0.0
75230,-4.423400249256351,2.0455838485940485,-0.0
75240,-4.439534283140202,2.0132557156032496,-0.0
75250,-4.455427136700792,1.9807888301841616,-0.0
75260,-4.471077453798742,1.9481850553936533,-0.0
75270,-4.486483893458039,1.9154462697278305,-0.0
75280,-4.5016451300701945,1.8825743669912403,-0.0
75290,-4.516559853597229,1.8495712561630029,-0.0
75300,-4.531226769773477,1.8164388612599058,-0.0
75310,-4.54564460030614,1.7831791211964545,-0.0
75320,-4.559812083074524,1.7497939896418793,-0.0
75330,-4.573727972327958,1.7162854348741479,-0.0
75340,-4.587391038882269,1.6826554396309419,-0.0
75350,-4.60080007031485,1.6489060009576615,-0.0
75360,-4.613953871158181,1.615039130052429,-0.0
75370,-4.6268512630918295,1.5810568521081423,-0.0
75380,-4.639491085132851,1.5469612061515732,-0.0
75390,-4.651872193824491,1.512754244879521,-0.0
75400,-4.6639934634232345,1.478438034492062,-0.0
75410,-4.675853786084083,1.444014654522901,-0.0
75420,-4.687452072044018,1.409486197666831,-0.0
75430,-4.698787249803629,1.3748547696043518,-0.0
75440,-4.70985826630681,1.340122488823433,-0.0
75450,-4.720664087118561,1.3052914864384824,-0.0
75460,-4.731203696600711,1.2703639060065024,-0.0
75470,-4.741476098085671,1.2353419033404942,-0.0
75480,-4.751480314048028,1.200227646320111,-0.0
75490,-4.761215386274035,1.1650233146995963,-0.0
75500,-4.770680376028882,1.1297310999130328,-0.0
75510,-4.779874364221745,1.094353204876928,-0.0
75520,-4.788796451568539,1.0588918437901682,-0.0
75530,-4.797445758752329,1.0233492419313632,-0.0
75540,-4.80582142658139,0.9877276354536241,-0.0
75550,-4.8139226161448,0.9520292711767931,-0.0
75560,-4.821748508965611,0.9162564063771688,-0.0
75570,-4.829298307151457,0.8804113085747475,-0.0
75580,-4.836571233542636,0.8444962553180274,-0.0
75590,-4.843566531857569,0.8085135339664009,-0.0
75600,-4.8502834668356245,0.7724654414701779,-0.0
75610,-4.856721324377257,0.7363542841482713,-0.0
75620,-4.862879411681382,0.7001823774635813,-0.0
75630,-4.868757057380021,0.6639520457961251,-0.0
75640,-4.874353611670105,0.6276656222139416,-0.0
75650,-4.879668446442426,0.5913254482418159,-0.0
75660,-4.884700955407707,0.5549338736278636,-0.0
75670,-4.889450554219713,0.5184932561080148,-0.0
75680,-4.893916680595413,0.48200596116844274,-0.0
75690,-4.898098794432135,0.44547436180597894,-0.0
75700,-4.901996377921637,0.4089008382865557,-0.0
75710,-4.905608935661139,0.37228777790172674,-0.0
75720,-4.908935994761202,0.3356375747233054,-0.0
75730,-4.9119771049504815,0.29895262935616995,-0.0
75740,-4.91473183867726,0.2622353486892805,-0.0
75750,-4.917199791207786,0.22548814564495737,-0.0
75760,-4.919380580721335,0.18871343892646578,-0.0
75770,-4.921273848402005,0.15191365276395952,-0.0
75780,-4.922879258527185,0.11509121665882967,-0.0
75790,-4.924196498552662,0.07824856512650968,-0.0
75800,-4.925225279194382,0.04138813743778853,-0.0
75810,-4.925965334506771,0.0045123773586811305,-0.0
75820,-4.926416421957659,-0.03237626711109025,-0.0
75830,-4.926578322499698,-0.0692753440009522,-0.0
75840,-4.926450840638351,-0.10618239763362067,-0.0
75850,-4.926033804496325,-0.1430949688904724,-0.0
75860,-4.9253270658744785,-0.18001059547809234,-0.0
75870,-4.924330500309194,-0.2169268121959442,-0.0
75880,-4.9230440071261565,-0.253841151205108,-0.0
75890,-4.921467509490519,-0.29075114229802806,-0.0
75900,-4.9196009544534665,-0.3276543131692182,-0.0
75910,-4.917444312995139,-0.3645481896868656,-0.0
75920,-4.914997580063886,-0.4014302961652765,-0.0
75930,-4.912260774611844,-0.43829815563810703,-0.0
75940,-4.90923393962685,-0.47514929013232454,-0.0
75950,-4.905917142160619,-0.511981220942835,-0.0
75960,-4.902310473353201,-0.548791468907723,-0.0
75970,-4.898414048453743,-0.5855775546840474,-0.0
75980,-4.894228006837459,-0.6223369990241278,-0.0
75990,-4.889752512018867,-0.6590673230522672,-0.0
76000,-4.884987751661265,-0.6957660485418519,-0.0
76010,-4.879933937582422,-0.7324306981927649,-0.0
76020,-4.874591305756481,-0.7690587959090577,-0.0
76030,-4.868960116312096,-0.8056478670768188,-0.0
76040,-4.863040653526759,-0.8421954388421767,-0.0
76050,-4.856833225817306,-0.8786990403893787,-0.0
76060,-4.850338165726674,-0.9151562032188882,-0.0
76070,-4.843555829906808,-0.9515644614254353,-0.0
76080,-4.836486599097777,-0.9879213519759608,-0.0
76090,-4.829130878103082,-1.024224414987396,-0.0
76100,-4.8214890957611685,-1.060471194004216,-0.0
76110,-4.813561704913122,-1.096659236275704,-0.0
76120,-4.805349182366561,-1.1327860930328673,-0.0
76130,-4.79685202885577,-1.1688493197649508,-0.0
76140,-4.788070768997979,-1.2048464764954698,-0.0
76150,-4.779005951245921,-1.2407751280577237,-0.0
76160,-4.76965814783657,-1.276632844369716,-0.0
76170,-4.7600279547361515,-1.312417200708424,-0.0
76180,-4.750115991581335,-1.3481257779833544,-0.0
76190,-4.7399229016167554,-1.3837561630093387,-0.0
76200,-4.729449351628732,-1.4193059487784871,-0.0
76210,-4.718696031875307,-1.454772734731262,-0.0
76220,-4.70766365601255,-1.4901541270265926,-0.0
76230,-4.696352961017197,-1.5254477388109957,-0.0
76240,-4.68476470710558,-1.5606511904866165,-0.0
76250,-4.672899677648922,-1.5957621099781507,-0.0
76260,-4.660758679084983,-1.6307781329985835,-0.0
76270,-4.648342540826078,-1.6656969033136853,-0.0
76280,-4.635652115163505,-1.700516073005212,-0.0
76290,-4.622688277168378,-1.7352333027327436,-0.0
76300,-4.609451924588919,-1.7698462619941189,-0.0
76310,-4.5959439777442,-1.8043526293843943,-0.0
76320,-4.582165379414389,-1.8387500928532845,-0.0
76330,-4.568117094727508,-1.8730363499610196,-0.0
76340,-4.553800111042716,-1.9072091081325664,-0.0
76350,-4.539215437830195,-1.9412660849101668,-0.0
76360,-4.524364106547607,-1.9752050082041293,-0.0
76370,-4.509247170513186,-2.0090236165418234,-0.0
76380,-4.493865704775497,-2.0427196593148316,-0.0
76390,-4.478220805979868,-2.0762908970241942,-0.0
76400,-4.462313592231555,-2.1097351015237034,-0.0
76410,-4.446145202955666,-2.143050056261199,-0.0
76420,-4.429716798753849,-2.1762335565178024,-0.0
76430,-4.413029561257834,-2.2092834096450553,-0.0
76440,-4.396084692979822,-2.242197435299904,-0.0
76450,-4.378883417159763,-2.2749734656774834,-0.0
76460,-4.361426977609564,-2.3076093457416462,-0.0
76470,-4.3437166385542865,-2.34010293345321,-0.0
76480,-4.325753684470351,-2.3724520999958605,-0.0
76490,-4.307539419920763,-2.404654729999653,-0.0
76500,-4.289075169387478,-2.4367087217621117,-0.0
76510,-4.270362277100856,-2.468611987466828,-0.0
76520,-4.251402106866305,-2.5003624533995517,-0.0
76530,-4.232196041888163,-2.531958060161729,-0.0
76540,-4.2127454845908066,-2.5633967628814296,-0.0
76550,-4.193051856437078,-2.5946765314216327,-0.0
76560,-4.173116597744077,-2.625795350585837,-0.0
76570,-4.152941167496325,-2.6567512203209467,-0.0
76580,-4.132527043156392,-2.687542155917404,-0.0
76590,-4.111875720472997,-2.7181661882065162,-0.0
76600,-4.090988713286644,-2.74862136375496,-0.0
76610,-4.069867553332863,-2.7789057450564183,-0.0
76620,-4.048513790043057,-2.809017410720313,-0.0
76630,-4.026928990343049,-2.8389544556576025,-0.0
76640,-4.005114738449361,-2.868714991263618,-0.0
76650,-3.983072635663252,-2.8982971455978896,-0.0
76660,-3.960804300162628,-2.9276990635609574,-0.0
76670,-3.9383113667917953,-2.9569189070681103,-0.0
76680,-3.9155954868491785,-2.985954855220048,-0.0
76690,-3.89265832787301,-3.0148051044704194,-0.0
76700,-3.8695015734250653,-3.043467868790222,-0.0
76710,-3.846126922872495,-3.07194137982904,-0.0
76720,-3.8225360911677813,-3.1002238870730676,-0.0
76730,-3.7987308086269325,-3.1283136579999504,-0.0
76740,-3.7747128207058873,-3.1562089782303544,-0.0
76750,-3.75048388777525,-3.1839081516762895,-0.0
76760,-3.726045784893401,-3.211409500686162,-0.0
76770,-3.701400301577982,-3.2387113661864952,-0.0
76780,-3.6765492415758896,-3.265812107820362,-0.0
76790,-3.651494422631783,-3.29271010408246,-0.0
76800,-3.62623767625516,-3.319403752450833,-0.0
76810,-3.600780847486102,-3.3458914695152417,-0.0
76820,-3.5751257946596753,-3.3721716911021193,-0.0
76830,-3.5492743891690934,-3.3982428723961435,-0.0
76840,-3.523228515227715,-3.4241034880584205,-0.0
76850,-3.496990069629843,-3.449752032341194,-0.0
76860,-3.4705609615104906,-3.475187019199169,-0.0
76870,-3.443943112104099,-3.5004069823973762,-0.0
76880,-3.4171384545022776,-3.5254104756155713,-0.0
76890,-3.3901489334106496,-3.5501960725491992,-0.0
76900,-3.362976504904822,-3.574762367006882,-0.0
76910,-3.3356231361855513,-3.599107973004429,-0.0
76920,-3.3080908053331797,-3.6232315248553872,-0.0
76930,-3.2803815010613624,-3.6471316772581037,-0.0
76940,-3.25249722247017,-3.6708071053793057,-0.0
76950,-3.2244399787986135,-3.694256504934212,-0.0
76960,-3.196211789176632,-3.7174785922631344,-0.0
76970,-3.1678146823766355,-3.740472104404637,-0.0
76980,-3.139250696564612,-3.763235799165166,-0.0
76990,-3.1105218790508977,-3.7857684551852535,-0.0
77000,-3.081630286040631,-3.8080688720021993,-0.0
77010,-3.0525779823839643,-3.8301358701093164,-0.0
77020,-3.0233670413260842,-3.851968291011689,-0.0
77030,-2.9939995442571,-3.873564997278497,-0.0
77040,-2.9644775804618253,-3.8949248725918544,-0.0
77050,-2.9348032468695573,-3.916046821792237,-0.0
77060,-2.904978647803861,-3.936929770920459,-0.0
77070,-2.875005894732435,-3.9575726672562297,-0.0
77080,-2.8448871060171057,-3.9779744793532976,-0.0
77090,-2.8146244066640027,-3.998134197071189,-0.0
77100,-2.784219928073967,-4.018050831603565,-0.0
77110,-2.753675807793244,-4.037723415503198,-0.0
77120,-2.7229941892645133,-4.057151002703585,-0.0
77130,-2.6921772215783104,-4.076332668537234,-0.0
77140,-2.66122705922487,-4.0952675097505855,-0.0
77150,-2.630145861846475,-4.113954644515655,-0.0
77160,-2.5989357939903335,-4.132393212438365,-0.0
77170,-2.567599024862044,-4.150582374563615,-0.0
77180,-2.536137728079688,-4.168521313377059,-0.0
77190,-2.504554081428615,-4.186209232803693,-0.0
77200,-2.472850266616954,-4.203645358203195,-0.0
77210,-2.441028469031898,-4.220828936362087,-0.0
77220,-2.409090877496811,-4.237759235482703,-0.0
77230,-2.377039684029216,-4.254435545169041,-0.0
77240,-2.3448770835996835,-4.270857176409467,-0.0
77250,-2.3126052738916787,-4.287023461556307,-0.0
77260,-2.28022645506243,-4.3029337543024075,-0.0
77270,-2.2477428295048214,-4.318587429654602,-0.0
77280,-2.2151566016103876,-4.33398388390417,-0.0
77290,-2.1824699775334424,-4.349122534594316,-0.0
77300,-2.1496851649563666,-4.364002820484642,-0.0
77310,-2.116804372856129,-4.378624201512729,-0.0
77320,-2.08382981127205,-4.392986158752759,-0.0
77330,-2.0507636910748683,-4.407088194371307,-0.0
77340,-2.017608223737125,-4.420929831580219,-0.0
77350,-1.9843656211049456,-4.434510614586733,-0.0
77360,-1.9510380951712072,-4.447830108540764,-0.0
77370,-1.9176278578501706,-4.4608878994794585,-0.0
77380,-1.8841371207535813,-4.473683594269007,-0.0
77390,-1.850568094968299,-4.486216820543771,-0.0
77400,-1.816922990835483,-4.49848722664276,-0.0
77410,-1.7832040177313504,-4.510494481543452,-0.0
77420,-1.7494133838495747,-4.52223827479306,-0.0
77430,-1.7155532959853246,-4.533718316437217,-0.0
77440,-1.681625959320999,-4.5449343369461435,-0.0
77450,-1.6476335772136683,-4.555886087138327,-0.0
77460,-1.6135783509842752,-4.566573338101754,-0.0
77470,-1.5794624797086083,-4.576995881112724,-0.0
77480,-1.5452881600100823,-4.587153527552288,-0.0
77490,-1.5110575858543522,-4.597046108820331,-0.0
77500,-1.4767729483457974,-4.6066734762473684,-0.0
77510,-1.4424364355258865,-4.616035501004063,-0.0
77520,-1.4080502321734656,-4.625132074008506,-0.0
77530,-1.373616519606986,-4.633963105831328,-0.0
77540,-1.339137475488692,-4.642528526598622,-0.0
77550,-1.3046152736308094,-4.650828285892791,-0.0
77560,-1.2700520838037348,-4.658862352651268,-0.0
77570,-1.2354500715462722,-4.666630715063255,-0.0
77580,-1.2008113979779163,-4.674133380464414,-0.0
77590,-1.1661382196132184,-4.68137037522962,-0.0
77600,-1.1314326881782497,-4.688341744663796,-0.0
77610,-1.096696950429181,-4.695047552890852,-0.0
77620,-1.061933147972997,-4.701487882740799,-0.0
77630,-1.0271434170903662,-4.70766283563504,-0.0
77640,-0.9923298885606777,-4.713572531469918,-0.0
77650,-0.9574946874892711,-4.719217108498539,-0.0
77660,-0.9226399331368618,-4.724596723210905,-0.0
77670,-0.8877677387511852,-4.729711550212398,-0.0
77680,-0.8528802114008758,-4.734561782100681,-0.0
77690,-0.8179794518115888,-4.739147629341031,-0.0
77700,-0.7830675542043759,-4.743469320140136,-0.0
77710,-0.7481466061363367,-4.747527100318437,-0.0
77720,-0.7132186883435425,-4.751321233180994,-0.0
77730,-0.6782858745862598,-4.7548519993869895,-0.0
77740,-0.6433502314964654,-4.758119696817833,-0.0
77750,-0.6084138184276785,-4.7611246404439775,-0.0
77760,-0.5734786873071059,-4.76386716219043,-0.0
77770,-0.5385468824901155,-4.766347610801037,-0.0
77780,-0.5036204406170407,-4.7685663517015655,-0.0
77790,-0.46870139047232434,-4.770523766861614,-0.0
77800,-0.43379175284600635,-4.7722202546554096,-0.0
77810,-0.39889354039756153,-4.773656229721529,-0.0
77820,-0.3640087575220887,-4.774832122821554,-0.0
77830,-0.3291394002188603,-4.77574838069776,-0.0
77840,-0.29428745596222733,-4.776405465929794,-0.0
77850,-0.25945490357489076,-4.776803856790477,-0.0
77860,-0.22464371310353318,-4.7769440471006765,-0.0
77870,-0.1898558456968175,-4.776826546083369,-0.0
77880,-0.15509325348574857,-4.7764518782168475,-0.0
77890,-0.12035787946640115,-4.775820583087205,-0.0
77900,-0.08565165738501115,-4.774933215240066,-0.0
77910,-0.050976511625428024,-4.773790344031594,-0.0
77920,-0.016334357098929067,-4.772392553478901,-0.0
77930,0.01827290086361015,-4.770740442109774,-0.0
77940,0.052843366617190704,-4.768834622811864,-0.0
77950,0.08737515430581504,-4.766675722681298,-0.0
77960,0.12186638796326613,-4.764264382870809,-0.0
77970,0.1563152016115452,-4.761601258437353,-0.0
77980,0.19071973935697473,-4.758687018189328,-0.0
77990,0.22507815548397211,-4.755522344533364,-0.0
78000,0.25938861454650075,-4.7521079333207625,-0.0
78010,0.2936492914572051,-4.748444493693584,-0.0
78020,0.3278583715742384,-4.744532747930451,-0.0
78030,0.36201405078579185,-4.740373431292102,-0.0
78040,0.3961145355923301,-4.73596729186668,-0.0
78050,0.4301580431865479,-4.73131509041486,-0.0
78060,0.4641428015310523,-4.726417600214798,-0.0
78070,0.49806704943378344,-4.721275606906942,-0.0
78080,0.5319290366211861,-4.7158899083387915,-0.0
78090,0.5657270238091342,-4.710261314409512,-0.0
78100,0.599459282771636,-4.704390646914616,-0.0
78110,0.6331240964073124,-4.6982787393905605,-0.0
78120,0.6667197588036755,-4.691926436959412,-0.0
78130,0.7002445752992172,-4.685334596173593,-0.0
78140,0.733696862543311,-4.6785040848606725,-0.0
78150,0.767074948553957,-4.6714357819683165,-0.0
78160,0.8003771727733671,-4.664130577409367,-0.0
78170,0.8336018861214226,-4.656589371907134,-0.0
78180,0.8667474510469968,-4.648813076840848,-0.0
78190,0.8998122415771822,-4.640802614091405,-0.0
78200,0.9327946433644186,-4.632558915887347,-0.0
78210,0.9656930537315432,-4.624082924651123,-0.0
78220,0.998505881714786,-4.615375592845721,-0.0
78230,1.0312315481047163,-4.606437882821598,-0.0
78240,1.063868485485164,-4.597270766664012,-0.0
78250,1.0964151382701282,-4.587875226040747,-0.0
78260,1.1288699627386953,-4.578252252050273,-0.0
78270,1.161231427067976,-4.568402845070324,-0.0
78280,1.1934980113640954,-4.558328014607015,-0.0
78290,1.2256682076912289,-4.548028779144398,-0.0
78300,1.2577405200987237,-4.537506165994563,-0.0
78310,1.289713464646321,-4.526761211148308,-0.0
78320,1.3215855694274898,-4.515794959126357,-0.0
78330,1.3533553745908893,-4.504608462831157,-0.0
78340,1.3850214323600027,-4.493202783399344,-0.0
78350,1.4165823070509231,-4.481578990054782,-0.0
78360,1.4480365750883497,-4.4697381599623,-0.0
78370,1.4793828250197902,-4.457681378082107,-0.0
78380,1.5106196575279964,-4.445409737024887,-0.0
78390,1.5417456854416516,-4.432924336907627,-0.0
78400,1.5727595337443399,-4.420226285210186,-0.0
78410,1.6036598395817991,-4.407316696632611,-0.0
78420,1.6344452522674995,-4.394196692953253,-0.0
78430,1.6651144332865433,-4.380867402887629,-0.0
78440,1.6956660562979435,-4.36732996194817,-0.0
78450,1.7260988071352623,-4.353585512304733,-0.0
78460,1.7564113838056532,-4.339635202645995,-0.0
78470,1.7866024964873255,-4.32548018804169,-0.0
78480,1.81667086752546,-4.311121629805771,-0.0
78490,1.8466152314265663,-4.296560695360391,-0.0
78500,1.8764343348513524,-4.281798558100875,-0.0
78510,1.9061269366060756,-4.2668363972615575,-0.0
78520,1.9356918076324443,-4.251675397782601,-0.0
78530,1.9651277309960555,-4.236316750177736,-0.0
78540,1.9944335018734132,-4.220761650402997,-0.0
78550,2.0236079275375376,-4.205011299726418,-0.0
78560,2.052649827342193,-4.189066904598734,-0.0
78570,2.081558032704754,-4.172929676525084,-0.0
78580,2.110331387087731,-4.156600831937731,-0.0
78590,2.138968745978983,-4.140081592069817,-0.0
78600,2.1674689768706297,-4.123373182830149,-0.0
78610,2.195830959236697,-4.106476834679049,-0.0
78620,2.224053584509506,-4.089393782505249,-0.0
78630,2.2521357560548374,-4.07212526550388,-0.0
78640,2.2800763891458935,-4.054672527055523,-0.0
78650,2.307874410936064,-4.037036814606356,-0.0
78660,2.335528760430542,-4.01921937954941,-0.0
78670,2.3630383884567943,-4.001221477106915,-0.0
78680,2.3904022576339177,-3.9830443662137807,-0.0
78690,2.4176193423408954,-3.9646893094021936,-0.0
78700,2.4446886286837737,-3.9461575726873264,-0.0
78710,2.4716091144618098,-3.927450425454229,-0.0
78720,2.4983798091325653,-3.9085691403458225,-0.0
78730,2.5249997337759957,-3.8895149931520536,-0.0
78740,2.551467921057572,-3.8702892627002328,-0.0
78750,2.577783415190412,-3.8508932307464954,-0.0
78760,2.603945271896485,-3.8313281818684515,-0.0
78770,2.6299525583668957,-3.81159540335902,-0.0
78780,2.6558043532212574,-3.79169618512141,-0.0
78790,2.6814997464661965,-3.771631819565305,-0.0
78800,2.707037839452996,-3.7514036015042325,-0.0
78810,2.7324177448343976,-3.7310128280541006,-0.0
78820,2.757638586520608,-3.7104607985329645,-0.0
78830,2.782699499634483,-3.689748814361947,-0.0
78840,2.807599630465966,-3.6688781789673883,-0.0
78850,2.832338136425751,-3.6478501976841726,-0.0
78860,2.856914185998236,-3.6266661776602764,-0.0
78870,2.8813269586937498,-3.6053274277625085,-0.0
78880,2.905575645000096,-3.5838352584834556,-0.0
78890,2.929659446333423,-3.562190981849642,-0.0
78900,2.9535775749884436,-3.5403959113308763,-0.0
78910,2.9773292540880383,-3.5184513617508437,-0.0
78920,3.0009137175322227,-3.4963586491988634,-0.0
78930,3.024330209946551,-3.474119090942878,-0.0
78940,3.0475779866299435,-3.4517340053436563,-0.0
78950,3.070656313501938,-3.4292047117701747,-0.0
78960,3.093564467049454,-3.406532530516239,-0.0
78970,3.1163017342730064,-3.3837187827182875,-0.0
78980,3.138867412632453,-3.360764790274414,-0.0
78990,3.1612608099922404,-3.337671875764573,-0.0
79000,3.1834812445662277,-3.314441362372013,-0.0
79010,3.2055280448620467,-3.2910745738058798,-0.0
79020,3.22740054962506,-3.2675728342250467,-0.0
79030,3.2490981077819123,-3.2439374681631095,-0.0
79040,3.2706200783836943,-3.220169800454588,-0.0
79050,3.291965830548765,-3.196271156162319,-0.0
79060,3.3131347434052043,-3.1722428605060276,-0.0
79070,3.334126206032948,-3.148086238792077,-0.0
79080,3.354939617405617,-3.1238026163444093,-0.0
79090,3.3755743863320435,-3.099393318436648,-0.0
79100,3.39602993139753,-3.074859670225376,-0.0
79110,3.416305680904844,-3.0502029966845856,-0.0
79120,3.4364010728149705,-3.025424622541278,-0.0
79130,3.4563155546876474,-3.0005258722122363,-0.0
79140,3.4760485836216763,-2.9755080697419296,-0.0
79150,3.495599626195063,-2.950372538741593,-0.0
79160,3.5149681584049586,-2.925120602329425,-0.0
79170,3.5341536656074566,-2.8997535830719356,-0.0
79180,3.5531556424572353,-2.874272802926422,-0.0
79190,3.571973592847079,-2.8486795831845724,-0.0
79200,3.5906070298472796,-2.8229752444171945,-0.0
79210,3.6090554756449427,-2.7971611064200452,-0.0
79220,3.627318461483215,-2.77123848816079,-0.0
79230,3.6453955276004306,-2.7452087077270417,-0.0
79240,3.663286223169215,-2.719073082275514,-0.0
79250,3.680990106235546,-2.692832927982253,-0.0
79260,3.6985067436577928,-2.66648955999396,-0.0
79270,3.715835711045739,-2.640044292380382,-0.0
79280,3.732976592699612,-2.613498438087779,-0.0
79290,3.7499289815491306,-2.5868533088934487,-0.0
79300,3.766692479092583,-2.5601102153613082,-0.0
79310,3.783266695335948,-2.5332704667985255,-0.0
79320,3.799651248732071,-2.5063353712131824,-0.0
79330,3.815845766119918,-2.4793062352729858,-0.0
79340,3.8318498826639065,-2.4521843642649874,-0.0
79350,3.847663241793337,-2.4249710620563363,-0.0
79360,3.863285495141927,-2.397667631056025,-0.0
79370,3.878716302487471,-2.370275372177653,-0.0
79380,3.8939553316916395,-2.342795584803175,-0.0
79390,3.9090022586399056,-2.3152295667476332,-0.0
79400,3.923856767181651,-2.287578614224878,-0.0
79410,3.9385185490704195,-2.2598440218142404,-0.0
79420,3.9529873039043717,-2.2320270824281847,-0.0
79430,3.967262739066904,-2.2041290872808923,-0.0
79440,3.9813445696675043,-2.1761513258578113,-0.0
79450,3.9952325184827915,-2.1480950858861223,-0.0
79460,4.008926315897791,-2.1199616533061407,-0.0
79470,4.022425699847459,-2.0917523122436372,-0.0
79480,4.035730415758416,-2.063468344983055,-0.0
79490,4.048840216490975,-2.035111031941644,-0.0
79500,4.061754862281411,-2.0066816516444734,-0.0
79510,4.074474120684519,-1.978181480700331,-0.0
79520,4.086997766516438,-1.9496117937784905,-0.0
79530,4.099325581797807,-1.9209738635863527,-0.0
79540,4.111457355697171,-1.8922689608479248,-0.0
79550,4.123392884474759,-1.8634983542831622,-0.0
79560,4.135131971426538,-1.8346633105881338,-0.0
79570,4.146674426828626,-1.805765094416019,-0.0
79580,4.158020067882027,-1.7768049683589164,-0.0
79590,4.169168718657735,-1.747784192930473,-0.0
79600,4.180120210042173,-1.7187040265492928,-0.0
79610,4.190874379683013,-1.68956572552315,-0.0
79620,4.201431071935361,-1.660370544033974,-0.0
79630,4.211790137808333,-1.6311197341236043,-0.0
79640,4.2219514349119995,-1.6018145456803041,-0.0
79650,4.231914827404761,-1.5724562264260329,-0.0
79660,4.241680185941089,-1.5430460219044455,-0.0
79670,4.251247387619707,-1.5135851754696348,-0.0
79680,4.2606163159321735,-1.4840749282755865,-0.0
79690,4.2697868607119025,-1.4545165192663514,-0.0
79700,4.278758918083614,-1.4249111851669205,-0.0
79710,4.2875323904132125,-1.3952601604747843,-0.0
79720,4.2961071862581175,-1.3655646774521786,-0.0
79730,4.304483220318066,-1.3358259661190115,-0.0
79740,4.312660413386337,-1.3060452542464343,-0.0
79750,4.320638692301463,-1.276223767351082,-0.0
79760,4.32841798989942,-1.246362728689951,-0.0
79770,4.335998244966269,-1.2164633592559067,-0.0
79780,4.343379402191299,-1.1865268777738203,-0.0
79790,4.350561412120646,-1.1565545006973115,-0.0
79800,4.357544231111426,-1.1265474422061081,-0.0
79810,4.364327821286327,-1.0965069142039807,-0.0
79820,4.370912150488754,-1.0664341263172796,-0.0
79830,4.3772971922384345,-1.0363302858940326,-0.0
79840,4.383482925687577,-1.0061965980036165,-0.0
79850,4.389469335577525,-0.9760342654369744,-0.0
79860,4.3952564121959385,-0.9458444887073861,-0.0
79870,4.400844151334502,-0.9156284660517644,-0.0
79880,4.40623255424717,-0.8853873934324846,-0.0
79890,4.4114216276089495,-0.8551224645397242,-0.0
79900,4.416411383475204,-0.8248348707943071,-0.0
79910,4.421201839241534,-0.7945258013510492,-0.0
79920,4.425793017604175,-0.7641964431025818,-0.0
79930,4.430184946520952,-0.7338479806836545,-0.0
79940,4.434377659172824,-0.7034815964759074,-0.0
79950,4.438371193925928,-0.6730984706130921,-0.0
79960,4.442165594294246,-0.6426997809867483,-0.0
79970,4.445760908902784,-0.6122867032523073,-0.0
79980,4.4491571914513655,-0.5818604108356306,-0.0
79990,4.452354500678968,-0.5514220749399629,-0.0
80000,4.455352900328643,-0.5209728645532911,-0.0
80010,4.458152459113012,-0.49051394645610374,-0.0
80020,4.460753250680351,-0.46004648522953767,-0.0
80030,4.463155353581246,-0.42957164326390357,-0.0
80040,4.465358851235841,-0.39909058076758036,-0.0
80050,4.467363831901673,-0.3686044557762685,-0.0
80060,4.469170388642098,-0.3381144241625947,-0.0
80070,4.470778619295308,-0.30762163964605543,-0.0
80080,4.472188626443947,-0.2771272538032917,-0.0
80090,4.4734005173853095,-0.24663241607868414,-0.0
80100,4.4744144041021565,-0.2161382737952616,-0.0
80110,4.475230403234126,-0.18564597216591056,-0.0
80120,4.475848636049735,-0.15515665430487705,-0.0
80130,4.476269228418992,-0.12467146123955272,-0.0
80140,4.476492310786627,-0.09419153192253446,-0.0
80150,4.476518018145902,-0.06371800324394811,-0.0
80160,4.476346490013054,-0.03325201004402784,-0.0
80170,4.475977870402333,-0.0027946851259409164,-0.0
80180,4.475412307801655,0.027652840731151117,-0.0
80190,4.474649955148862,0.05808943875880392,-0.0
80200,4.473690969808608,0.08851398218578435,-0.0
80210,4.47253551354983,0.11892534622435533,-0.0
80220,4.47118375252387,0.14932240805636207,-0.0
80230,4.4696358572431825,0.1797040468191277,-0.0
80240,4.467892002560658,0.21006914359116757,-0.0
80250,4.465952367649585,0.24041658137773259,-0.0
80260,4.463817135984221,0.27074524509619,-0.0
80270,4.461486495320931,0.30105402156124816,-0.0
80280,4.45896063768004,0.33134179947004094,-0.0
80290,4.456239759328209,0.3616074693870731,-0.0
80300,4.453324060761472,0.3918499237290403,-0.0
80310,4.450213746688895,0.42206805674953335,-0.0
80320,4.446909026016822,0.4522607645236305,-0.0
80330,4.443410111833782,0.4824269449323953,-0.0
80340,4.43971722139595,0.5125654976472772,-0.0
80350,4.435830576113294,0.5426753241144379,-0.0
80360,4.431750401536284,0.5727553275389989,-0.0
80370,4.4274769273432435,0.6028044128692284,-0.0
80380,4.4230103873283,0.632821486780671,-0.0
80390,4.418351019389968,0.662805457660234,-0.0
80400,4.413499065520335,0.692755235590234,-0.0
80410,4.408454771794844,0.7226697323324128,-0.0
80420,4.403218388362726,0.7525478613119398,-0.0
80430,4.397790169438004,0.7823885376013947,-0.0
80440,4.392170373291127,0.8121906779047533,-0.0
80450,4.386359262241217,0.8419532005413785,-0.0
80460,4.380357102648907,0.8716750254300233,-0.0
80470,4.374164164909799,0.9013550740728596,-0.0
80480,4.367780723448514,0.9309922695395366,-0.0
80490,4.36120705671336,0.9605855364512819,-0.0
80500,4.354443447171601,0.9901338009650508,-0.0
80510,4.347490181305304,1.0196359907577293,-0.0
80520,4.3403475496078245,1.049091035010411,-0.0
80530,4.333015846580844,1.0784978643927374,-0.0
80540,4.32549537073204,1.1078554110473309,-0.0
80550,4.31778642457333,1.1371626085743127,-0.0
80560,4.309889314619724,1.1664183920159243,-0.0
80570,4.3018043513887365,1.1956216978412522,-0.0
80580,4.293531849400426,1.2247714639310738,-0.0
80590,4.285072127177981,1.2538666295628214,-0.0
80600,4.276425507248928,1.2829061353956877,-0.0
80610,4.267592316146889,1.3118889234558648,-0.0
80620,4.2585728844139314,1.340813937121934,-0.0
80630,4.249367546603508,1.3696801211104188,-0.0
80640,4.239976641283937,1.3984864214614945,-0.0
80650,4.2304005110424905,1.4272317855248782,-0.0
80660,4.220639502490033,1.4559151619458999,-0.0
80670,4.210693966266222,1.4845355006517587,-0.0
80680,4.2005642570452855,1.5130917528379864,-0.0
80690,4.190250733542355,1.5415828709551078,-0.0
80700,4.179753758520362,1.5700078086955234,-0.0
80710,4.169073698797476,1.5983655209806107,-0.0
80720,4.158210925255103,1.6266549639480508,-0.0
80730,4.147165812846446,1.654875094939407,-0.0
80740,4.13593874060558,1.683024872487934,-0.0
80750,4.124530091657108,1.7111032563066564,-0.0
80760,4.1129402532263235,1.7391092072766954,-0.0
80770,4.101169616649929,1.7670416874358748,-0.0
80780,4.089218577387284,1.7948996599676061,-0.0
80790,4.0770875350321685,1.822682089190049,-0.0
80800,4.064776893325098,1.850387940545579,-0.0
80810,4.052287060166138,1.8780161805905478,-0.0
80820,4.0396184476282375,1.905565776985352,-0.0
80830,4.026771471971105,1.9330356984848307,-0.0
80840,4.013746553655551,1.9604249149289708,-0.0
80850,4.000544117358376,1.9877323972339591,-0.0
80860,3.9871645919877348,2.014957117383565,-0.0
80870,3.973608410699021,2.0420980484208795,-0.0
80880,3.9598760109112248,2.069154164440401,-0.0
80890,3.945967834323805,2.0961244405804953,-0.0
80900,3.931884326934023,2.1230078530162153,-0.0
80910,3.917625939054765,2.149803378952501,-0.0
80920,3.903193125332859,2.1765099966177752,-0.0
80930,3.88858634476784,2.2031266852579225,-0.0
80940,3.8738060607311975,2.2296524251306713,-0.0
80950,3.8588527409860855,2.2560861975003887,-0.0
80960,3.8437268577074772,2.2824269846332834,-0.0
80970,3.828428887502799,2.3086737697930406,-0.0
80980,3.812959311432979,2.3348255372368807,-0.0
80990,3.7973186150339884,2.3608812722120667,-0.0
81000,3.781507288338757,2.3868399609528375,-0.0
81010,3.765525825899584,2.412700590677818,-0.0
81020,3.749374726810935,2.438462149587867,-0.0
81030,3.733054494732684,2.4641236268644127,-0.0
81040,3.7165656379137624,2.4896840126682473,-0.0
81050,3.6999086692162244,2.51514229813881,-0.0
81060,3.68308410613972,2.540497475393959,-0.0
81070,3.6660924708463676,2.565748537530243,-0.0
81080,3.648934290186017,2.5908944786236656,-0.0
81090,3.631610095721904,2.615934293730968,-0.0
81100,3.6141204237566957,2.6408669788914323,-0.0
81110,3.596465815358914,2.665691531129206,-0.0
81120,3.5786468163897,2.690406948456145,-0.0
81130,3.5606639775299977,2.7150122298752257,-0.0
81140,3.5425178543080413,2.739506375384467,-0.0
81150,3.524209007127236,2.763888385981432,-0.0
81160,3.5057380012943598,2.788157263668275,-0.0
81170,3.4871054070481233,2.812312011457363,-0.0
81180,3.468311799588045,2.8363516333774577,-0.0
81190,3.449357759103665,2.8602751344804913,-0.0
81200,3.43024387080407,2.884081520848916,-0.0
81210,3.4109707249477483,2.907769799603664,-0.0
81220,3.391538916872722,2.9313389789126827,-0.0
81230,3.3719490470270004,2.954788068000096,-0.0
81240,3.3522017209993216,2.9781160771559727,-0.0
81250,3.332297549550174,3.0013220177467175,-0.0
81260,3.3122371486430846,3.0244049022260695,-0.0
81270,3.2920211394761982,3.0473637441467614,-0.0
81280,3.27165014851411,3.0701975581728,-0.0
81290,3.2511248075199384,3.0929053600923924,-0.0
81300,3.230445753587667,3.1154861668315275,-0.0
81310,3.209613629174709,3.137938996468215,-0.0
81320,3.1886290821347085,3.1602628682473846,-0.0
81330,3.167492765750565,3.1824568025964584,-0.0
81340,3.146205338767671,3.204519821141602,-0.0
81350,3.1247674654273547,3.226450946724646,-0.0
81360,3.103179815500529,3.248249203420715,-0.0
81370,3.081443064321506,3.269913616556521,-0.0
81380,3.059557892822036,3.2914432127293978,-0.0
81390,3.0375249875654715,3.3128370198269996,-0.0
81400,3.0153450407811278,3.3340940670477393,-0.0
81410,2.9930187503987793,3.3552133849219237,-0.0
81420,2.97054682008332,3.376194005333636,-0.0
81430,2.9479299592695383,3.397034961543316,-0.0
81440,2.9251688831970424,3.4177352882111043,-0.0
81450,2.9022643129452907,3.438294021420905,-0.0
81460,2.87921697546873,3.4587101987051954,-0.0
81470,2.85602760363204,3.478982859070598,-0.0
81480,2.832696936245468,3.4991110430241923,-0.0
81490,2.8092257181002407,3.5190937926005983,-0.0
81500,2.785614700004045,3.5389301513898195,-0.0
81510,2.761864638816577,3.5586191645658567,-0.0
81520,2.7379762974851283,3.5781598789160936,-0.0
81530,2.7139504450802314,3.5975513428714763,-0.0
81540,2.6897878568313187,3.616792606537457,-0.0
81550,2.6654893141624103,3.6358827217257423,-0.0
81560,2.6410556047278133,3.6548207419868346,-0.0
81570,2.6164875224478097,3.673605722643363,-0.0
81580,2.5917858675443464,3.6922367208242264,-0.0
81590,2.5669514465766907,3.7107127954995343,-0.0
81600,2.5419850724770616,3.729033007516372,-0.0
81610,2.516887564586207,3.747196419635362,-0.0
81620,2.4916597486889454,3.7652020965680784,-0.0
81630,2.4663024570496117,3.7830491050152393,-0.0
81640,2.4408165284474506,3.800736513705763,-0.0
81650,2.41520280821191,3.818263393436645,-0.0
81660,2.3894621482578366,3.8356288171136637,-0.0
81670,2.3635954071205476,3.852831859792918,-0.0
81680,2.3376034499908043,3.869871598723235,-0.0
81690,2.3114871487496202,3.886747113389392,-0.0
81700,2.2852473820029426,3.9034574855562014,-0.0
81710,2.2588850351161613,3.920001799313441,-0.0
81720,2.2324010002484513,3.9363791411216438,-0.0
81730,2.205796176386931,3.952588599858739,-0.0
81740,2.17907146938062,3.968629266867557,-0.0
81750,2.15222779197419,3.984500236004188,-0.0
81760,2.125266063841497,4.000200603687223,-0.0
81770,2.098187211618869,4.015729468947842,-0.0
81780,2.0709921689381514,4.0310859334807665,-0.0
81790,2.0436818764595026,4.046269101696126,-0.0
81800,2.016257281903889,4.061278080772127,-0.0
81810,1.9887193400853274,4.076111980708671,-0.0
81820,1.9610690129427981,4.090769914381789,-0.0
81830,1.9333072695718598,4.105250997598983,-0.0
81840,1.9054350862559364,4.119554349155449,-0.0
81850,1.8774534464972599,4.133679090891162,-0.0
81860,1.8493633410474586,4.147624347748853,-0.0
81870,1.8211657679377842,4.16138924783287,-0.0
81880,1.7928617325089469,4.174972922468906,-0.0
81890,1.7644522474405655,4.188374506264637,-0.0
81900,1.735938332780202,4.2015931371712165,-0.0
81910,1.7073210159719703,4.214627956545665,-0.0
81920,1.6786013318847146,4.227478109214146,-0.0
81930,1.6497803228397265,4.240142743536118,-0.0
81940,1.6208590386379993,4.2526210114693646,-0.0
81950,1.5918385365870062,4.264912068635936,-0.0
81960,1.5627198815269707,4.277015074388923,-0.0
81970,1.5335041458566379,4.288929191880164,-0.0
81980,1.5041924095585109,4.30065358812878,-0.0
81990,1.4747857602235586,4.3121874340906485,-0.0
82000,1.4452852930753537,4.323529904728692,-0.0
82010,1.415692110993651,4.334680179084076,-0.0
82020,1.3860073245373767,4.3456374403482805,-0.0
82030,1.3562320519670192,4.356400875936033,-0.0
82040,1.3263674192664003,4.366969677559115,-0.0
82050,1.2964145601638168,4.377343041301024,-0.0
82060,1.2663746161525393,4.387520167692522,-0.0
82070,1.2362487365106427,4.397500261788026,-0.0
82080,1.2060380783201627,4.40728253324285,-0.0
82090,1.17574380648556,4.416866196391336,-0.0
82100,1.1453670937514726,4.426250470325791,-0.0
82110,1.1149091207197452,4.435434578976299,-0.0
82120,1.0843710758657195,4.444417751191374,-0.0
82130,1.0537541555537675,4.453199220819446,-0.0
82140,1.023059564052047,4.461778226791169,-0.0
82150,0.9922885135464806,4.4701540132025865,-0.0
82160,0.9614422241539211,4.4783258293991,-0.0
82170,0.9305219239345013,4.486292930060268,-0.0
82180,0.8995288489031443,4.494054575285397,-0.0
82190,0.8684642430402253,4.50161003067998,-0.0
82200,0.8373293583013646,4.508958567442899,-0.0
82210,0.8061254546263308,4.516099462454438,-0.0
82220,0.7748537999470515,4.523031998365096,-0.0
82230,0.743515670194702,4.52975546368517,-0.0
82240,0.7121123493058596,4.53626915287511,-0.0
82250,0.6806451292277125,4.542572366436657,-0.0
82260,0.6491153099222993,4.548664411004722,-0.0
82270,0.6175241993697704,4.55454459944006,-0.0
82280,0.5858731135706453,4.560212250922617,-0.0
82290,0.5541633765470613,4.5656666910456885,-0.0
82300,0.5223963203429868,4.570907251910759,-0.0
82310,0.4905732850233916,4.575933272223096,-0.0
82320,0.4586956186723474,4.580744097388004,-0.0
82330,0.4267646773900551,4.585339079607829,-0.0
82340,0.39478182528877176,4.589717577979637,-0.0
82350,0.3627484344876283,4.593878958593569,-0.0
82360,0.3306658851063142,4.597822594631861,-0.0
82370,0.29853556525762315,4.601547866468545,-0.0
82380,0.26635887103883227,4.605054161769769,-0.0
82390,0.23413720652190986,4.608340875594801,-0.0
82400,0.201871983742525,4.611407410497604,-0.0
82410,0.16956462268785213,4.614253176629075,-0.0
82420,0.13721655128314778,4.616877591839851,-0.0
82430,0.10482920537708798,4.619280081783723,-0.0
82440,0.07240402872584902,4.621460080021641,-0.0
82450,0.039942472975914356,4.6234170281262434,-0.0
82460,0.0074459976455946535,4.625150375786978,-0.0
82470,-0.025083929894756662,4.626659580915742,-0.0
82480,-0.0576458344438471,4.627944109753054,-0.0
82490,-0.09023823299188362,4.629003436974718,-0.0
82500,-0.12285963474436117,4.62983704579901,-0.0
82510,-0.1555085411472169,4.630444428094322,-0.0
82520,-0.18818344591336478,4.630825084487292,-0.0
82530,-0.22088283505062584,4.630978524471356,-0.0
82540,-0.253605186891069,4.630904266515764,-0.0
82550,-0.2863489721217769,4.630601838174994,-0.0
82560,-0.3191126538170524,4.630070776198572,-0.0
82570,-0.3518946874720781,4.629310626641279,-0.0
82580,-0.3846935210380472,4.628320944973732,-0.0
82590,-0.41750759495877493,4.627101296193295,-0.0
82600,-0.45033534220880905,4.625651254935356,-0.0
82610,-0.4831751883330505,4.623970405584876,-0.0
82620,-0.516025551487899,4.62205834238827,-0.0
82630,-0.5488848424839372,4.6199146695655475,-0.0
82640,-0.5817514648301677,4.617539001422714,-0.0
82650,-0.6146238147798143,4.614930962464425,-0.0
82660,-0.6475002813777009,4.612090187506833,-0.0
82670,-0.6803792465092231,4.609016321790665,-0.0
82680,-0.7132590849509207,4.605709021094444,-0.0
82690,-0.7461381644226708,4.602167951847911,-0.0
82700,-0.7790148456415037,4.598392791245554,-0.0
82710,-0.8118874823770634,4.594383227360254,-0.0
82720,-0.844754421508718,4.590138959257051,-0.0
82730,-0.8776140030843343,4.585659697106958,-0.0
82740,-0.910464560380727,4.580945162300835,-0.0
82750,-0.9433044199657937,4.575995087563297,-0.0
82760,-0.9761319017623461,4.570809217066619,-0.0
82770,-1.0089453191136502,4.56538730654463,-0.0
82780,-1.0417429788506811,4.559729123406568,-0.0
82790,-1.074523181361105,4.5538344468508525,-0.0
82800,-1.1072842206600029,4.547703067978806,-0.0
82810,-1.1400243844623341,4.541334789908227,-0.0
82820,-1.1727419542571589,4.534729427886834,-0.0
82830,-1.205435205383623,4.527886809405564,-0.0
82840,-1.2381024071087174,4.520806774311668,-0.0
82850,-1.2707418227068172,4.5134891749216015,-0.0
82860,-1.3033517095410077,4.5059338761336685,-0.0
82870,-1.3359303191462084,4.498140755540411,-0.0
82880,-1.3684758973140962,4.490109703540692,-0.0
82890,-1.4009866841798475,4.481840623451498,-0.0
82900,-1.4334609143106833,4.473333431619343,-0.0
82910,-1.4658968167962454,4.464588057531341,-0.0
82920,-1.4982926153407998,4.4556044439258775,-0.0
82930,-1.5306465283572697,4.446382546902832,-0.0
82940,-1.5629567690631072,4.43692233603337,-0.0
82950,-1.595221545578011,4.427223794469236,-0.0
82960,-1.6274390610234868,4.417286919051548,-0.0
82970,-1.6596075136242583,4.407111720419045,-0.0
82980,-1.6917250968115347,4.396698223115774,-0.0
82990,-1.723789999328132,4.386046465698166,-0.0
83000,-1.755800405335451,4.375156500841497,-0.0
83010,-1.7877544945223245,4.3640283954457,-0.0
83020,-1.819650442215717,4.352662230740467,-0.0
83030,-1.8514864194932896,4.341058102389653,-0.0
83040,-1.883260593297839,4.329216120594935,-0.0
83050,-1.9149711265535878,4.317136410198689,-0.0
83060,-1.9466161782843425,4.304819110786054,-0.0
83070,-1.9781939037335237,4.292264376786178,-0.0
83080,-2.0097024544860473,4.279472377572575,-0.0
83090,-2.0411399785920663,4.266443297562586,-0.0
83100,-2.0725046206925812,4.25317733631593,-0.0
83110,-2.1037945221468948,4.2396747086322595,-0.0
83120,-2.135007821161924,4.22593564464775,-0.0
83130,-2.1661426529233614,4.211960389930654,-0.0
83140,-2.1971971497286735,4.19774920557579,-0.0
83150,-2.2281694411219526,4.183302368297965,-0.0
83160,-2.2590576540305856,4.168620170524241,-0.0
83170,-2.2898599129037636,4.153702920485089,-0.0
83180,-2.320574339852813,4.138550942304332,-0.0
83190,-2.3511990547933266,4.123164576087863,-0.0
83200,-2.3817321755891276,4.107544178011146,-0.0
83210,-2.4121718181980065,4.091690120405401,-0.0
83220,-2.4425160968192725,4.075602791842497,-0.0
83230,-2.4727631240430634,4.059282597218474,-0.0
83240,-2.5029110110014523,4.042729957835718,-0.0
83250,-2.532957867521294,4.02594531148369,-0.0
83260,-2.562901802278833,4.008929112518224,-0.0
83270,-2.5927409229560525,3.9916818319393568,-0.0
83280,-2.622473336398749,3.974203957467632,-0.0
83290,-2.6520971487763108,3.956495993618855,-0.0
83300,-2.681610465743217,3.9385584617773,-0.0
83310,-2.711011392602213,3.9203919002672785,-0.0
83320,-2.7402980344691525,3.901996864423077,-0.0
83330,-2.7694684964395195,3.8833739266572347,-0.0
83340,-2.798520883756566,3.864523676527089,-0.0
83350,-2.8274533019810986,3.845446720799604,-0.0
83360,-2.8562638571628574,3.8261436835144123,-0.0
83370,-2.884950656013498,3.8066152060450658,-0.0
83380,-2.9135118060811482,3.786861947158451,-0.0
83390,-2.941945415926509,3.766884583072322,-0.0
83400,-2.9702495953005013,3.7466838075109528,-0.0
83410,-2.998422455323421,3.726260331758841,-0.0
83420,-3.0264621086656014,3.7056148847124737,-0.0
83430,-3.054366669729533,3.684748212930066,-0.0
83440,-3.0821342548334507,3.663661080679306,-0.0
83450,-3.1097629823963406,3.6423542699830262,-0.0
83460,-3.1372509731243636,3.6208285806627956,-0.0
83470,-3.1645963501986456,3.599084830380379,-0.0
83480,-3.1917972394644503,3.577123854677081,-0.0
83490,-3.2188517696216614,3.554946507010871,-0.0
83500,-3.245758072416586,3.532553658791332,-0.0
83510,-3.27251428283505,3.509946199412366,-0.0
83520,-3.299118539296718,3.48712503628261,-0.0
83530,-3.325568983850678,3.4640910948535897,-0.0
83540,-3.351863762372194,3.4408453186455272,-0.0
83550,-3.3780010247606542,3.417388669270797,-0.0
83560,-3.403978925138651,3.393722126455019,-0.0
83570,-3.4297956220521635,3.3698466880557127,-0.0
83580,-3.4554492786718343,3.3457633700785334,-0.0
83590,-3.4809380629953073,3.321473206691066,-0.0
83600,-3.506260148050548,3.296977250234075,-0.0
83610,-3.5314137121001914,3.272276571230292,-0.0
83620,-3.5563969388468153,3.247372258390635,-0.0
83630,-3.581208017639146,3.2222654186178645,-0.0
83640,-3.605845143679147,3.196957177007642,-0.0
83650,-3.6303065182299643,3.1714486768469987,-0.0
83660,-3.6545903488246725,3.1457410796101195,-0.0
83670,-3.6786948494758254,3.119835564951502,-0.0
83680,-3.7026182408857324,3.093733330696416,-0.0
83690,-3.7263587506574467,3.067435592828642,-0.0
83700,-3.7499146135064154,3.0409435854754863,-0.0
83710,-3.773284071472798,3.014258560890061,-0.0
83720,-3.7964653741343155,2.9873817894307453,-0.0
83730,-3.81945677881972,2.9603145595379097,-0.0
83740,-3.8422565508227273,2.93305817770777,-0.0
83750,-3.864862963616454,2.905613968463449,-0.0
83760,-3.887274299068277,2.877983274323162,-0.0
83770,-3.909488847655101,2.8501674557655505,-0.0
83780,-3.9315049086789444,2.822167891192104,-0.0
83790,-3.953320790482872,2.7939859768867006,-0.0
83800,-3.9749348106671816,2.7656231269722182,-0.0
83810,-3.996345296305793,2.7370807733641973,-0.0
83820,-4.017550584162859,2.7083603657215765,-0.0
83830,-4.0385490209094765,2.6794633713944416,-0.0
83840,-4.05933896334051,2.650391275368804,-0.0
83850,-4.079918778591459,2.621145580208394,-0.0
83860,-4.100286844355324,2.5917278059934348,-0.0
83870,-4.120441549099437,2.5621394902564156,-0.0
83880,-4.140381292282194,2.53238218791483,-0.0
83890,-4.160104484569661,2.5024574712008842,-0.0
83900,-4.179609548052007,2.4723669295881607,-0.0
83910,-4.198894916459677,2.442112169715219,-0.0
83920,-4.2179590353793275,2.4116948153061486,-0.0
83930,-4.236800362469415,2.3811165070880462,-0.0
83940,-4.255417367675432,2.350378902705428,-0.0
83950,-4.273808533444687,2.3194836766315405,-0.0
83960,-4.291972354940681,2.2884325200766242,-0.0
83970,-4.309907340256896,2.2572271408930553,-0.0
83980,-4.327612010630078,2.225869263477423,-0.0
83990,-4.34508490065286,2.194360628669492,-0.0
84000,-4.362324558485759,2.1627029936480997,-0.0
84010,-4.379329546068434,2.1308981318239377,-0.0
84020,-4.396098439330202,2.0989478327292517,-0.0
84030,-4.412629828399709,2.066853901904443,-0.0
84040,-4.428922317813776,2.034618160781593,-0.0
84050,-4.444974526725314,2.0022424465648916,-0.0
84060,-4.460785089110268,1.9697286121079887,-0.0
84070,-4.4763526539735645,1.9370785257882717,-0.0
84080,-4.491675885553977,1.9042940713780652,-0.0
84090,-4.506753463527895,1.8713771479127788,-0.0
84100,-4.521584083211917,1.8383296695559872,-0.0
84110,-4.536166455764217,1.8051535654614685,-0.0
84120,-4.5504993083846665,1.7718507796322065,-0.0
84130,-4.564581384513631,1.7384232707763656,-0.0
84140,-4.578411444029377,1.7048730121602402,-0.0
84150,-4.591988263444108,1.6712019914582212,-0.0
84160,-4.605310636098464,1.6374122105997437,-0.0
84170,-4.618377372354565,1.6035056856132848,-0.0
84180,-4.631187299787455,1.5694844464673878,-0.0
84190,-4.643739263374911,1.535350536908738,-0.0
84200,-4.656032125685614,1.5011060142973183,-0.0
84210,-4.668064767065573,1.4667529494386506,-0.0
84220,-4.679836085822795,1.432293426413146,-0.0
84230,-4.691344998410116,1.3977295424025817,-0.0
84240,-4.702590439606185,1.3630634075137302,-0.0
84250,-4.713571362694507,1.3282971445991543,-0.0
84260,-4.72428673964053,1.293432889075197,-0.0
84270,-4.734735561266715,1.2584727887371914,-0.0
84280,-4.744916837425536,1.2234190035719055,-0.0
84290,-4.754829597170368,1.1882737055672563,-0.0
84300,-4.764472888924204,1.1530390785193125,-0.0
84310,-4.773845780646194,1.1177173178366262,-0.0
84320,-4.782947359995883,1.0823106303418977,-0.0
84330,-4.791776734495175,1.0468212340710272,-0.0
84340,-4.80033303168795,1.011251358069572,-0.0
84350,-4.8086153992972696,0.9756032421866355,-0.0
84360,-4.8166230053801415,0.9398791368662286,-0.0
84370,-4.824355038479823,0.9040813029361326,-0.0
84380,-4.831810707775555,0.8682120113942939,-0.0
84390,-4.838989243229758,0.8322735431927906,-0.0
84400,-4.845889895732578,0.7962681890194013,-0.0
84410,-4.852511937243798,0.7601982490768148,-0.0
84420,-4.858854660932022,0.7240660328595153,-0.0
84430,-4.86491738131114,0.6878738589283864,-0.0
84440,-4.870699434373965,0.6516240546830622,-0.0
84450,-4.876200177723083,0.615318956132075,-0.0
84460,-4.881418990698811,0.578960907660836,-0.0
84470,-4.886355274504247,0.5425522617974865,-0.0
84480,-4.891008452327379,0.5060953789766675,-0.0
84490,-4.895377969460213,0.4695926273012459,-0.0
84500,-4.899463293414865,0.4330463823020431,-0.0
84510,-4.9032639140365974,0.3964590266956068,-0.0
84520,-4.906779343613757,0.359832950140075,-0.0
84530,-4.910009116984611,0.32317054898917613,-0.0
84540,-4.912952791640942,0.2864742260444077,-0.0
84550,-4.915609947828545,0.24974639030544887,-0.0
84560,-4.917980188644391,0.212989456718845,-0.0
84570,-4.920063140130604,0.1762058459250206,-0.0
84580,-4.921858451365086,0.1393979840036638,-0.0
84590,-4.923365794548843,0.10256830221753585,-0.0
84600,-4.924584865089948,0.06571923675475398,-0.0
84610,-4.925515381684102,0.02885322846959872,-0.0
84620,-4.926157086391815,-0.008027277378101947,-0.0
84630,-4.926509744712089,-0.044919831384960786,-0.0
84640,-4.926573145652697,-0.08182198026733811,-0.0
84650,-4.926347101796904,-0.11873126712591449,-0.0
84660,-4.925831449366742,-0.15564523171147637,-0.0
84670,-4.925026048282648,-0.19256141069185786,-0.0
84680,-4.9239307822196405,-0.22947733791998806,-0.0
84690,-4.922545558659828,-0.26639054470298457,-0.0
84700,-4.920870308941358,-0.3032985600722401,-0.0
84710,-4.918904988303698,-0.34019891105444433,-0.0
84720,-4.916649575929337,-0.3770891229434883,-0.0
84730,-4.914104074981732,-0.4139667195731868,-0.0
84740,-4.911268512639661,-0.4508292235907711,-0.0
84750,-4.908142940127822,-0.4876741567310858,-0.0
84760,-4.904727432743738,-0.5244990400914371,-0.0
84770,-4.901022089880959,-0.5613013944070331,-0.0
84780,-4.897027035048489,-0.5980787403269547,-0.0
84790,-4.89274241588649,-0.6348285986906018,-0.0
84800,-4.888168404178214,-0.6715484908045534,-0.0
84810,-4.8833051958581875,-0.7082359387197852,-0.0
84820,-4.878153011016573,-0.7448884655091773,-0.0
84830,-4.872712093899808,-0.7815035955452652,-0.0
84840,-4.866982712907395,-0.8180788547781582,-0.0
84850,-4.860965160584933,-0.8546117710135812,-0.0
84860,-4.854659753613328,-0.8910998741909641,-0.0
84870,-4.848066832794215,-0.9275406966615335,-0.0
84880,-4.841186763031564,-0.9639317734663313,-0.0
84890,-4.834019933309478,-1.0002706426141117,-0.0
84900,-4.826566756666209,-1.0365548453590527,-0.0
84910,-4.818827670164318,-1.07278192647821,-0.0
84920,-4.8108031348571,-1.1089494345486786,-0.0
84930,-4.802493635751158,-1.1450549222243704,-0.0
84940,-4.793899681765204,-1.1810959465123718,-0.0
84950,-4.785021805685064,-1.2170700690488048,-0.0
84960,-4.775860564114913,-1.2529748563741432,-0.0
84970,-4.766416537424728,-1.2888078802079153,-0.0
84980,-4.756690329693977,-1.3245667177227354,-0.0
84990,-4.746682568651554,-1.3602489518176044,-0.0
85000,-4.736393905611974,-1.3958521713904202,-0.0
85010,-4.7258250154078345,-1.4313739716096374,-0.0
85020,-4.714976596318554,-1.4668119541850144,-0.0
85030,-4.703849369995418,-1.5021637276373971,-0.0
85040,-4.692444081382933,-1.5374269075674671,-0.0
85050,-4.680761498636506,-1.5725991169234088,-0.0
85060,-4.668802413036475,-1.6076779862674282,-0.0
85070,-4.656567638898499,-1.6426611540410696,-0.0
85080,-4.644058013480341,-1.67754626682927,-0.0
85090,-4.631274396885057,-1.7123309796230999,-0.0
85100,-4.618217671960591,-1.7470129560811185,-0.0
85110,-4.604888744195861,-1.7815898687893121,-0.0
85120,-4.591288541613278,-1.8160593995195304,-0.0
85130,-4.577418014657786,-1.8504192394863852,-0.0
85140,-4.563278136082427,-1.8846670896025575,-0.0
85150,-4.548869900830451,-1.9188006607324386,-0.0
85160,-4.5341943259140045,-1.9528176739440697,-0.0
85170,-4.519252450289435,-1.986715860759325,-0.0
85180,-4.504045334729223,-2.0204929634022717,-0.0
85190,-4.488574061690601,-2.0541467350456726,-0.0
85200,-4.472839735180845,-2.0876749400555608,-0.0
85210,-4.456843480619322,-2.121075354233852,-0.0
85220,-4.440586444696298,-2.1543457650589333,-0.0
85230,-4.424069795228539,-2.1874839719241814,-0.0
85240,-4.407294721011751,-2.220487786374359,-0.0
85250,-4.390262431669902,-2.2533550323398477,-0.0
85260,-4.372974157501435,-2.2860835463686597,-0.0
85270,-4.355431149322443,-2.3186711778561864,-0.0
85280,-4.337634678306815,-2.351115789272635,-0.0
85290,-4.319586035823417,-2.383415256388113,-0.0
85300,-4.30128653327034,-2.415567468495308,-0.0
85310,-4.282737501906221,-2.447570328629715,-0.0
85320,-4.263940292678777,-2.479421753787396,-0.0
85330,-4.2448962760504525,-2.5111196751401783,-0.0
85340,-4.2256068418213415,-2.542662038248292,-0.0
85350,-4.206073398949397,-2.57404680327041,-0.0
85360,-4.186297375367917,-2.6052719451709927,-0.0
85370,-4.166280217800442,-2.636335453924982,-0.0
85380,-4.146023391573033,-2.667235334719722,-0.0
85390,-4.125528380424022,-2.6979696081541413,-0.0
85400,-4.10479668631126,-2.7285363104351004,-0.0
85410,-4.083829829216933,-2.758933493570921,-0.0
85420,-4.0626293469499535,-2.7891592255620083,-0.0
85430,-4.041196794946034,-2.819211590588593,-0.0
85440,-4.019533746065425,-2.8490886891954954,-0.0
85450,-3.9976417903884287,-2.878788638473929,-0.0
85460,-3.9755225350087033,-2.9083095722402965,-0.0
85470,-3.953177603824416,-2.9376496412119373,-0.0
85480,-3.930608637327292,-2.966807013179807,-0.0
85490,-3.907817292389635,-2.9957798731780683,-0.0
85500,-3.884805242049338,-3.02456642365055,-0.0
85510,-3.861574175292942,-3.0531648846140444,-0.0
85520,-3.838125796836843,-3.0815734938184587,-0.0
85530,-3.8144618269066184,-3.10979050690373,-0.0
85540,-3.790584001014605,-3.1378141975535416,-0.0
85550,-3.7664940697357245,-3.165642857645773,-0.0
85560,-3.7421937984816633,-3.1932747973997078,-0.0
85570,-3.7176849672733927,-3.220708345519916,-0.0
85580,-3.6929693705121682,-3.247941849336867,-0.0
85590,-3.668048816748983,-3.274973674944186,-0.0
85600,-3.6429251284525876,-3.3018022073325843,-0.0
85610,-3.617600141776109,-3.328425850520427,-0.0
85620,-3.592075706322311,-3.3548430276809142,-0.0
85630,-3.5663536849075843,-3.3810521812658867,-0.0
85640,-3.5404359533246876,-3.4070517731262173,-0.0
85650,-3.5143244001043388,-3.4328402846288024,-0.0
85660,-3.4880209262756487,-3.4584162167701074,-0.0
85670,-3.4615274451255282,-3.4837780902862936,-0.0
85680,-3.434845881957055,-3.508924445759881,-0.0
85690,-3.4079781738469155,-3.5338538437229805,-0.0
85700,-3.380926269401929,-3.55856486475704,-0.0
85710,-3.3536921285147505,-3.5830561095891493,-0.0
85720,-3.3262777221187796,-3.6073261991848486,-0.0
85730,-3.2986850319423415,-3.6313737748374737,-0.0
85740,-3.270916050262201,-3.655197498254024,-0.0
85750,-3.242972779656459,-3.6787960516375366,-0.0
85760,-3.214857232756898,-3.702168137766003,-0.0
85770,-3.1865714320008043,-3.7253124800677666,-0.0
85780,-3.158117409382363,-3.7482278226934738,-0.0
85790,-3.1294972062036366,-3.7709129305845135,-0.0
85800,-3.100712872825239,-3.7933665895380155,-0.0
85810,-3.0717664684166914,-3.815587606268343,-0.0
85820,-3.042660060706567,-3.837574808465128,-0.0
85830,-3.0133957257324684,-3.8593270448478565,-0.0
85840,-2.9839755475908682,-3.880843185216976,-0.0
85850,-2.9544016181868966,-3.9021221205015704,-0.0
85860,-2.9246760369841156,-3.9231627628035883,-0.0
85870,-2.8948009107543253,-3.9439640454386384,-0.0
85880,-2.8647783533274804,-3.9645249229733754,-0.0
85890,-2.834610485341737,-3.9848443712594617,-0.0
85900,-2.804299433993708,-4.004921387464139,-0.0
85910,-2.7738473327889714,-4.024754990097426,-0.0
85920,-2.743256321292876,-4.044344219035927,-0.0
85930,-2.7125285448816965,-4.06368813554329,-0.0
85940,-2.6816661544942106,-4.082785822287347,-0.0
85950,-2.650671306383711,-4.101636383353897,-0.0
85960,-2.619546161870529,-4.120238944257199,-0.0
85970,-2.588292887095119,-4.138592651947183,-0.0
85980,-2.556913652771738,-4.156696674813383,-0.0
85990,-2.5254106339427738,-4.174550202685617,-0.0
86000,-2.4937860097337827,-4.192152446831448,-0.0
86010,-2.4620419631092583,-4.209502639950423,-0.0
86020,-2.430180680629205,-4.226600036165135,-0.0
86030,-2.3982043522065535,-4.2434439110091295,-0.0
86040,-2.366115170865437,-4.260033561411636,-0.0
86050,-2.33391533250044,-4.276368305679238,-0.0
86060,-2.301607035636768,-4.292447483474384,-0.0
86070,-2.2691924811914848,-4.308270455790897,-0.0
86080,-2.236673872235782,-4.323836604926396,-0.0
86090,-2.2040534137583583,-4.339145334451733,-0.0
86100,-2.1713333124299563,-4.354196069177424,-0.0
86110,-2.1385157763690685,-4.368988255117133,-0.0
86120,-2.1056030149088865,-4.383521359448215,-0.0
86130,-2.0725972383655162,-4.397794870469386,-0.0
86140,-2.039500657807497,-4.411808297555476,-0.0
86150,-2.0063154848266733,-4.425561171109395,-0.0
86160,-1.9730439313104404,-4.439053042511228,-0.0
86170,-1.9396882092154322,-4.452283484064617,-0.0
86180,-1.9062505303426505,-4.465252088940348,-0.0
86190,-1.8727331061140986,-4.477958471117243,-0.0
86200,-1.8391381473509414,-4.490402265320358,-0.0
86210,-1.8054678640532384,-4.502583126956566,-0.0
86220,-1.7717244651812667,-4.514500732047477,-0.0
86230,-1.737910158438483,-4.526154777159813,-0.0
86240,-1.7040271500561535,-4.537544979333239,-0.0
86250,-1.6700776445796697,-4.54867107600565,-0.0
86260,-1.6360638446566063,-4.559532824936029,-0.0
86270,-1.6019879508265251,-4.570130004124816,-0.0
86280,-1.56785216131258,-4.580462411731932,-0.0
86290,-1.5336586718149225,-4.590529865992371,-0.0
86300,-1.4994096753059678,-4.600332205129521,-0.0
86310,-1.4651073618275279,-4.609869287266162,-0.0
86320,-1.4307539182898372,-4.619140990333203,-0.0
86330,-1.3963515282725132,-4.628147211976234,-0.0
86340,-1.361902371827458,-4.636887869459854,-0.0
86350,-1.327408625283743,-4.645362899569905,-0.0
86360,-1.2928724610544806,-4.653572258513561,-0.0
86370,-1.2582960474457305,-4.6615159218173865,-0.0
86380,-1.2236815484674326,-4.669193884223343,-0.0
86390,-1.1890311236464162,-4.676606159582833,-0.0
86400,-1.154346927841491,-4.683752780748778,-0.0
86410,-1.1196311110606396,-4.690633799465808,-0.0
86420,-1.0848858182803331,-4.697249286258559,-0.0
86430,-1.050113189266994,-4.70359933031817,-0.0
86440,-1.0153153584006112,-4.709684039386959,-0.0
86450,-0.9804944545005384,-4.715503539641394,-0.0
86460,-0.9456526006534773,-4.721057975573305,-0.0
86470,-0.9107919140436754,-4.726347509869472,-0.0
86480,-0.8759145057853412,-4.731372323289564,-0.0
86490,-0.8410224807572941,-4.736132614542475,-0.0
86500,-0.8061179374398708,-4.740628600161153,-0.0
86510,-0.7712029677540828,-4.7448605143758735,-0.0
86520,-0.7362796569030571,-4.74882860898609,-0.0
86530,-0.701350083215752,-4.752533153230818,-0.0
86540,-0.6664163179929736,-4.75597443365766,-0.0
86550,-0.6314804253556925,-4.759152753990467,-0.0
86560,-0.596544462095675,-4.7620684349957045,-0.0
86570,-0.5616104775284325,-4.76472181434754,-0.0
86580,-0.5266805133485014,-4.7671132464917125,-0.0
86590,-0.4917566034870555,-4.769243102508204,-0.0
86600,-0.45684077397186107,-4.771111769972781,-0.0
86610,-0.42193504278957605,-4.772719652817405,-0.0
86620,-0.38704141975040185,-4.774067171189605,-0.0
86630,-0.35216190635508643,-4.775154761310776,-0.0
86640,-0.31729849566429075,-4.7759828753335425,-0.0
86650,-0.28245317217030963,-4.77655198119812,-0.0
86660,-0.24762791167116036,-4.776862562487803,-0.0
86670,-0.21282468114703193,-4.776915118283556,-0.0
86680,-0.17804543863910102,-4.776710163017785,-0.0
86690,-0.14329213313071198,-4.7762482263273,-0.0
86700,-0.10856670443092095,-4.775529852905523,-0.0
86710,-0.0738710830604042,-4.774555602353993,-0.0
86720,-0.03920719013972672,-4.773326049033153,-0.0
86730,-0.004576937279971122,-4.771841781912523,-0.0
86740,0.030017773524277792,-4.7701034044202615,-0.0
86750,0.06457504999959555,-4.768111534292132,-0.0
86760,0.09909300969603188,-4.7658668034199705,-0.0
86770,0.13356978008708004,-4.76336985769962,-0.0
86780,0.16800349866730793,-4.7606213568784295,-0.0
86790,0.2023923130476555,-4.757621974402322,-0.0
86800,0.23673438104840527,-4.7543723972624505,-0.0
86810,0.27102787078983265,-4.75087332584153,-0.0
86820,0.3052709607805446,-4.747125473759841,-0.0
86830,0.339461840003511,-4.7431295677209215,-0.0
86840,0.37359870799980144,-4.7388863473570435,-0.0
86850,0.407679774950034,-4.734396565074457,-0.0
86860,0.4417032617535434,-4.72966098589843,-0.0
86870,0.4756674001052842,-4.724680387318191,-0.0
86880,0.5095704325704721,-4.719455559131694,-0.0
86890,0.5434106126569779,-4.713987303290325,-0.0
86900,0.577186204885489,-4.708276433743582,-0.0
86910,0.6108954848574394,-4.702323776283678,-0.0
86920,0.6445367393207312,-4.696130168390194,-0.0
86930,0.6781082662332552,-4.689696459074774,-0.0
86940,0.7116083748242245,-4.6830235087258805,-0.0
86950,0.7450353856533276,-4.676112188953632,-0.0
86960,0.7783876306677312,-4.668963382434824,-0.0
86970,0.8116634532569283,-4.661577982758074,-0.0
86980,0.8448612083054549,-4.653956894269152,-0.0
86990,0.8779792622434945,-4.646101031916571,-0.0
87000,0.9110159930953747,-4.638011321097387,-0.0
87010,0.943969790525978,-4.629688697503284,-0.0
87020,0.976839055885085,-4.621134106966986,-0.0
87030,1.0096222022496582,-4.612348505308962,-0.0
87040,1.0423176544640886,-4.603332858184516,-0.0
87050,1.0749238491784263,-4.594088140931267,-0.0
87060,1.1074392348845934,-4.584615338416989,-0.0
87070,1.1398622719506255,-4.5749154448879645,-0.0
87080,1.1721914326529306,-4.56498946381772,-0.0
87090,1.2044252012066061,-4.554838407756304,-0.0
87100,1.236562073793814,-4.54446329818004,-0.0
87110,1.2686005585902438,-4.533865165341813,-0.0
87120,1.300539175789685,-4.523045048121948,-0.0
87130,1.332376457626713,-4.51200399387962,-0.0
87140,1.3641109483975196,-4.500743058304887,-0.0
87150,1.395741204478908,-4.489263305271348,-0.0
87160,1.4272657943454647,-4.477565806689448,-0.0
87170,1.4586832985849283,-4.465651642360424,-0.0
87180,1.4899923099117884,-4.4535218998309745,-0.0
87190,1.521191433179117,-4.441177674248608,-0.0
87200,1.5522792853886598,-4.42862006821773,-0.0
87210,1.5832544956992118,-4.415850191656462,-0.0
87220,1.6141157054332957,-4.402869161654247,-0.0
87230,1.64486156808216,-4.38967810233023,-0.0
87240,1.6754907493091185,-4.376278144692414,-0.0
87250,1.706001926951261,-4.362670426497684,-0.0
87260,1.7363937910195404,-4.348856092112622,-0.0
87270,1.7666650436972784,-4.334836292375207,-0.0
87280,1.7968143993370835,-4.320612184457352,-0.0
87290,1.8268405844562356,-4.306184931728367,-0.0
87300,1.8567423377305314,-4.29155570361929,-0.0
87310,1.886518409986622,-4.27672567548814,-0.0
87320,1.9161675641928722,-4.261696028486112,-0.0
87330,1.9456885754487543,-4.246467949424715,-0.0
87340,1.975080230972791,-4.2310426306438496,-0.0
87350,2.0043413300891,-4.215421269880897,-0.0
87360,2.0334706842125088,-4.199605070140735,-0.0
87370,2.062467116832332,-4.183595239566819,-0.0
87380,2.0913294634947626,-4.167392991313224,-0.0
87390,2.120056571783944,-4.1509995434177105,-0.0
87400,2.1486473013017444,-4.134416118675871,-0.0
87410,2.177100523646224,-4.117643944516258,-0.0
87420,2.2054151223888487,-4.100684252876613,-0.0
87430,2.233589993050459,-4.083538280081134,-0.0
87440,2.26162404307602,-4.066207266718841,-0.0
87450,2.2895161918081657,-4.048692457522997,-0.0
87460,2.3172653704595776,-4.030995101251654,-0.0
87470,2.3448705220841983,-4.013116450569276,-0.0
87480,2.372330601547323,-3.9950577619294947,-0.0
87490,2.399644575494571,-3.976820295458958,-0.0
87500,2.4268114223197776,-3.9584053148423286,-0.0
87510,2.453830132131815,-3.9398140872084046,-0.0
87520,2.480699706720366,-3.9210478830173834,-0.0
87530,2.5074191595206923,-3.9021079759492694,-0.0
87540,2.53398751557737,-3.882995642793433,-0.0
87550,2.560403811507084,-3.863712163339343,-0.0
87560,2.5866670954604354,-3.844258820268437,-0.0
87570,2.6127764270828338,-3.8246368990471957,-0.0
87580,2.638730877474459,-3.8048476878213524,-0.0
87590,2.6645295291493447,-3.7848924773113137,-0.0
87600,2.69017147599358,-3.7647725607087423,-0.0
87610,2.715655823222668,-3.74448923357434,-0.0
87620,2.7409816873380577,-3.7240437937368123,-0.0
87630,2.766148196082854,-3.7034375411930216,-0.0
87640,2.7911544883967627,-3.682671778009357,-0.0
87650,2.8159997143702515,-3.6617478082242743,-0.0
87660,2.8406830351979773,-3.6406669377520604,-0.0
87670,2.865203623131478,-3.6194304742877814,-0.0
87680,2.88956066143118,-3.598039727213455,-0.0
87690,2.9137533443176964,-3.5764960075054075,-0.0
87700,2.9377808769224902,-3.554800627642856,-0.0
87710,2.961642475237869,-3.5329549015176824,-0.0
87720,2.9853373660663687,-3.510960144345418,-0.0
87730,3.0088647869695486,-3.4888176725774565,-0.0
87740,3.032223986216171,-3.4665288038144397,-0.0
87750,3.055414222729845,-3.4440948567208785,-0.0
87760,3.0784347660361195,-3.4215171509409723,-0.0
87770,3.101284896209036,-3.398797007015627,-0.0
87780,3.123963903817207,-3.3759357463006916,-0.0
87790,3.1464710898693755,-3.3529346908863897,-0.0
87800,3.168805765759527,-3.3297951635179466,-0.0
87810,3.1909672532115523,-3.306518487517439,-0.0
87820,3.2129548842234605,-3.28310598670681,-0.0
87830,3.2347680010112163,-3.2595589853321147,-0.0
87840,3.256405955952146,-3.2358788079889305,-0.0
87850,3.277868111527992,-3.2120667795489726,-0.0
87860,3.2991538402676093,-3.188124225087898,-0.0
87870,3.320262524689303,-3.1640524698142793,-0.0
87880,3.341193557242863,-3.1398528389997686,-0.0
87890,3.361946340251304,-3.115526657910457,-0.0
87900,3.3825202858522765,-3.0910752517393596,-0.0
87910,3.4029148159392557,-3.066499945540122,-0.0
87920,3.4231293621024483,-3.0418020641618586,-0.0
87930,3.443163365569475,-3.016982932185163,-0.0
87940,3.4630162771458237,-2.9920438738592687,-0.0
87950,3.482687557155113,-2.96698621304037,-0.0
87960,3.502176675379152,-2.941811273131077,-0.0
87970,3.5214831109978477,-2.916520377021022,-0.0
87980,3.5406063525289486,-2.891114847028603,-0.0
87990,3.5595458977676384,-2.865596004843836,-0.0
88000,3.5783012537260266,-2.8399651714723615,-0.0
88010,3.596871936572517,-2.814223667180548,-0.0
88020,3.6152574715710895,-2.7883728114417203,-0.0
88030,3.6334573930204925,-2.7624139228834825,-0.0
88040,3.651471244193398,-2.7363483192361597,-0.0
88050,3.669298577275464,-2.710177317282306,-0.0
88060,3.6869389533044195,-2.683902232807332,-0.0
88070,3.7043919421090825,-2.6575243805511892,-0.0
88080,3.721657122248387,-2.631045074161133,-0.0
88090,3.7387340809504286,-2.6044656261455605,-0.0
88100,3.7556224140515213,-2.5777873478288997,-0.0
88110,3.7723217259352944,-2.551011549307557,-0.0
88120,3.7888316294718316,-2.5241395394069057,-0.0
88130,3.805151745956876,-2.4971726256393088,-0.0
88140,3.8212817050511196,-2.470112114163187,-0.0
88150,3.8372211447195648,-2.4429593097430926,-0.0
88160,3.852969711170992,-2.4157155157108026,-0.0
88170,3.8685270587975444,-2.3883820339274253,-0.0
88180,3.883892850114443,-2.360960164746505,-0.0
88190,3.899066755699817,-2.3334512069781006,-0.0
88200,3.914048454134705,-2.3058564578538734,-0.0
88210,3.928837631943215,-2.2781772129931306,-0.0
88220,3.9434339835328465,-2.2504147663698406,-0.0
88230,3.9578372111350024,-2.222570410280605,-0.0
88240,3.9720470247456965,-2.1946454353135834,-0.0
88250,3.9860631420664747,-2.1666411303183537,-0.0
88260,3.999885288445537,-2.1385587823767085,-0.0
88270,4.013513196819093,-2.1103996767743674,-0.0
88280,4.026946607652977,-2.0821650969736187,-0.0
88290,4.040185268884476,-2.053856324586849,-0.0
88300,4.053228935864442,-2.025474639350981,-0.0
88310,4.066077371299668,-1.9970213191027943,-0.0
88320,4.0787303451955355,-1.9684976397551268,-0.0
88330,4.091187634798968,-1.939904875273946,-0.0
88340,4.103449024541653,-1.9112442976562745,-0.0
88350,4.115514305983601,-1.8825171769089775,-0.0
88360,4.127383277757009,-1.8537247810283815,-0.0
88370,4.139055745510442,-1.82486837598073,-0.0
88380,4.150531521853367,-1.7959492256834686,-0.0
88390,4.161810426301004,-1.7669685919873277,-0.0
88400,4.172892285219562,-1.737927734659226,-0.0
88410,4.183776931771806,-1.708827911365963,-0.0
88420,4.194464205863007,-1.679670377658694,-0.0
88430,4.204953954087251,-1.650456386958177,-0.0
88440,4.215246029674174,-1.6211871905408057,-0.0
88450,4.225340292436023,-1.5918640375253688,-0.0
88460,4.235236608715194,-1.562488174860589,-0.0
88470,4.244934851332091,-1.5330608473133664,-0.0
88480,4.254434899533488,-1.5035832974577814,-0.0
88490,4.2637366389412295,-1.4740567656647854,-0.0
88500,4.272839961501424,-1.444482490092627,-0.0
88510,4.281744765434031,-1.4148617066779536,-0.0
88520,4.290450955182912,-1.385195649127621,-0.0
88530,4.298958441366318,-1.3554855489111652,-0.0
88540,4.307267140727841,-1.325732635253957,-0.0
88550,4.315376976087802,-1.295938135131002,-0.0
88560,4.323287876295143,-1.2661032732614046,-0.0
88570,4.33099977617977,-1.2362292721034642,-0.0
88580,4.338512616505366,-1.2063173518503982,-0.0
88590,4.3458263439227,-1.176368730426688,-0.0
88600,4.352940910923443,-1.146384623485042,-0.0
88610,4.359856275794432,-1.1163662444039455,-0.0
88620,4.366572402572483,-1.0863148042858097,-0.0
88630,4.373089260999676,-1.0562315119557024,-0.0
88640,4.379406826479176,-1.0261175739606423,-0.0
88650,4.385525080031539,-0.99597419456946,-0.0
88660,4.391444008251573,-0.9658025757732097,-0.0
88670,4.397163603265687,-0.9356039172861177,-0.0
88680,4.402683862689799,-0.9053794165470668,-0.0
88690,4.408004789587768,-0.8751302687216014,-0.0
88700,4.413126392430344,-0.8448576667044404,-0.0
88710,4.418048685054692,-0.8145628011224965,-0.0
88720,4.422771686624445,-0.7842468603383883,-0.0
88730,4.427295421590299,-0.7539110304544273,-0.0
88740,4.431619919651165,-0.7235564953170858,-0.0
88750,4.435745215715899,-0.6931844365219221,-0.0
88760,4.439671349865559,-0.6627960334189622,-0.0
88770,4.443398367316252,-0.6323924631185212,-0.0
88780,4.446926318382523,-0.60197490049746,-0.0
88790,4.450255258441349,-0.5715445182058668,-0.0
88800,4.4533852478966605,-0.5411024866741495,-0.0
88810,4.456316352144481,-0.5106499741205345,-0.0
88820,4.459048641538623,-0.4801881465589606,-0.0
88830,4.461582191356968,-0.4497181678073563,-0.0
88840,4.463917081768325,-0.4192411994962926,-0.0
88850,4.466053397799898,-0.38875840107800325,-0.0
88860,4.467991229305315,-0.3582709298357589,-0.0
88870,4.4697306709332665,-0.3277799408935892,-0.0
88880,4.471271822096722,-0.2972865872263406,-0.0
88890,4.472614786942758,-0.26679201967006294,-0.0
88900,4.473759674322977,-0.2362973869327134,-0.0
88910,4.474706597764518,-0.20580383560516852,-0.0
88920,4.475455675441673,-0.17531251017253488,-0.0
88930,4.476007030148121,-0.1448245530257507,-0.0
88940,4.476360789269738,-0.11434110447346561,-0.0
88950,4.476517084758025,-0.08386330275419197,-0.0
88960,4.47647605310416,-0.0533922840487179,-0.0
88970,4.476237835313638,-0.022929182492771077,-0.0
88980,4.475802576881512,0.0075248698100744,-0.0
88990,4.475170427768277,0.03796874277525777,-0.0
89000,4.474341542376339,0.06840130832386783,-0.0
89010,4.4733160795271,0.09882144036906432,-0.0
89020,4.472094202438672,0.12922801480229398,-0.0
89030,4.4706760787041775,0.1596199094793103,-0.0
89040,4.469061880270699,0.18999600420600662,-0.0
89050,4.467251783418814,0.22035518072407104,-0.0
89060,4.465245968742761,0.2506963226964728,-0.0
89070,4.463044621131215,0.28101831569278923,-0.0
89080,4.460647929748694,0.3113200471743825,-0.0
89090,4.458056088017549,0.3416004064794336,-0.0
89100,4.455269293600618,0.3718582848078468,-0.0
89110,4.452287748384454,0.4020925752060273,-0.0
89120,4.449111658463188,0.432302172551547,-0.0
89130,4.445741234123022,0.462485973537705,-0.0
89140,4.442176689827309,0.4926428766579899,-0.0
89150,4.438418244202269,0.5227717821904555,-0.0
89160,4.43446612002332,0.5528715921820189,-0.0
89170,4.430320544202027,0.5829412104326882,-0.0
89180,4.425981747773641,0.6129795424797274,-0.0
89190,4.421449965885293,0.6429854955817732,-0.0
89200,4.41672543778477,0.6729579787029053,-0.0
89210,4.411808406809911,0.7028959024966819,-0.0
89220,4.406699120378626,0.7327981792901527,-0.0
89230,4.401397829979515,0.7626637230678511,-0.0
89240,4.395904791163108,0.7924914494557825,-0.0
89250,4.390220263533694,0.8222802757054055,-0.0
89260,4.384344510741793,0.8520291206776324,-0.0
89270,4.378277800477186,0.8817369048268359,-0.0
89280,4.372020404462607,0.9114025501848922,-0.0
89290,4.365572598447996,0.9410249803452518,-0.0
89300,4.358934662205371,0.9706031204470561,-0.0
89310,4.352106879524303,1.000135897159306,-0.0
89320,4.34508953820799,1.02962223866509,-0.0
89330,4.337882930069929,1.0590610746458822,-0.0
89340,4.330487350931179,1.0884513362659158,-0.0
89350,4.322903100618231,1.1177919561566443,-0.0
89360,4.3151304829614645,1.1470818684012947,-0.0
89370,4.307169805794183,1.1763200085195222,-0.0
89380,4.299021380952262,1.2055053134521796,-0.0
89390,4.290685524274377,1.234636721546204,-0.0
89400,4.2821625556027945,1.2637131725396271,-0.0
89410,4.273452798784781,1.292733607546727,-0.0
89420,4.264556581674576,1.3216969690433216,-0.0
89430,4.255474236135925,1.3506022008522098,-0.0
89440,4.246206098045222,1.379448248128781,-0.0
89450,4.236752507295208,1.4082340573467873,-0.0
89460,4.22711380779924,1.4369585762842951,-0.0
89470,4.217290347496127,1.4656207540098176,-0.0
89480,4.207282478355541,1.4942195408686472,-0.0
89490,4.197090556383981,1.5227538884693814,-0.0
89500,4.186714941631304,1.5512227496706652,-0.0
89510,4.1761559981978085,1.5796250785681412,-0.0
89520,4.165414094241878,1.6079598304816372,-0.0
89530,4.154489601988165,1.6362259619425747,-0.0
89540,4.143382897736332,1.664422430681626,-0.0
89550,4.132094361870341,1.6925481956166184,-0.0
89560,4.120624378868271,1.7206022168406974,-0.0
89570,4.108973337312686,1.7485834556107493,-0.0
89580,4.097141629901539,1.7764908743361056,-0.0
89590,4.085129653459586,1.8043234365675174,-0.0
89600,4.072937808950368,1.832080106986428,-0.0
89610,4.060566501488669,1.8597598513945361,-0.0
89620,4.0480161403535435,1.887361636703668,-0.0
89630,4.035287139001814,1.9148844309259536,-0.0
89640,4.022379915082127,1.9423272031643328,-0.0
89650,4.00929489044948,1.9696889236033814,-0.0
89660,3.9960324911802743,1.9969685635004737,-0.0
89670,3.9825931475878704,2.0241650951772945,-0.0
89680,3.968977294238632,2.051277492011692,-0.0
89690,3.9551853699684605,2.0783047284298912,-0.0
89700,3.9412178178998283,2.1052457798990822,-0.0
89710,3.927075085459296,2.132099622920368,-0.0
89720,3.912757624395502,2.1588652350221067,-0.0
89730,3.898265890797629,2.185541594753631,-0.0
89740,3.8836003451143446,2.212127681679369,-0.0
89750,3.8687614521732168,2.238622476373373,-0.0
89760,3.853749681200566,2.2650249604142485,-0.0
89770,3.838565505841804,2.291334116380512,-0.0
89780,3.823209404182205,2.3175489278463703,-0.0
89790,3.8076818587681225,2.3436683793779274,-0.0
89800,3.7919833566286685,2.3696914565298486,-0.0
89810,3.7761143892978115,2.395617145842454,-0.0
89820,3.7600754528369005,2.4214444348392763,-0.0
89830,3.74386704785764,2.4471723120250846,-0.0
89840,3.727489679545467,2.472799766884371,-0.0
89850,3.7109438576833442,2.498325789880318,-0.0
89860,3.6942300966759767,2.523749372454249,-0.0
89870,3.6773489155744086,2.5490695070255684,-0.0
89880,3.660300838101058,2.5742851869922125,-0.0
89890,3.6430863926750967,2.5993954067315856,-0.0
89900,3.6257061124382584,2.6243991616020255,-0.0
89910,3.608160535281003,2.649295447944782,-0.0
89920,3.5904502038690693,2.674083263086526,-0.0
89930,3.5725756656703886,2.698761605342386,-0.0
89940,3.554537472982374,2.7233294740195424,-0.0
89950,3.536336182959536,2.7477858694213317,-0.0
89960,3.5179723576415,2.772129792851964,-0.0
89970,3.499446563981314,2.7963602466217456,-0.0
89980,3.4807593738741285,2.8204762340529,-0.0
89990,3.46191136418619,2.844476759485958,-0.0
90000,3.44290311678417,2.868360828286737,-0.0
90010,3.4237352185647985,2.8921274468538836,-0.0
90020,3.4044082614848277,2.915775622627052,-0.0
90030,3.384922842591271,2.939304364095646,-0.0
90040,3.365279564051961,2.9627126808081896,-0.0
90050,3.345479033186389,2.9859995833823096,-0.0
90060,3.3255218624968235,3.009164083515339,-0.0
90070,3.305408669699709,3.0322051939955483,-0.0
90080,3.2851400777573243,3.055121928714013,-0.0
90090,3.264716714909705,3.0779133026771146,-0.0
90100,3.2441392147068195,3.1005783320197033,-0.0
90110,3.2234082160409776,3.1231160340188944,-0.0
90120,3.2025243631794966,3.145525427108551,-0.0
90130,3.18148830579757,3.1678055308944,-0.0
90140,3.1603006990113682,3.189955366169845,-0.0
90150,3.1389622034113684,3.21197395493246,-0.0
90160,3.1174734850958457,3.2338603204011362,-0.0
90170,3.095835215704602,3.2556134870339544,-0.0
90180,3.0740480724528565,3.2772324805467328,-0.0
90190,3.052112738165326,3.298716327932284,-0.0
90200,3.030029901310467,3.320064057480379,-0.0
90210,3.0078002560348827,3.341274698798418,-0.0
90220,2.9854245021978825,3.362347282832834,-0.0
90230,2.9629033454061826,3.3832808418912053,-0.0
90240,2.9402374970487384,3.4040744096651108,-0.0
90250,2.9174276743317082,3.424727021253712,-0.0
90260,2.894474600313525,3.445237713188085,-0.0
90270,2.8713790039400755,3.465605523456286,-0.0
90280,2.84814162007998,3.485829491529184,-0.0
90290,2.824763189559955,3.505908658387036,-0.0
90300,2.801244459200259,3.525842066546844,-0.0
90310,2.777586181850185,3.5456287600904397,-0.0
90320,2.7537891164236443,3.5652677846933956,-0.0
90330,2.7298540279347714,3.5847581876546712,-0.0
90340,2.7057816875335705,3.6040990179270542,-0.0
90350,2.681572872541597,3.6232893261483903,-0.0
90360,2.6572283664876473,3.6423281646736005,-0.0
90370,2.6327489591434627,3.661214587607501,-0.0
90380,2.6081354465594146,3.6799476508384052,-0.0
90390,2.5833886311001977,3.698526412072561,-0.0
90400,2.5585093214804693,3.7169499308693603,-0.0
90410,2.5334983328004776,3.735217268677394,-0.0
90420,2.5083564865816177,3.753327488871295,-0.0
90430,2.4830846108019538,3.7712796567894338,-0.0
90440,2.4576835399316486,3.789072839772406,-0.0
90450,2.432154114968322,3.806706107202369,-0.0
90460,2.4064971834723203,3.824178530543215,-0.0
90470,2.3807135996018696,3.841489183381559,-0.0
90480,2.3548042241481206,3.8586371414685816,-0.0
90490,2.3287699245700653,3.8756214827627167,-0.0
90500,2.302611575029309,3.892441287473175,-0.0
90510,2.2763300564246918,3.9090956381043176,-0.0
90520,2.249926256426748,3.9255836195008884,-0.0
90530,2.2234010695119926,3.941904318894105,-0.0
90540,2.1967553969970033,3.958056825948587,-0.0
90550,2.169990147072323,3.9740402328101685,-0.0
90560,2.1431062348361327,3.9898536341545596,-0.0
90570,2.1161045823276994,4.005496127236871,-0.0
90580,2.0889861185606,4.020966811942027,-0.0
90590,2.0617517795556632,4.036264790836006,-0.0
90600,2.0344025083736854,4.051389169218012,-0.0
90610,2.006939255147831,4.066339055173458,-0.0
90620,1.9793629771157633,4.081113559627861,-0.0
90630,1.9516746386514725,4.0957117964016225,-0.0
90640,1.9238752112967663,4.110132882265641,-0.0
90650,1.89596567379245,4.124375936997853,-0.0
90660,1.867947012109152,4.138440083440628,-0.0
90670,1.8398202194777875,4.152324447559047,-0.0
90680,1.811586296419658,4.1660281585000725,-0.0
90690,1.7832462507761562,4.179550348652588,-0.0
90700,1.7548010977380741,4.192890153708328,-0.0
90710,1.7262518598745002,4.206046712723697,-0.0
90720,1.6975995671612816,4.21901916818246,-0.0
90730,1.6688452570090446,4.231806666059325,-0.0
90740,1.639989974290762,4.244408355884399,-0.0
90750,1.6110347713688447,4.256823390808545,-0.0
90760,1.5819807081217427,4.26905092766959,-0.0
90770,1.5528288519700602,4.281090127059455,-0.0
90780,1.5235802779021357,4.292940153392129,-0.0
90790,1.4942360684991054,4.304600174972542,-0.0
90800,1.464797313959415,4.3160693640663075,-0.0
90810,1.435265112122773,4.327346896970349,-0.0
90820,1.4056405684935276,4.338431954084392,-0.0
90830,1.3759247962634524,4.3493237199833334,-0.0
90840,1.34611891633393,4.3600213834904835,-0.0
90850,1.316224057337509,4.370524137751672,-0.0
90860,1.2862413556588288,4.380831180310218,-0.0
90870,1.2561719554548894,4.390941713182769,-0.0
90880,1.2260170086746567,4.400854942935994,-0.0
90890,1.1957776750779816,4.410570080764137,-0.0
90900,1.1654551222538245,4.420086342567419,-0.0
90910,1.135050525637762,4.429402949031299,-0.0
90920,1.104565068528765,4.438519125706566,-0.0
90930,1.0739999421052289,4.4474341030902815,-0.0
90940,1.0433563454402477,4.456147116707563,-0.0
90950,1.012635485516104,4.4646574071941885,-0.0
90960,0.9818385772379686,4.472964220380043,-0.0
90970,0.9509668434467908,4.481066807373371,-0.0
90980,0.9200215149313623,4.488964424645867,-0.0
90990,0.889003830439538,4.496656334118549,-0.0
91000,0.857915036688602,4.504141803248471,-0.0
91010,0.8267563883747586,4.5114201051162155,-0.0
91020,0.7955291481817306,4.518490518514182,-0.0
91030,0.7642345867884547,4.52535232803566,-0.0
91040,0.7328739828758533,4.532004824164704,-0.0
91050,0.7014486231326642,4.538447303366741,-0.0
91060,0.669959802260322,4.544679068179991,-0.0
91070,0.6384088229768607,4.550699427307606,-0.0
91080,0.6067969960198344,4.55650769571059,-0.0
91090,0.5751256401482285,4.562103194701433,-0.0
91100,0.5433960821433567,4.567485252038508,-0.0
91110,0.5116096568087167,4.572653202021172,-0.0
91120,0.4797677069687941,4.577606385585589,-0.0
91130,0.44787158346679873,4.582344150401264,-0.0
91140,0.4159226451613142,4.586865850968279,-0.0
91150,0.383922258921845,4.591170848715197,-0.0
91160,0.3518717996232465,4.595258512097661,-0.0
91170,0.3197726501390228,4.599128216697668,-0.0
91180,0.2876262013334692,4.602779345323461,-0.0
91190,0.2554338520526542,4.606211288110124,-0.0
91200,0.22319700911421378,4.609423442620754,-0.0
91210,0.1909170872959511,4.6124152139483,-0.0
91220,0.15859550932321842,4.615186014817979,-0.0
91230,0.1262337058550712,4.617735265690329,-0.0
91240,0.09383311546917328,4.6200623948647905,-0.0
91250,0.06139518464544207,4.622166838583934,-0.0
91260,0.02892136774841423,4.624048041138192,-0.0
91270,-0.0035868729916818626,4.625705454971149,-0.0
91280,-0.036128067499162614,4.627138540785388,-0.0
91290,-0.0687007378744508,4.628346767648833,-0.0
91300,-0.10130339841697727,4.629329613101601,-0.0
91310,-0.1339345556494379,4.6300865632633466,-0.0
91320,-0.16659270834342185,4.630617112941096,-0.0
91330,-0.1992763475464246,4.6309207657375,-0.0
91340,-0.23198395661026297,4.630997034159586,-0.0
91350,-0.26471401122090504,4.630845439727895,-0.0
91360,-0.29746497942973055,4.630465513086052,-0.0
91370,-0.3302353216862373,4.6298567941107285,-0.0
91380,-0.36302349087220503,4.629018832021973,-0.0
91390,-0.3958279323373353,4.627951185493927,-0.0
91400,-0.4286470839363789,4.626653422765863,-0.0
91410,-0.46147937606776396,4.625125121753552,-0.0
91420,-0.4943232317137424,4.6233658701609555,-0.0
91430,-0.5271770664820629,4.621375265592185,-0.0
91440,-0.5600392886491914,4.619152915663751,-0.0
91450,-0.592908299205084,4.616698438117056,-0.0
91460,-0.6257824918995311,4.614011460931111,-0.0
91470,-0.658660253290086,4.611091622435487,-0.0
91480,-0.691539962791585,4.607938571423436,-0.0
91490,-0.7244199927272805,4.604551967265203,-0.0
91500,-0.7572987083815904,4.600931480021475,-0.0
91510,-0.7901744680544807,4.597076790556965,-0.0
91520,-0.8230456231174944,4.592987590654115,-0.0
91530,-0.8559105180714366,4.588663583126876,-0.0
91540,-0.888767490605722,4.584104481934552,-0.0
91550,-0.92161487165941,4.579310012295701,-0.0
91560,-0.954450985483921,4.57427991080204,-0.0
91570,-0.9872741497074548,4.569013925532353,-0.0
91580,-1.020082675401126,4.563511816166389,-0.0
91590,-1.0528748671468136,4.5577733540986936,-0.0
91600,-1.08564902310674,4.551798322552365,-0.0
91610,-1.1184034350947964,4.545586516692732,-0.0
91620,-1.1511363886496178,4.539137743740909,-0.0
91630,-1.183846163109403,4.532451823087165,-0.0
91640,-1.216531031688524,4.525528586404196,-0.0
91650,-1.2491892615558895,4.518367877760129,-0.0
91660,-1.2818191139151076,4.510969553731355,-0.0
91670,-1.3144188440864253,4.503333483515074,-0.0
91680,-1.3469867015904817,4.495459549041606,-0.0
91690,-1.3795209302338542,4.487347645086378,-0.0
91700,-1.4120197681964253,4.478997679381594,-0.0
91710,-1.444481448120557,4.470409572727531,-0.0
91720,-1.4769041972021033,4.461583259103495,-0.0
91730,-1.5092862372832414,4.452518685778328,-0.0
91740,-1.5416257849471413,4.443215813420496,-0.0
91750,-1.5739210516144782,4.433674616207728,-0.0
91760,-1.6061702436417826,4.423895081936132,-0.0
91770,-1.638371562421647,4.413877212128821,-0.0
91780,-1.67052320448477,4.403621022143956,-0.0
91790,-1.7026233616038724,4.393126541282248,-0.0
91800,-1.7346702208994573,4.3823938128938265,-0.0
91810,-1.7666619649474382,4.371422894484485,-0.0
91820,-1.7985967718886202,4.360213857821245,-0.0
91830,-1.8304728155400536,4.348766789037241,-0.0
91840,-1.8622882655082433,4.337081788735875,-0.0
91850,-1.8940412873042276,4.325158972094199,-0.0
91860,-1.9257300424605168,4.312998468965533,-0.0
91870,-1.9573526886499035,4.300600423981253,-0.0
91880,-1.9889073798061263,4.287964996651736,-0.0
91890,-2.0203922662464,4.275092361466416,-0.0
91900,-2.051805494795807,4.261982707992941,-0.0
91910,-2.083145208913541,4.248636240975389,-0.0
91920,-2.1144095488210137,4.235053180431501,-0.0
91930,-2.1455966516317995,4.221233761748909,-0.0
91940,-2.1767046514834383,4.207178235780348,-0.0
91950,-2.2077316796710797,4.192886868937776,-0.0
91960,-2.238675864782959,4.178359943285404,-0.0
91970,-2.2695353328377084,4.163597756631592,-0.0
91980,-2.300308207423498,4.1486006226195915,-0.0
91990,-2.3309926098389915,4.13336887081707,-0.0
92000,-2.3615866592361163,4.1179028468044265,-0.0
92010,-2.3920884727646405,4.102202912261839,-0.0
92020,-2.4224961657185395,4.086269445055009,-0.0
92030,-2.452807851684158,4.070102839319595,-0.0
92040,-2.483021642690154,4.053703505544286,-0.0
92050,-2.5131356493591923,4.037071870652464,-0.0
92060,-2.543147981061419,4.0202083780824625,-0.0
92070,-2.5730567460696734,4.003113487866373,-0.0
92080,-2.6028600517164246,3.9857876767073277,-0.0
92090,-2.6325560045524523,3.9682314380553043,-0.0
92100,-2.662142710507225,3.9504452821813514,-0.0
92110,-2.6916182750509683,3.9324297362502185,-0.0
92120,-2.720980803358437,3.914185344391392,-0.0
92130,-2.7502284004743323,3.895712667768452,-0.0
92140,-2.7793591714803894,3.8770122846467694,-0.0
92150,-2.8083712216640913,3.8580847904594577,-0.0
92160,-2.837262656689009,3.8389307978716007,-0.0
92170,-2.866031582766745,3.819550936842688,-0.0
92180,-2.894676106830457,3.7999458546872202,-0.0
92190,-2.9231943367099555,3.7801162161335005,-0.0
92200,-2.9515843813083418,3.760062703380511,-0.0
92210,-2.979844350780194,3.739786016152917,-0.0
92220,-3.0079723567112358,3.719286871754095,-0.0
92230,-3.0359665122995123,3.698566005117212,-0.0
92240,-3.0638249325380262,3.6776241688542832,-0.0
92250,-3.091545734398817,3.656462133303206,-0.0
92260,-3.1191270370184627,3.635080686572716,-0.0
92270,-3.1465669618849907,3.6134806345852613,-0.0
92280,-3.173863633026139,3.5916628011177276,-0.0
92290,-3.2010151771990043,3.569628027840033,-0.0
92300,-3.2280197240809705,3.5473771743514977,-0.0
92310,-3.254875406461982,3.524911118215034,-0.0
92320,-3.2815803604380474,3.5022307549890535,-0.0
92330,-3.3081327256060304,3.4793369982571334,-0.0
92340,-3.334530645259623,3.4562307796553418,-0.0
92350,-3.3607722665865314,3.4329130488972517,-0.0
92360,-3.386855740866822,3.4093847737965963,-0.0
92370,-3.4127792236723695,3.38564694028749,-0.0
92380,-3.438540875067463,3.3617005524423056,-0.0
92390,-3.4641388598104244,3.337546632487034,-0.0
92400,-3.4895713475563093,3.3131862208142184,-0.0
92410,-3.514836513060581,3.288620375993361,-0.0
92420,-3.5399325363837986,3.263850174778832,-0.0
92430,-3.564857603097209,3.2388767121151973,-0.0
92440,-3.5896099044892673,3.213701101139992,-0.0
92450,-3.6141876377730418,3.188324473183898,-0.0
92460,-3.638589006294424,3.1627479777682677,-0.0
92470,-3.6628122197411876,3.1369727826000373,-0.0
92480,-3.686855494352768,3.111000073563929,-0.0
92490,-3.7107170531308173,3.0848310547119935,-0.0
92500,-3.73439512605042,3.0584669482504085,-0.0
92510,-3.75788795027199,3.031908994523558,-0.0
92520,-3.7811937703537644,3.0051584519953303,-0.0
92530,-3.8043108384648976,2.9782165972276555,-0.0
92540,-3.8272374145990846,2.9510847248562304,-0.0
92550,-3.849971766788683,2.9237641475634177,-0.0
92560,-3.872512171319308,2.89625619604832,-0.0
92570,-3.8948569129448374,2.868562218993981,-0.0
92580,-3.917004285102801,2.84068358303172,-0.0
92590,-3.938952590130091,2.8126216727025573,-0.0
92600,-3.960700139479001,2.7843778904157532,-0.0
92610,-3.9822452539334834,2.7559536564044,-0.0
92620,-4.003586263825633,2.7273504086780824,-0.0
92630,-4.024721509252333,2.698569602972578,-0.0
92640,-4.045649340292024,2.6696127126965874,-0.0
92650,-4.0663681172215425,2.6404812288754833,-0.0
92660,-4.0868762107330125,2.611176660092067,-0.0
92670,-4.107172002150691,2.5817005324243025,-0.0
92680,-4.127253883647783,2.552054389380048,-0.0
92690,-4.147120258463155,2.522239791828755,-0.0
92700,-4.166769541117864,2.4922583179301174,-0.0
92710,-4.186200157631525,2.462111563059682,-0.0
92720,-4.205410545738415,2.4318011397314048,-0.0
92730,-4.2243991551033,2.401328677517139,-0.0
92740,-4.2431644475368975,2.3706958229630524,-0.0
92750,-4.261704897210977,2.3399042395029723,-0.0
92760,-4.280018990873015,2.3089556073686524,-0.0
92770,-4.298105228060366,2.2778516234969466,-0.0
92780,-4.3159621213138974,2.2465940014339023,-0.0
92790,-4.333588196391047,2.2151844712357613,-0.0
92800,-4.350981992478249,2.183624779366864,-0.0
92810,-4.368142062402674,2.151916688594467,-0.0
92820,-4.385066972843249,2.1200619778804652,-0.0
92830,-4.401755304540893,2.0880624422700222,-0.0
92840,-4.418205652507913,2.055919892777109,-0.0
92850,-4.434416626236537,2.023636156266956,-0.0
92860,-4.450386849906492,1.9912130753354182,-0.0
92870,-4.466114962591645,1.9586525081852737,-0.0
92880,-4.48159961846555,1.9259563284994246,-0.0
92890,-4.4968394870059765,1.893126425311052,-0.0
92900,-4.511833253198262,1.8601647028706985,-0.0
92910,-4.5265796177374975,1.8270730805102973,-0.0
92920,-4.541077297229478,1.7938534925041631,-0.0
92930,-4.555325024390382,1.7605078879269473,-0.0
92940,-4.569321548245082,1.7270382305085648,-0.0
92950,-4.5830656343240905,1.6934464984861077,-0.0
92960,-4.596556064859094,1.6597346844527765,-0.0
92970,-4.609791638976946,1.6259047952038042,-0.0
92980,-4.6227711728921665,1.59195885157942,-0.0
92990,-4.63549350009783,1.5578988883048555,-0.0
93000,-4.6479574715548315,1.5237269538274143,-0.0
93010,-4.660161955879448,1.489445110150612,-0.0
93020,-4.672105839529183,1.4550554326654235,-0.0
93030,-4.683788026986796,1.4205600099786295,-0.0
93040,-4.695207440942506,1.3859609437383122,-0.0
93050,-4.70636302247433,1.351260348456503,-0.0
93060,-4.717253731226446,1.3164603513290045,-0.0
93070,-4.727878545585602,1.281563092052418,-0.0
93080,-4.738236462855464,1.2465707226383902,-0.0
93090,-4.748326499428921,1.2114854072251182,-0.0
93100,-4.758147690958209,1.1763093218861178,-0.0
93110,-4.767699092522902,1.1410446544363038,-0.0
93120,-4.776979778795653,1.1056936042353933,-0.0
93130,-4.785988844205666,1.0702583819886673,-0.0
93140,-4.7947254030998545,1.0347412095451196,-0.0
93150,-4.803188589901631,0.999144319693023,-0.0
93160,-4.811377559267272,0.9634699559529393,-0.0
93170,-4.819291486239874,0.9277203723682195,-0.0
93180,-4.826929566400726,0.8918978332929994,-0.0
93190,-4.834291016018227,0.8560046131777604,-0.0
93200,-4.841375072194137,0.8200429963524566,-0.0
93210,-4.84818099300725,0.7840152768072675,-0.0
93220,-4.854708057654349,0.7479237579709967,-0.0
93230,-4.860955566588467,0.7117707524871658,-0.0
93240,-4.866922841654397,0.6755585819878351,-0.0
93250,-4.872609226221345,0.6392895768651855,-0.0
93260,-4.87801408531282,0.6029660760409153,-0.0
93270,-4.883136805733575,0.5665904267334778,-0.0
93280,-4.887976796193659,0.530164984223208,-0.0
93290,-4.892533487429494,0.49369211161538074,-0.0
93300,-4.896806332321982,0.457174179601241,-0.0
93310,-4.900794806011516,0.4206135662170492,-0.0
93320,-4.904498406009991,0.38401265660119016,-0.0
93330,-4.907916652309642,0.34737384274938427,-0.0
93340,-4.911049087488802,0.31069952326805467,-0.0
93350,-4.913895276814404,0.27399210312588734,-0.0
93360,-4.916454808341354,0.2372539934036416,-0.0
93370,-4.918727293008583,0.20048761104224963,-0.0
93380,-4.920712364731894,0.163695378589261,-0.0
93390,-4.9224096804934305,0.12687972394367583,-0.0
93400,-4.9238189204278715,0.09004308009922038,-0.0
93410,-4.924939787905201,0.05318788488611307,-0.0
93420,-4.925772009610131,0.016316580711373395,-0.0
93430,-4.926315335618051,-0.02056838570227527,-0.0
93440,-4.92656953946758,-0.05746456357885615,-0.0
93450,-4.926534418229587,-0.09436949835289069,-0.0
93460,-4.926209792572746,-0.13128073193439713,-0.0
93470,-4.925595506825549,-0.168195802975083,-0.0
93480,-4.924691429034766,-0.20511224713567627,-0.0
93490,-4.923497451020356,-0.24202759735434146,-0.0
93500,-4.922013488426735,-0.2789393841161228,-0.0
93510,-4.920239480770486,-0.31584513572336276,-0.0
93520,-4.918175391484405,-0.3527423785670359,-0.0
93530,-4.915821207957879,-0.3896286373989419,-0.0
93540,-4.913176941573643,-0.42650143560470377,-0.0
93550,-4.9102426277408115,-0.46335829547751106,-0.0
93560,-4.907018325924202,-0.5001967384925478,-0.0
93570,-4.90350411966999,-0.537014285582055,-0.0
93580,-4.8997001166275815,-0.5738084574109603,-0.0
93590,-4.895606448567777,-0.6105767746530218,-0.0
93600,-4.891223271397173,-0.6473167582674256,-0.0
93610,-4.8865507651688,-0.6840259297757757,-0.0
93620,-4.881589134088984,-0.7207018115394197,-0.0
93630,-4.87633860652044,-0.7573419270370495,-0.0
93640,-4.870799434981571,-0.7939438011425177,-0.0
93650,-4.864971896141971,-0.8305049604028059,-0.0
93660,-4.858856290814131,-0.8670229333160898,-0.0
93670,-4.852452943941358,-0.9034952506098407,-0.0
93680,-4.8457622045818605,-0.9399194455188944,-0.0
93690,-4.8387844458890665,-0.9762930540634425,-0.0
93700,-4.831520065088094,-1.0126136153268666,-0.0
93710,-4.823969483448446,-1.0488786717333711,-0.0
93720,-4.816133146252897,-1.0850857693253475,-0.0
93730,-4.808011522762553,-1.1212324580404027,-0.0
93740,-4.799605106178168,-1.1573162919880087,-0.0
93750,-4.790914413597601,-1.1933348297256883,-0.0
93760,-4.781939985969542,-1.2292856345347036,-0.0
93770,-4.772682388043429,-1.2651662746951613,-0.0
93780,-4.763142208315605,-1.3009743237604932,-0.0
93790,-4.753320058971715,-1.3367073608312448,-0.0
93800,-4.743216575825345,-1.372362970828108,-0.0
93810,-4.732832418252938,-1.4079387447641485,-0.0
93820,-4.72216826912495,-1.4434322800161514,-0.0
93830,-4.711224834733332,-1.4788411805950494,-0.0
93840,-4.700002844715304,-1.514163057415355,-0.0
93850,-4.688503051973422,-1.5493955285635395,-0.0
93860,-4.676726232592009,-1.5845362195653145,-0.0
93870,-4.664673185749929,-1.6195827636517404,-0.0
93880,-4.652344733629721,-1.6545328020241137,-0.0
93890,-4.639741721323157,-1.689383984117579,-0.0
93900,-4.6268650167331655,-1.7241339678633905,-0.0
93910,-4.613715510472243,-1.7587804199497938,-0.0
93920,-4.600294115757287,-1.7933210160814481,-0.0
93930,-4.586601768300914,-1.8277534412373355,-0.0
93940,-4.572639426199309,-1.862075389927124,-0.0
93950,-4.558408069816585,-1.8962845664458967,-0.0
93960,-4.543908701665718,-1.930378685127221,-0.0
93970,-4.529142346286061,-1.9643554705944828,-0.0
93980,-4.51411005011749,-1.9982126580104478,-0.0
93990,-4.498812881371175,-2.0319479933249838,-0.0
94000,-4.483251929897068,-2.0655592335209105,-0.0
94010,-4.467428307048055,-2.0990441468578958,-0.0
94020,-4.451343145540895,-2.132400513114377,-0.0
94030,-4.434997599313913,-2.165626123827444,-0.0
94040,-4.418392843381509,-2.1987187825306274,-0.0
94050,-4.401530073685522,-2.231676304989555,-0.0
94060,-4.384410506943472,-2.264496519435424,-0.0
94070,-4.3670353804937205,-2.297177266796233,-0.0
94080,-4.3494059521376025,-2.329716400925741,-0.0
94090,-4.331523499978548,-2.3621117888301018,-0.0
94100,-4.313389322258237,-2.394361310892112,-0.0
94110,-4.295004737189844,-2.4264628610930585,-0.0
94120,-4.276371082788395,-2.458414347232097,-0.0
94130,-4.257489716698291,-2.4902136911431287,-0.0
94140,-4.238362016018029,-2.521858828909126,-0.0
94150,-4.218989377122163,-2.553347711073869,-0.0
94160,-4.1993732154806,-2.5846783028510707,-0.0
94170,-4.179514965475153,-2.6158485843308,-0.0
94180,-4.159416080213561,-2.6468565506832262,-0.0
94190,-4.139078031340874,-2.6777002123596025,-0.0
94200,-4.118502308848351,-2.708377595290474,-0.0
94210,-4.097690420879852,-2.7388867410810502,-0.0
94220,-4.076643893535816,-2.7692257072037343,-0.0
94230,-4.0553642706748585,-2.7993925671877675,-0.0
94240,-4.033853113713024,-2.829385410805929,-0.0
94250,-4.01211200142076,-2.859202344258297,-0.0
94260,-3.9901425297176667,-2.88884149035301,-0.0
94270,-3.9679463114650413,-2.9183009886840106,-0.0
94280,-3.9455249762563214,-2.9475789958057477,-0.0
94290,-3.9228801702054192,-2.9766736854047866,-0.0
94300,-3.9000135557330395,-3.005583248468318,-0.0
94310,-3.876926811351021,-3.0343058934495337,-0.0
94320,-3.853621631444759,-3.0628398464298447,-0.0
94330,-3.8300997260537444,-3.0911833512779086,-0.0
94340,-3.806362820650294,-3.1193346698054505,-0.0
94350,-3.782412655916517,-3.1472920819198515,-0.0
94360,-3.7582509875195678,-3.175053885773484,-0.0
94370,-3.733879585885252,-3.202618397909769,-0.0
94380,-3.7093002359700145,-3.2299839534059385,-0.0
94390,-3.684514737031407,-3.25714890601249,-0.0
94400,-3.6595249023970444,-3.284111628289297,-0.0
94410,-3.634332559232124,-3.3108705117383757,-0.0
94420,-3.60893954830559,-3.337423966933292,-0.0
94430,-3.5833477237549367,-3.363770423645175,-0.0
94440,-3.55755895284978,-3.389908330965353,-0.0
94450,-3.5315751157541873,-3.415836157424566,-0.0
94460,-3.5053981052878647,-3.4415523911087678,-0.0
94470,-3.4790298266862405,-3.467055539771499,-0.0
94480,-3.4524721973595014,-3.4923441309428127,-0.0
94490,-3.4257271466506487,-3.5174167120347657,-0.0
94500,-3.398796615592613,-3.5422718504434414,-0.0
94510,-3.3716825566644864,-3.566908133647501,-0.0
94520,-3.344386933546957,-3.591324169303294,-0.0
94530,-3.3169117208769587,-3.61551858533647,-0.0
94540,-3.2892589040016253,-3.639490030030126,-0.0
94550,-3.261430478731585,-3.6632371721094694,-0.0
94560,-3.2334284510936535,-3.6867587008229856,-0.0
94570,-3.205254837083013,-3.710053326020161,-0.0
94580,-3.176911662414872,-3.733119778225679,-0.0
94590,-3.1484009622757214,-3.755956808710163,-0.0
94600,-3.1197247810742,-3.7785631895574308,-0.0
94610,-3.09088517219166,-3.8009377137282816,-0.0
94620,-3.0618841977324402,-3.823079195120788,-0.0
94630,-3.0327239282739598,-3.844986468627155,-0.0
94640,-3.0034064426166425,-3.866658390187098,-0.0
94650,-2.973933827533731,-3.8880938368377587,-0.0
94660,-2.9443081775210787,-3.9092917067602073,-0.0
94670,-2.914531594546916,-3.930250919322463,-0.0
94680,-2.884606187801713,-3.9509704151191394,-0.0
94690,-2.8545340734481193,-3.97144915600762,-0.0
94700,-2.824317374371095,-3.9916861251408786,-0.0
94710,-2.793958219928244,-4.011680326996861,-0.0
94720,-2.7634587457004205,-4.031430787404523,-0.0
94730,-2.732821093242663,-4.050936553566494,-0.0
94740,-2.702047409835483,-4.070196694078368,-0.0
94750,-2.671139848236596,-4.089210298944696,-0.0
94760,-2.6401005664331056,-4.107976479591637,-0.0
94770,-2.608931727394222,-4.126494368876307,-0.0
94780,-2.577635498824548,-4.144763121092871,-0.0
94790,-2.5462140529179798,-4.162781911975344,-0.0
94800,-2.514669566112277,-4.180549938697151,-0.0
94810,-2.4830042188443597,-4.198066419867502,-0.0
94820,-2.4512201953063424,-4.215330595524506,-0.0
94830,-2.4193196832024024,-4.232341727125157,-0.0
94840,-2.3873048735064955,-4.249099097532149,-0.0
94850,-2.3551779602209555,-4.265602010997532,-0.0
94860,-2.322941140136067,-4.281849793143309,-0.0
94870,-2.2905966125906048,-4.2978417909389055,-0.0
94880,-2.2581465792334185,-4.313577372675603,-0.0
94890,-2.2255932437860917,-4.329055927937944,-0.0
94900,-2.192938811806713,-4.344276867572117,-0.0
94910,-2.160185490454819,-4.359239623651383,-0.0
94920,-2.1273354882575313,-4.3739436494385355,-0.0
94930,-2.0943910148769387,-4.388388419345454,-0.0
94940,-2.0613542808787595,-4.402573428889761,-0.0
94950,-2.02822749750233,-4.416498194648622,-0.0
94960,-1.9950128764319517,-4.430162254209712,-0.0
94970,-1.9617126295696274,-4.443565166119376,-0.0
94980,-1.9283289688092544,-4.456706509828046,-0.0
94990,-1.894864105812265,-4.4695858856328945,-0.0
95000,-1.861320251784793,-4.482202914617802,-0.0
95010,-1.8276996172563722,-4.494557238590648,-0.0
95020,-1.7940044118602188,-4.506648520017969,-0.0
95030,-1.760236844115122,-4.518476441957012,-0.0
95040,-1.7263991212089775,-4.530040707985214,-0.0
95050,-1.6924934487840035,-4.541341042127172,-0.0
95060,-1.6585220307236561,-4.552377188779081,-0.0
95070,-1.6244870689412887,-4.563148912630727,-0.0
95080,-1.590390763170578,-4.573655998585059,-0.0
95090,-1.556235310757752,-4.583898251675365,-0.0
95100,-1.5220229064556394,-4.593875496980087,-0.0
95110,-1.4877557422195744,-4.603587579535324,-0.0
95120,-1.4534360070051873,-4.613034364245064,-0.0
95130,-1.4190658865681007,-4.622215735789165,-0.0
95140,-1.3846475632655548,-4.63113159852913,-0.0
95150,-1.3501832158599996,-4.639781876411725,-0.0
95160,-1.3156750193246602,-4.648166512870451,-0.0
95170,-1.2811251446511165,-4.65628547072496,-0.0
95180,-1.2465357586589043,-4.664138732078378,-0.0
95190,-1.2119090238071724,-4.671726298212658,-0.0
95200,-1.1772470980084038,-4.6790481894819225,-0.0
95210,-1.1425521344442366,-4.686104445203906,-0.0
95220,-1.10782628138339,-4.692895123549486,-0.0
95230,-1.0730716820017203,-4.699420301430353,-0.0
95240,-1.038290474204428,-4.705680074384886,-0.0
95250,-1.0034847904504292,-4.711674556462243,-0.0
95260,-0.9686567575789049,-4.717403880104713,-0.0
95270,-0.933808496638054,-4.7228681960283785,-0.0
95280,-0.8989421227160533,-4.728067673102126,-0.0
95290,-0.8640597447742473,-4.733002498225037,-0.0
95300,-0.8291634654825792,-4.7376728762022084,-0.0
95310,-0.7942553810572716,-4.74207902961903,-0.0
95320,-0.7593375811007769,-4.746221198713989,-0.0
95330,-0.7244121484439998,-4.75009964124998,-0.0
95340,-0.689481158990813,-4.7537146323842565,-0.0
95350,-0.6545466815648682,-4.757066464536979,-0.0
95360,-0.6196107777587081,-4.7601554472584,-0.0
95370,-0.5846755017852048,-4.7629819070948285,-0.0
95380,-0.5497429003313109,-4.765546187453267,-0.0
95390,-0.514815012414148,-4.767848648464893,-0.0
95400,-0.4798938692394263,-4.769889666847313,-0.0
95410,-0.44498149406221343,-4.771669635765746,-0.0
95420,-0.4100799020500437,-4.773188964693049,-0.0
95430,-0.37519110014838447,-4.77444807926873,-0.0
95440,-0.34031708694845636,-4.775447421156933,-0.0
95450,-0.30545985255741215,-4.776187447903439,-0.0
95460,-0.2706213784708781,-4.776668632791745,-0.0
95470,-0.23580363744785662,-4.776891464698223,-0.0
95480,-0.20100859338799631,-4.776856447946457,-0.0
95490,-0.16623820121122207,-4.776564102160702,-0.0
95500,-0.13149440673973473,-4.776014962118606,-0.0
95510,-0.09677914658237194,-4.775209577603192,-0.0
95520,-0.06209434802133203,-4.774148513254076,-0.0
95530,-0.02744192890125915,-4.772832348418086,-0.0
95540,0.007176202479313846,-4.77126167699919,-0.0
95550,0.041758147474167125,-4.769437107307877,-0.0
95560,0.07630201719324443,-4.767359261909941,-0.0
95570,0.11080593260415657,-4.765028777474768,-0.0
95580,0.14526802463134225,-4.7624463046231265,-0.0
95590,0.17968643425289219,-4.759612507774505,-0.0
95600,0.21405931259504266,-4.756528064994061,-0.0
95610,0.2483848210243431,-4.753193667839145,-0.0
95620,0.2826611312375083,-4.749610021205541,-0.0
95630,0.316886425348958,-4.7457778431733395,-0.0
95640,0.35105889597605633,-4.741697864852578,-0.0
95650,0.38517674632205723,-4.737370830228635,-0.0
95660,0.41923819025676384,-4.732797496007387,-0.0
95670,0.4532414523949159,-4.727978631460254,-0.0
95680,0.4871847681723078,-4.72291501826903,-0.0
95690,0.5210663839196569,-4.717607450370688,-0.0
95700,0.5548845569342221,-4.712056733802032,-0.0
95710,0.5886375555491961,-4.706263686544373,-0.0
95720,0.6223236592008715,-4.700229138368154,-0.0
95730,0.6559411584936019,-4.693953930677612,-0.0
95740,0.689488355262565,-4.68743891635549,-0.0
95750,0.7229635626343447,-4.680684959607842,-0.0
95760,0.756365105085339,-4.673692935808918,-0.0
95770,0.7896913184980188,-4.6664637313462345,-0.0
95780,0.8229405502150408,-4.658998243465792,-0.0
95790,0.8561111590912316,-4.651297380117492,-0.0
95800,0.8892015155434663,-4.643362059800805,-0.0
95810,0.9222100015984406,-4.63519321141066,-0.0
95820,0.9551350109383713,-4.62679177408366,-0.0
95830,0.9879749489446238,-4.6181586970445885,-0.0
95840,1.0207282327392955,-4.609294939453253,-0.0
95850,1.053393291224765,-4.600201470251714,-0.0
95860,1.0859685651212212,-4.59087926801188,-0.0
95870,1.1184525070022018,-4.5813293207835475,-0.0
95880,1.1508435813281443,-4.571552625942863,-0.0
95890,1.1831402644779774,-4.561550190041272,-0.0
95900,1.2153410447787647,-4.551323028654952,-0.0
95910,1.2474444225334191,-4.540872166234746,-0.0
95920,1.2794489100465172,-4.530198635956677,-0.0
95930,1.3113530316482123,-4.519303479572984,-0.0
95940,1.3431553237162859,-4.508187747263771,-0.0
95950,1.3748543346963433,-4.496852497489257,-0.0
95960,1.4064486251201733,-4.485298796842645,-0.0
95970,1.437936767622305,-4.473527719903665,-0.0
95980,1.469317346954762,-4.461540349092775,-0.0
95990,1.5005889600000448,-4.449337774526039,-0.0
96000,1.5317502157823757,-4.4369210938707795,-0.0
96010,1.5627997354771817,-4.424291412201879,-0.0
96020,1.593736152418895,-4.411449841858894,-0.0
96030,1.6245581121070474,-4.398397502303927,-0.0
96040,1.655264272210694,-4.3851355199802695,-0.0
96050,1.6858533025711917,-4.37166502817187,-0.0
96060,1.7163238852033547,-4.357987166863641,-0.0
96070,1.7466747142949839,-4.344103082602551,-0.0
96080,1.776904496204838,-4.330013928359657,-0.0
96090,1.8070119494590102,-4.315720863392933,-0.0
96100,1.83699580474579,-4.301225053111046,-0.0
96110,1.8668548049089853,-4.286527668938013,-0.0
96120,1.8965877049397495,-4.271629888178778,-0.0
96130,1.9261932719669352,-4.256532893885731,-0.0
96140,1.955670285245989,-4.241237874726179,-0.0
96150,1.9850175361464075,-4.225746024850771,-0.0
96160,2.014233828137795,-4.210058543762916,-0.0
96170,2.0433179767745133,-4.1941766361891615,-0.0
96180,2.0722688096789765,-4.17810151195061,-0.0
96190,2.1010851665235997,-4.1618343858353315,-0.0
96200,2.129765899011412,-4.145376477471787,-0.0
96210,2.158309870855385,-4.128729011203324,-0.0
96220,2.186715957756465,-4.111893215963687,-0.0
96230,2.2149830473803633,-4.094870325153613,-0.0
96240,2.243110039333098,-4.077661576518465,-0.0
96250,2.2710958451353322,-4.060268212026987,-0.0
96260,2.298939388195517,-4.042691477751096,-0.0
96270,2.326639603781868,-4.024932623746822,-0.0
96280,2.3541954389931905,-4.0069929039363,-0.0
96290,2.381605852728586,-3.98887357599093,-0.0
96300,2.408869815656055,-3.9705759012156117,-0.0
96310,2.4359863101800157,-3.9521011444341383,-0.0
96320,2.462954330407768,-3.9334505738757124,-0.0
96330,2.4897728821149165,-3.9146254610626046,-0.0
96340,2.516440982709784,-3.895627080698967,-0.0
96350,2.5429576611968328,-3.876456710560801,-0.0
96360,2.5693219581391062,-3.85711563138708,-0.0
96370,2.5955329256197253,-3.837605126772039,-0.0
96380,2.621589627202465,-3.817926483058642,-0.0
96390,2.6474911378914094,-3.798080989233222,-0.0
96400,2.673236544089735,-3.7780699368212933,-0.0
96410,2.6988249435576233,-3.7578946197845626,-0.0
96420,2.7242554453693266,-3.7375563344191067,-0.0
96430,2.7495271698694306,-3.7170563792547706,-0.0
96440,2.7746392486282936,-3.696396054955728,-0.0
96450,2.799590824396719,-3.675576664222259,-0.0
96460,2.824381051059875,-3.6545995116937258,-0.0
96470,2.8490090935904577,-3.633465903852734,-0.0
96480,2.8734741280011598,-3.612177148930523,-0.0
96490,2.897775341296423,-3.5907345568135303,-0.0
96500,2.9219119314235296,-3.569139438951192,-0.0
96510,2.9458831072230214,-3.5473931082649206,-0.0
96520,2.969688088378504,-3.5254968790583208,-0.0
96530,2.993326105365818,-3.503452066928587,-0.0
96540,3.0167963994016183,-3.4812599886791196,-0.0
96550,3.040098222391383,-3.4589219622333545,-0.0
96560,3.0632308368768597,-3.4364393065497882,-0.0
96570,3.0861935159829734,-3.413813341538217,-0.0
96580,3.108985543364229,-3.391045387977183,-0.0
96590,3.13160621315059,-3.3681367674326106,-0.0
96600,3.1540548298929085,-3.3450888021776737,-0.0
96610,3.1763307085078725,-3.3219028151138335,-0.0
96620,3.1984331742225094,-3.2985801296930912,-0.0
96630,3.220361562518291,-3.275122069841447,-0.0
96640,3.2421152190747993,-3.2515299598835257,-0.0
96650,3.2636934997130305,-3.227805124468427,-0.0
96660,3.2850957703383217,-3.2039488884967393,-0.0
96670,3.3063214068829203,-3.1799625770487556,-0.0
96680,3.3273697952482317,-3.1558475153138605,-0.0
96690,3.3482403312467457,-3.131605028521113,-0.0
96700,3.368932420543658,-3.1072364418709792,-0.0
96710,3.389445478598224,-3.0827430804682696,-0.0
96720,3.40977893060484,-3.0581262692562143,-0.0
96730,3.42993221143387,-3.033387332951711,-0.0
96740,3.4499047655722714,-3.008527595981753,-0.0
96750,3.4696960470639575,-2.9835483824209685,-0.0
96760,3.489305519450016,-2.9584510159303505,-0.0
96770,3.5087326557087093,-2.9332368196971093,-0.0
96780,3.527976938195321,-2.9079071163756662,-0.0
96790,3.5470378585818594,-2.8824632280297866,-0.0
96800,3.565914917796619,-2.8569064760758374,-0.0
96810,3.5846076259636197,-2.831238181227166,-0.0
96820,3.6031155023419545,-2.805459663439596,-0.0
96830,3.621438075265047,-2.779572241858039,-0.0
96840,3.6395748820798257,-2.7535772347642022,-0.0
96850,3.65752546908585,-2.7274759595253997,-0.0
96860,3.6752893914743927,-2.7012697325444543,-0.0
96870,3.6928662132674845,-2.674959869210683,-0.0
96880,3.710255507256956,-2.6485476838519606,-0.0
96890,3.7274568549434655,-2.622034489687857,-0.0
96900,3.7444698464755497,-2.5954215987838363,-0.0
96910,3.7612940805887027,-2.5687103220065155,-0.0
96920,3.7779291645444752,-2.5419019689799667,-0.0
96930,3.79437471406966,-2.5149978480430755,-0.0
96940,3.810630353295512,-2.487999266207919,-0.0
96950,3.8266957146970695,-2.4609075291191798,-0.0
96960,3.8425704390325497,-2.4337239410145775,-0.0
96970,3.858254175282882,-2.406449804686322,-0.0
96980,3.8737465805913027,-2.379086421443544,-0.0
96990,3.8890473202031437,-2.35163509107576,-0.0
97000,3.9041560674057068,-2.3240971118172875,-0.0
97010,3.9190725034683283,-2.2964737803126662,-0.0
97020,3.933796317582603,-2.268766391583046,-0.0
97030,3.9483272068027593,-2.2409762389935226,-0.0
97040,3.9626648759862535,-2.213104614221448,-0.0
97050,3.976809037734551,-2.1851528072256765,-0.0
97060,3.9907594123341075,-2.157122106216747,-0.0
97070,4.0045157276976,-2.1290137976280072,-0.0
97080,4.018077719305351,-2.100829166087636,-0.0
97090,4.031445130147017,-2.0725694943915935,-0.0
97100,4.044617710663543,-2.044236063477479,-0.0
97110,4.057595218689342,-2.0158301523992592,-0.0
97120,4.070377419394777,-1.9873530383028997,-0.0
97130,4.0829640852289195,-1.9588059964028721,-0.0
97140,4.0953549958625945,-1.9301902999595173,-0.0
97150,4.107549938131722,-1.90150722025727,-0.0
97160,4.119548705980983,-1.8727580265837327,-0.0
97170,4.131351100407794,-1.84394398620959,-0.0
97180,4.142956929406615,-1.815066364369345,-0.0
97190,4.15436600791359,-1.7861264242428834,-0.0
97200,4.165578157751549,-1.7571254269378453,-0.0
97210,4.176593207575338,-1.728064631472796,-0.0
97220,4.187410992817534,-1.69894529476119,-0.0
97230,4.1980313556345195,-1.6697686715961144,-0.0
97240,4.208454144852945,-1.6405360146358132,-0.0
97250,4.218679215916571,-1.6112485743899647,-0.0
97260,4.228706430833496,-1.5819075992067126,-0.0
97270,4.238535658123814,-1.5525143352604527,-0.0
97280,4.248166772767649,-1.5230700265403367,-0.0
97290,4.257599656153626,-1.4935759148395105,-0.0
97300,4.266834196027764,-1.4640332397450695,-0.0
97310,4.275870286442784,-1.434443238628706,-0.0
97320,4.284707827707878,-1.4048071466380656,-0.0
97330,4.2933467263389,-1.3751261966887813,-0.0
97340,4.301786895009021,-1.345401619457184,-0.0
97350,4.310028252499834,-1.3156346433736803,-0.0
97360,4.318070723652928,-1.2858264946167846,-0.0
97370,4.325914239321912,-1.2559783971077951,-0.0
97380,4.333558736324944,-1.2260915725061146,-0.0
97390,4.341004157397722,-1.1961672402051877,-0.0
97400,4.348250451146947,-1.1662066173290577,-0.0
97410,4.355297572004315,-1.136210918729535,-0.0
97420,4.362145480180968,-1.1061813569839536,-0.0
97430,4.368794141622471,-1.0761191423935237,-0.0
97440,4.375243527964284,-1.046025482982254,-0.0
97450,4.381493616487757,-1.015901584496447,-0.0
97460,4.387544390076617,-0.9857486504047454,-0.0
97470,4.393395837174018,-0.9555678818987332,-0.0
97480,4.399047951740083,-0.9253604778940717,-0.0
97490,4.4045007332099715,-0.8951276350321579,-0.0
97500,4.409754186452517,-0.8648705476823098,-0.0
97510,4.414808321729378,-0.8345904079444566,-0.0
97520,4.419663154654731,-0.8042884056523242,-0.0
97530,4.424318706155517,-0.7739657283771129,-0.0
97540,4.428775002432246,-0.7436235614316549,-0.0
97550,4.4330320749203365,-0.7132630878750348,-0.0
97560,4.437089960252027,-0.6828854885176774,-0.0
97570,4.440948700218856,-0.6524919419268799,-0.0
97580,4.444608341734671,-0.622083624432782,-0.0
97590,4.448068936799262,-0.5916617101347749,-0.0
97600,4.45133054246251,-0.56122737090832,-0.0
97610,4.454393220789149,-0.5307817764121854,-0.0
97620,4.457257038824074,-0.50032609409608,-0.0
97630,4.459922068558262,-0.46986148920868076,-0.0
97640,4.462388386895249,-0.4393891248060401,-0.0
97650,4.464656075618192,-0.40891016176036554,-0.0
97660,4.466725221357548,-0.37842575876916346,-0.0
97670,4.468595915559295,-0.3479370723647323,-0.0
97680,4.470268254453784,-0.31744525692400216,-0.0
97690,4.4717423390251865,-0.28695146467870736,-0.0
97700,4.47301827498149,-0.25645684572588057,-0.0
97710,4.4740961727251545,-0.2259625480386657,-0.0
97720,4.474976147324323,-0.1954697174774322,-0.0
97730,4.475658318484655,-0.1649794978011871,-0.0
97740,4.476142810521756,-0.13449303067927276,-0.0
97750,4.476429752334211,-0.10401145570334096,-0.0
97760,4.476519277377234,-0.07353591039959509,-0.0
97770,4.476411523636906,-0.04306753024128959,-0.0
97780,4.476106633605045,-0.012607448661478565,-0.0
97790,4.475604754254659,0.0178432029339967,-0.0
97800,4.474906037016046,0.04828329515328993,-0.0
97810,4.474010637753453,0.0787117006051114,-0.0
97820,4.47291871674242,0.1091272938850784,-0.0
97830,4.471630438647658,0.13952895156186287,-0.0
97840,4.4701459725016015,0.1699155521631465,-0.0
97850,4.468465491683551,0.20028597616139188,-0.0
97860,4.466589173899437,0.23063910595943923,-0.0
97870,4.464517201162184,0.26097382587593676,-0.0
97880,4.462249759772723,0.29128902213061625,-0.0
97890,4.4597870403015865,0.32158358282941923,-0.0
97900,4.457129237571149,0.3518563979494874,-0.0
97910,4.454276550638451,0.3821063593240205,-0.0
97920,4.451229182778684,0.4123323606270184,-0.0
97930,4.447987341469249,0.4425332973579073,-0.0
97940,4.444551238374452,0.47270806682606664,-0.0
97950,4.44092108933083,0.5028555681352628,-0.0
97960,4.437097114333056,0.5329747021679958,-0.0
97970,4.433079537520506,0.5630643715697744,-0.0
97980,4.4288685871643825,0.593123480733319,-0.0
97990,4.424464495655523,0.6231509357827134,-0.0
98000,4.419867499492773,0.6531456445575033,-0.0
98010,4.415077839271974,0.6831065165967528,-0.0
98020,4.410095759675591,0.713032463123075,-0.0
98030,4.404921509462934,0.7429223970266354,-0.0
98040,4.399555341460993,0.7727752328491436,-0.0
98050,4.393997512555887,0.8025898867678373,-0.0
98060,4.388248283684906,0.8323652765794705,-0.0
98070,4.382307919829194,0.8621003216843175,-0.0
98080,4.376176690007009,0.8917939430701903,-0.0
98090,4.369854867267587,0.92144506329649,-0.0
98100,4.363342728685638,0.9510526064782949,-0.0
98110,4.356640555356417,0.9806154982704945,-0.0
98120,4.349748632391409,1.0101326658519774,-0.0
98130,4.3426672489146165,1.0396030379098857,-0.0
98140,4.335396698059421,1.0690255446239343,-0.0
98150,4.327937276966083,1.098399117650819,-0.0
98160,4.320289286779796,1.1277226901087063,-0.0
98170,4.312453032649349,1.1569951965618208,-0.0
98180,4.304428823726388,1.1862155730051438,-0.0
98190,4.296216973165256,1.215382756849219,-0.0
98200,4.287817798123411,1.244495686905079,-0.0
98210,4.279231619762454,1.2735533033693125,-0.0
98220,4.27045876324971,1.3025545478092562,-0.0
98230,4.261499557760408,1.3314983631483421,-0.0
98240,4.252354336480441,1.3603836936516012,-0.0
98250,4.243023436609674,1.389209484911319,-0.0
98260,4.233507199365861,1.4179746838328788,-0.0
98270,4.22380596998911,1.4466782386207693,-0.0
98280,4.213920097746913,1.4753190987647906,-0.0
98290,4.2038499359397585,1.503896215026448,-0.0
98300,4.193595841907288,1.5324085394255573,-0.0
98310,4.183158177035018,1.5608550252270539,-0.0
98320,4.17253730676163,1.5892346269280302,-0.0
98330,4.161733600586786,1.6175463002449928,-0.0
98340,4.150747432079526,1.6457890021013624,-0.0
98350,4.139579178887182,1.67396169061521,-0.0
98360,4.1282292227448725,1.7020633250872592,-0.0
98370,4.116697949485493,1.7300928659891275,-0.0
98380,4.104985749050282,1.7580492749518548,-0.0
98390,4.093093015499901,1.7859315147546957,-0.0
98400,4.081020147026047,1.813738549314199,-0.0
98410,4.068767545963606,1.8414693436735812,-0.0
98420,4.056335618803297,1.8691228639923916,-0.0
98430,4.043724776204882,1.8966980775364957,-0.0
98440,4.030935433010842,1.924193952668358,-0.0
98450,4.017968008260612,1.9516094588376658,-0.0
98460,4.004822925205283,1.9789435665722659,-0.0
98470,3.9915006113228317,2.0061952474694467,-0.0
98480,3.978001498333846,2.0333634741875715,-0.0
98490,3.96432602221775,2.060447220438054,-0.0
98500,3.9504746232295065,2.0874454609777033,-0.0
98510,3.9364477459168175,2.1143571716014304,-0.0
98520,3.9222458391378083,2.141181329135337,-0.0
98530,3.907869356079189,2.1679169114301864,-0.0
98540,3.893318754274885,2.1945628973552607,-0.0
98550,3.878594495625138,2.2211182667926206,-0.0
98560,3.8636970464160867,2.2475820006317786,-0.0
98570,3.848626877339778,2.2739530807647674,-0.0
98580,3.833384463514663,2.3002304900816486,-0.0
98590,3.8179702845065293,2.3264132124664396,-0.0
98600,3.802384824349869,2.3525002327934725,-0.0
98610,3.786628571569717,2.378490536924217,-0.0
98620,3.770702019203883,2.4043831117045182,-0.0
98630,3.7546056648256636,2.430176944962335,-0.0
98640,3.7383400105669162,2.4558710255059024,-0.0
98650,3.721905563141624,2.481464343122403,-0.0
98660,3.7053028338698057,2.5069558885770844,-0.0
98670,3.6885323387018945,2.5323446536128973,-0.0
98680,3.671594598243465,2.557629630950593,-0.0
98690,3.6544901377803996,2.582809814289351,-0.0
98700,3.6372194873044235,2.607884198307899,-0.0
98710,3.6197831815390344,2.6328517786661543,-0.0
98720,3.6021817599657995,2.657711552007381,-0.0
98730,3.584415766851045,2.6824625159608884,-0.0
98740,3.5664857512728902,2.707103669145253,-0.0
98750,3.5483922671486665,2.731634011172092,-0.0
98760,3.530135873262668,2.7560525426503846,-0.0
98770,3.511717133294267,2.7803582651913525,-0.0
98780,3.4931366158463595,2.8045501814138967,-0.0
98790,3.4743948944741576,2.828627294950617,-0.0
98800,3.455492547714297,2.8525886104543985,-0.0
98810,3.4364301591142783,2.8764331336055893,-0.0
98820,3.4172083172622143,2.9001598711197674,-0.0
98830,3.397827615816893,2.9237678307561006,-0.0
98840,3.378288653538132,2.9472560213263197,-0.0
98850,3.3585920343174327,2.970623452704291,-0.0
98860,3.338738367208928,2.9938691358362255,-0.0
98870,3.3187282664605875,3.016992082751482,-0.0
98880,3.2985623515457174,3.0399913065740285,-0.0
98890,3.2782412471947113,3.062865821534527,-0.0
98900,3.257765583427071,3.0856146429830704,-0.0
98910,3.237135995583651,3.1082367874025487,-0.0
98920,3.2163531243591734,3.1307312724226963,-0.0
98930,3.1954176158349554,3.1530971168347848,-0.0
98940,3.1743301215118733,3.1753333406069877,-0.0
98950,3.1530912983435373,3.197438964900422,-0.0
98960,3.131701808769681,3.2194130120858677,-0.0
98970,3.110162320749743,3.241254505761172,-0.0
98980,3.088473507796653,3.2629624707693545,-0.0
98990,3.066636049010788,3.284535933217389,-0.0
99000,3.044650629114112,3.3059739204957195,-0.0
99010,3.022517938484486,3.327275461298458,-0.0
99020,3.0002386731901223,3.348439585644316,-0.0
99030,2.977813535024201,3.36946532489825,-0.0
99040,2.95524323153962,3.390351711793833,-0.0
99050,2.932528476083873,3.411097780456355,-0.0
99060,2.9096699878340577,3.4317025664266776,-0.0
99070,2.8866684918319816,3.452165106685801,-0.0
99080,2.8635247190193898,3.472484439680212,-0.0
99090,2.8402394062732705,3.4926596053479675,-0.0
99100,2.816813296441249,3.512689645145539,-0.0
99110,2.793247138377058,3.5325736020754204,-0.0
99120,2.769541686976065,3.552310520714511,-0.0
99130,2.7456977032108596,3.5718994472432586,-0.0
99140,2.721715954166882,3.591339429475597,-0.0
99150,2.6975972130780894,3.6106295168896607,-0.0
99160,2.67334225936264,3.629768760659285,-0.0
99170,2.6489518786585884,3.648756213686296,-0.0
99180,2.6244268628595906,3.6675909306336063,-0.0
99190,2.599768010150598,3.6862719679591103,-0.0
99200,2.574976125043531,3.7047983839503793,-0.0
99210,2.550052018412919,3.72316923876017,-0.0
99220,2.5249965075315117,3.741383594442755,-0.0
99230,2.499810416105823,3.7594405149910557,-0.0
99240,2.4744945743116276,3.7773390663746134,-0.0
99250,2.4490498188293723,3.795078316578382,-0.0
99260,2.423476992879499,3.812657335642334,-0.0
99270,2.397776946257687,3.830075195701934,-0.0
99280,2.3719505353699706,3.8473309710294177,-0.0
99290,2.34599862326774,3.864423738075924,-0.0
99300,2.319922079682615,3.881352575514476,-0.0
99310,2.293721781061172,3.8981165642838014,-0.0
99320,2.267398610599507,3.914714787633002,-0.0
99330,2.240953458277644,3.931146331167081,-0.0
99340,2.214387220893756,3.947410282893333,-0.0
99350,2.187700802098184,3.963505733268567,-0.0
99360,2.160895112427266,3.9794317752472215,-0.0
99370,2.1339710693369445,3.9951875043303327,-0.0
99380,2.106929597236127,4.0107720186153495,-0.0
99390,2.0797716275198277,4.0261844188468485,-0.0
99400,2.0524980986020345,4.041423808468099,-0.0
99410,2.0251099559483094,4.056489293673495,-0.0
99420,1.9976081521081186,4.071379983461894,-0.0
99430,1.9699936467468455,4.08609498969078,-0.0
99440,1.9422674066775143,4.100633427131352,-0.0
99450,1.9144304058921824,4.114994413524469,-0.0
99460,1.886483625592991,4.129177069637468,-0.0
99470,1.858428054222875,4.143180519321868,-0.0
99480,1.8302646874959119,4.1570038895719845,-0.0
99490,1.8019945284272776,4.170646310584365,-0.0
99500,1.773618587362829,4.184106915818165,-0.0
99510,1.745137882008267,4.197384842056381,-0.0
99520,1.7165534374578908,4.210479229467961,-0.0
99530,1.6878662862229126,4.2233892216708275,-0.0
99540,1.6590774682593261,4.236113965795742,-0.0
99550,1.6301880309953096,4.248652612551088,-0.0
99560,1.6011990293581582,4.261004316288519,-0.0
99570,1.5721115258007183,4.273168235069495,-0.0
99580,1.542926590327322,4.285143530732691,-0.0
99590,1.5136453005191963,4.296929368962308,-0.0
99600,1.4842687415593339,4.308524919357223,-0.0
99610,1.4547980062568229,4.319929355501056,-0.0
99620,1.425234195070606,4.331141855033106,-0.0
99630,1.3955784161326488,4.342161599720119,-0.0
99640,1.3658317852705324,4.352987775528996,-0.0
99650,1.3359954260294176,4.36361957270031,-0.0
99660,1.3060704696933907,4.37405618582273,-0.0
99670,1.276058055306167,4.3842968139082865,-0.0
99680,1.2459593296911344,4.394340660468516,-0.0
99690,1.215775447470727,4.404186933591447,-0.0
99700,1.185507571085107,4.413834846019451,-0.0
99710,1.155156870810147,4.423283615227951,-0.0
99720,1.1247245247746878,4.432532463504961,-0.0
99730,1.094211718977064,4.441580618031485,-0.0
99740,1.0636196473008794,4.450427310962763,-0.0
99750,1.0329495115300091,4.459071779510316,-0.0
99760,1.0022025213628238,4.467513266024864,-0.0
99770,0.9713798944256168,4.4757510180800555,-0.0
99780,0.9404828562852069,4.483784288556997,-0.0
99790,0.9095126404607216,4.491612335729639,-0.0
99800,0.8784704884345238,4.4992344233509325,-0.0
99810,0.8473576496622777,4.506649820739808,-0.0
99820,0.8161753815821413,4.513857802868962,-0.0
99830,0.7849249496230517,4.520857650453412,-0.0
99840,0.7536076272121086,4.527648650039854,-0.0
99850,0.722224695781023,4.534230094096787,-0.0
99860,0.6907774447716257,4.540601281105421,-0.0
99870,0.6592671716404123,4.546761515651332,-0.0
99880,0.6276951818621117,4.552710108516892,-0.0
99890,0.5960627889322632,4.55844637677443,-0.0
99900,0.56437131436878,4.563969643880138,-0.0
99910,0.5326220877124908,4.569279239768713,-0.0
99920,0.5008164465266357,4.574374500948714,-0.0
99930,0.4689557363953077,4.579254770598641,-0.0
99940,0.4370413109208142,4.583919398663707,-0.0
99950,0.40507453171995117,4.588367741953312,-0.0
99960,0.37305676841916924,4.592599164239201,-0.0
99970,0.34098939864861444,4.596613036354288,-0.0
99980,0.3088738080350318,4.600408736292154,-0.0
99990,0.27671139019351143,4.6039856493072,-0.0
